date,lat,lon,max_temp_C
2015-01-01,16.5,73.5,27.577892303466797
2015-01-01,17.5,73.5,25.906654357910156
2015-01-01,17.5,74.5,25.7962589263916
2015-01-01,17.5,75.5,26.63920783996582
2015-01-01,18.5,73.5,25.075477600097656
2015-01-01,18.5,74.5,24.909271240234375
2015-01-01,18.5,75.5,24.916723251342773
2015-01-01,18.5,76.5,26.742673873901367
2015-01-01,18.5,77.5,26.95983123779297
2015-01-01,19.5,73.5,24.861156463623047
2015-01-01,19.5,74.5,23.786008834838867
2015-01-01,19.5,75.5,23.15243148803711
2015-01-01,19.5,76.5,24.498291015625
2015-01-01,19.5,77.5,26.127119064331055
2015-01-01,19.5,80.5,26.247745513916016
2015-01-01,20.5,73.5,24.49448013305664
2015-01-01,20.5,74.5,23.526065826416016
2015-01-01,20.5,75.5,22.192102432250977
2015-01-01,20.5,76.5,21.702241897583008
2015-01-01,20.5,77.5,23.304662704467773
2015-01-01,20.5,78.5,24.1517276763916
2015-01-01,20.5,79.5,23.45674705505371
2015-01-01,20.5,80.5,22.971332550048828
2015-01-01,21.5,74.5,22.418582916259766
2015-01-01,21.5,78.5,19.840681076049805
2015-01-01,21.5,79.5,19.480918884277344
2015-01-02,16.5,73.5,28.88750457763672
2015-01-02,17.5,73.5,27.131481170654297
2015-01-02,17.5,74.5,27.096874237060547
2015-01-02,17.5,75.5,28.48788070678711
2015-01-02,18.5,73.5,26.117046356201172
2015-01-02,18.5,74.5,26.081579208374023
2015-01-02,18.5,75.5,26.796510696411133
2015-01-02,18.5,76.5,27.258420944213867
2015-01-02,18.5,77.5,28.931440353393555
2015-01-02,19.5,73.5,25.82526397705078
2015-01-02,19.5,74.5,24.768400192260742
2015-01-02,19.5,75.5,23.773178100585938
2015-01-02,19.5,76.5,24.744091033935547
2015-01-02,19.5,77.5,25.90847396850586
2015-01-02,19.5,80.5,27.09723663330078
2015-01-02,20.5,73.5,25.11349868774414
2015-01-02,20.5,74.5,24.080801010131836
2015-01-02,20.5,75.5,22.474246978759766
2015-01-02,20.5,76.5,22.002117156982422
2015-01-02,20.5,77.5,22.75355339050293
2015-01-02,20.5,78.5,24.370315551757812
2015-01-02,20.5,79.5,24.547788619995117
2015-01-02,20.5,80.5,25.2547664642334
2015-01-02,21.5,74.5,22.471960067749023
2015-01-02,21.5,78.5,20.55572509765625
2015-01-02,21.5,79.5,21.096019744873047
2015-01-03,16.5,73.5,29.817415237426758
2015-01-03,17.5,73.5,28.278263092041016
2015-01-03,17.5,74.5,28.309326171875
2015-01-03,17.5,75.5,29.345542907714844
2015-01-03,18.5,73.5,27.08315086364746
2015-01-03,18.5,74.5,27.216102600097656
2015-01-03,18.5,75.5,27.615251541137695
2015-01-03,18.5,76.5,27.660110473632812
2015-01-03,18.5,77.5,28.154293060302734
2015-01-03,19.5,73.5,26.601787567138672
2015-01-03,19.5,74.5,25.60146713256836
2015-01-03,19.5,75.5,24.58147621154785
2015-01-03,19.5,76.5,25.09672737121582
2015-01-03,19.5,77.5,25.67708969116211
2015-01-03,19.5,80.5,26.909658432006836
2015-01-03,20.5,73.5,26.069358825683594
2015-01-03,20.5,74.5,24.978641510009766
2015-01-03,20.5,75.5,23.512340545654297
2015-01-03,20.5,76.5,23.141721725463867
2015-01-03,20.5,77.5,23.438894271850586
2015-01-03,20.5,78.5,24.597759246826172
2015-01-03,20.5,79.5,24.240190505981445
2015-01-03,20.5,80.5,25.60947608947754
2015-01-03,21.5,74.5,24.15033531188965
2015-01-03,21.5,78.5,21.69055938720703
2015-01-03,21.5,79.5,22.253223419189453
2015-01-04,16.5,73.5,29.728513717651367
2015-01-04,17.5,73.5,28.487607955932617
2015-01-04,17.5,74.5,28.432397842407227
2015-01-04,17.5,75.5,28.31249237060547
2015-01-04,18.5,73.5,27.927459716796875
2015-01-04,18.5,74.5,27.628822326660156
2015-01-04,18.5,75.5,26.97506332397461
2015-01-04,18.5,76.5,27.88310432434082
2015-01-04,18.5,77.5,27.855051040649414
2015-01-04,19.5,73.5,28.02603530883789
2015-01-04,19.5,74.5,26.919296264648438
2015-01-04,19.5,75.5,25.967910766601562
2015-01-04,19.5,76.5,26.090652465820312
2015-01-04,19.5,77.5,26.760196685791016
2015-01-04,19.5,80.5,27.072612762451172
2015-01-04,20.5,73.5,27.705711364746094
2015-01-04,20.5,74.5,26.582624435424805
2015-01-04,20.5,75.5,25.04603385925293
2015-01-04,20.5,76.5,24.629581451416016
2015-01-04,20.5,77.5,25.371137619018555
2015-01-04,20.5,78.5,25.828983306884766
2015-01-04,20.5,79.5,25.57158088684082
2015-01-04,20.5,80.5,26.074296951293945
2015-01-04,21.5,74.5,25.772537231445312
2015-01-04,21.5,78.5,23.09259796142578
2015-01-04,21.5,79.5,23.3466854095459
2015-01-05,16.5,73.5,30.811216354370117
2015-01-05,17.5,73.5,29.602678298950195
2015-01-05,17.5,74.5,29.42409324645996
2015-01-05,17.5,75.5,29.337886810302734
2015-01-05,18.5,73.5,29.24423599243164
2015-01-05,18.5,74.5,28.799476623535156
2015-01-05,18.5,75.5,28.338764190673828
2015-01-05,18.5,76.5,28.9208984375
2015-01-05,18.5,77.5,28.503202438354492
2015-01-05,19.5,73.5,29.261817932128906
2015-01-05,19.5,74.5,28.40395736694336
2015-01-05,19.5,75.5,27.034343719482422
2015-01-05,19.5,76.5,27.163116455078125
2015-01-05,19.5,77.5,28.02050018310547
2015-01-05,19.5,80.5,27.354108810424805
2015-01-05,20.5,73.5,28.60015106201172
2015-01-05,20.5,74.5,27.427059173583984
2015-01-05,20.5,75.5,25.511648178100586
2015-01-05,20.5,76.5,25.450462341308594
2015-01-05,20.5,77.5,25.515064239501953
2015-01-05,20.5,78.5,25.848115921020508
2015-01-05,20.5,79.5,25.361549377441406
2015-01-05,20.5,80.5,25.27533721923828
2015-01-05,21.5,74.5,26.449493408203125
2015-01-05,21.5,78.5,22.994728088378906
2015-01-05,21.5,79.5,22.984834671020508
2015-01-06,16.5,73.5,30.95219612121582
2015-01-06,17.5,73.5,29.772130966186523
2015-01-06,17.5,74.5,29.586294174194336
2015-01-06,17.5,75.5,29.964244842529297
2015-01-06,18.5,73.5,29.401805877685547
2015-01-06,18.5,74.5,29.230443954467773
2015-01-06,18.5,75.5,29.336179733276367
2015-01-06,18.5,76.5,29.60516357421875
2015-01-06,18.5,77.5,29.172632217407227
2015-01-06,19.5,73.5,29.34972381591797
2015-01-06,19.5,74.5,28.860132217407227
2015-01-06,19.5,75.5,28.026716232299805
2015-01-06,19.5,76.5,27.98147964477539
2015-01-06,19.5,77.5,28.808042526245117
2015-01-06,19.5,80.5,28.12392807006836
2015-01-06,20.5,73.5,28.96971893310547
2015-01-06,20.5,74.5,27.90271759033203
2015-01-06,20.5,75.5,26.9974422454834
2015-01-06,20.5,76.5,26.931903839111328
2015-01-06,20.5,77.5,27.100574493408203
2015-01-06,20.5,78.5,27.194698333740234
2015-01-06,20.5,79.5,26.916961669921875
2015-01-06,20.5,80.5,27.142915725708008
2015-01-06,21.5,74.5,27.545475006103516
2015-01-06,21.5,78.5,25.411968231201172
2015-01-06,21.5,79.5,25.771570205688477
2015-01-07,16.5,73.5,31.296955108642578
2015-01-07,17.5,73.5,29.808996200561523
2015-01-07,17.5,74.5,30.004453659057617
2015-01-07,17.5,75.5,30.9478816986084
2015-01-07,18.5,73.5,29.071619033813477
2015-01-07,18.5,74.5,29.335941314697266
2015-01-07,18.5,75.5,30.095779418945312
2015-01-07,18.5,76.5,30.21967124938965
2015-01-07,18.5,77.5,29.81052017211914
2015-01-07,19.5,73.5,29.11455535888672
2015-01-07,19.5,74.5,28.80318260192871
2015-01-07,19.5,75.5,29.054370880126953
2015-01-07,19.5,76.5,29.14002227783203
2015-01-07,19.5,77.5,29.178577423095703
2015-01-07,19.5,80.5,27.959108352661133
2015-01-07,20.5,73.5,28.8809871673584
2015-01-07,20.5,74.5,28.237808227539062
2015-01-07,20.5,75.5,27.934621810913086
2015-01-07,20.5,76.5,27.81485939025879
2015-01-07,20.5,77.5,27.485746383666992
2015-01-07,20.5,78.5,28.021488189697266
2015-01-07,20.5,79.5,27.155288696289062
2015-01-07,20.5,80.5,27.148000717163086
2015-01-07,21.5,74.5,27.490888595581055
2015-01-07,21.5,78.5,25.541093826293945
2015-01-07,21.5,79.5,25.90532684326172
2015-01-08,16.5,73.5,30.764205932617188
2015-01-08,17.5,73.5,29.506879806518555
2015-01-08,17.5,74.5,29.525070190429688
2015-01-08,17.5,75.5,30.402618408203125
2015-01-08,18.5,73.5,28.952333450317383
2015-01-08,18.5,74.5,29.078527450561523
2015-01-08,18.5,75.5,29.293664932250977
2015-01-08,18.5,76.5,29.404603958129883
2015-01-08,18.5,77.5,29.504301071166992
2015-01-08,19.5,73.5,29.275480270385742
2015-01-08,19.5,74.5,28.57711410522461
2015-01-08,19.5,75.5,28.27025604248047
2015-01-08,19.5,76.5,28.39862060546875
2015-01-08,19.5,77.5,28.565866470336914
2015-01-08,19.5,80.5,27.350025177001953
2015-01-08,20.5,73.5,28.923917770385742
2015-01-08,20.5,74.5,28.260272979736328
2015-01-08,20.5,75.5,27.447803497314453
2015-01-08,20.5,76.5,27.1874942779541
2015-01-08,20.5,77.5,27.32500457763672
2015-01-08,20.5,78.5,27.220703125
2015-01-08,20.5,79.5,26.39624786376953
2015-01-08,20.5,80.5,26.15911293029785
2015-01-08,21.5,74.5,27.91704750061035
2015-01-08,21.5,78.5,24.717571258544922
2015-01-08,21.5,79.5,24.740102767944336
2015-01-09,16.5,73.5,31.170860290527344
2015-01-09,17.5,73.5,30.070344924926758
2015-01-09,17.5,74.5,29.870107650756836
2015-01-09,17.5,75.5,29.970247268676758
2015-01-09,18.5,73.5,29.965036392211914
2015-01-09,18.5,74.5,29.59832191467285
2015-01-09,18.5,75.5,29.282934188842773
2015-01-09,18.5,76.5,29.219022750854492
2015-01-09,18.5,77.5,28.799293518066406
2015-01-09,19.5,73.5,29.932924270629883
2015-01-09,19.5,74.5,29.4913330078125
2015-01-09,19.5,75.5,28.358177185058594
2015-01-09,19.5,76.5,28.35367202758789
2015-01-09,19.5,77.5,28.139421463012695
2015-01-09,19.5,80.5,26.615999221801758
2015-01-09,20.5,73.5,29.79098129272461
2015-01-09,20.5,74.5,28.75128936767578
2015-01-09,20.5,75.5,27.431602478027344
2015-01-09,20.5,76.5,27.381826400756836
2015-01-09,20.5,77.5,27.036067962646484
2015-01-09,20.5,78.5,27.043380737304688
2015-01-09,20.5,79.5,25.95810890197754
2015-01-09,20.5,80.5,25.608230590820312
2015-01-09,21.5,74.5,28.68260383605957
2015-01-09,21.5,78.5,24.86935806274414
2015-01-09,21.5,79.5,24.751310348510742
2015-01-10,16.5,73.5,31.53272247314453
2015-01-10,17.5,73.5,30.529613494873047
2015-01-10,17.5,74.5,30.55666160583496
2015-01-10,17.5,75.5,30.33657455444336
2015-01-10,18.5,73.5,30.56531524658203
2015-01-10,18.5,74.5,30.06920623779297
2015-01-10,18.5,75.5,29.582408905029297
2015-01-10,18.5,76.5,29.71468162536621
2015-01-10,18.5,77.5,29.656909942626953
2015-01-10,19.5,73.5,30.563329696655273
2015-01-10,19.5,74.5,29.867639541625977
2015-01-10,19.5,75.5,28.707979202270508
2015-01-10,19.5,76.5,29.024682998657227
2015-01-10,19.5,77.5,28.806547164916992
2015-01-10,19.5,80.5,27.471996307373047
2015-01-10,20.5,73.5,29.851346969604492
2015-01-10,20.5,74.5,29.237558364868164
2015-01-10,20.5,75.5,27.970369338989258
2015-01-10,20.5,76.5,27.855913162231445
2015-01-10,20.5,77.5,27.745201110839844
2015-01-10,20.5,78.5,27.86185646057129
2015-01-10,20.5,79.5,26.82793426513672
2015-01-10,20.5,80.5,26.644203186035156
2015-01-10,21.5,74.5,28.3979434967041
2015-01-10,21.5,78.5,25.591968536376953
2015-01-10,21.5,79.5,25.594614028930664
2015-01-11,16.5,73.5,30.896921157836914
2015-01-11,17.5,73.5,29.69778823852539
2015-01-11,17.5,74.5,29.787059783935547
2015-01-11,17.5,75.5,30.430091857910156
2015-01-11,18.5,73.5,29.52909278869629
2015-01-11,18.5,74.5,29.38347625732422
2015-01-11,18.5,75.5,29.70223045349121
2015-01-11,18.5,76.5,29.418773651123047
2015-01-11,18.5,77.5,29.076791763305664
2015-01-11,19.5,73.5,29.689119338989258
2015-01-11,19.5,74.5,29.297927856445312
2015-01-11,19.5,75.5,29.127777099609375
2015-01-11,19.5,76.5,29.020097732543945
2015-01-11,19.5,77.5,29.061004638671875
2015-01-11,19.5,80.5,27.18684959411621
2015-01-11,20.5,73.5,29.76687240600586
2015-01-11,20.5,74.5,28.819677352905273
2015-01-11,20.5,75.5,28.165620803833008
2015-01-11,20.5,76.5,27.99867057800293
2015-01-11,20.5,77.5,27.93185043334961
2015-01-11,20.5,78.5,27.870586395263672
2015-01-11,20.5,79.5,26.914508819580078
2015-01-11,20.5,80.5,26.81690216064453
2015-01-11,21.5,74.5,28.90513038635254
2015-01-11,21.5,78.5,26.06366729736328
2015-01-11,21.5,79.5,26.179119110107422
2015-01-12,16.5,73.5,31.146215438842773
2015-01-12,17.5,73.5,30.27650260925293
2015-01-12,17.5,74.5,30.294431686401367
2015-01-12,17.5,75.5,30.263307571411133
2015-01-12,18.5,73.5,30.289316177368164
2015-01-12,18.5,74.5,30.3107852935791
2015-01-12,18.5,75.5,29.956621170043945
2015-01-12,18.5,76.5,30.28228759765625
2015-01-12,18.5,77.5,29.90086555480957
2015-01-12,19.5,73.5,30.366207122802734
2015-01-12,19.5,74.5,30.169395446777344
2015-01-12,19.5,75.5,29.589834213256836
2015-01-12,19.5,76.5,30.0135555267334
2015-01-12,19.5,77.5,29.869014739990234
2015-01-12,19.5,80.5,27.68924331665039
2015-01-12,20.5,73.5,30.290416717529297
2015-01-12,20.5,74.5,29.732027053833008
2015-01-12,20.5,75.5,29.164539337158203
2015-01-12,20.5,76.5,29.06937599182129
2015-01-12,20.5,77.5,28.912681579589844
2015-01-12,20.5,78.5,28.681339263916016
2015-01-12,20.5,79.5,27.47663688659668
2015-01-12,20.5,80.5,27.062461853027344
2015-01-12,21.5,74.5,29.513513565063477
2015-01-12,21.5,78.5,26.441997528076172
2015-01-12,21.5,79.5,26.097978591918945
2015-01-13,16.5,73.5,31.11719512939453
2015-01-13,17.5,73.5,30.547657012939453
2015-01-13,17.5,74.5,30.6298770904541
2015-01-13,17.5,75.5,30.83970832824707
2015-01-13,18.5,73.5,30.658504486083984
2015-01-13,18.5,74.5,30.600494384765625
2015-01-13,18.5,75.5,30.473291397094727
2015-01-13,18.5,76.5,30.59334945678711
2015-01-13,18.5,77.5,29.644800186157227
2015-01-13,19.5,73.5,30.80187225341797
2015-01-13,19.5,74.5,30.700803756713867
2015-01-13,19.5,75.5,30.21384620666504
2015-01-13,19.5,76.5,30.199520111083984
2015-01-13,19.5,77.5,29.49315071105957
2015-01-13,19.5,80.5,27.52903938293457
2015-01-13,20.5,73.5,30.095430374145508
2015-01-13,20.5,74.5,29.90835189819336
2015-01-13,20.5,75.5,29.304563522338867
2015-01-13,20.5,76.5,29.3387393951416
2015-01-13,20.5,77.5,28.993026733398438
2015-01-13,20.5,78.5,28.972774505615234
2015-01-13,20.5,79.5,27.12645721435547
2015-01-13,20.5,80.5,26.393512725830078
2015-01-13,21.5,74.5,29.092615127563477
2015-01-13,21.5,78.5,26.03347396850586
2015-01-13,21.5,79.5,25.190265655517578
2015-01-14,16.5,73.5,31.11509895324707
2015-01-14,17.5,73.5,30.020795822143555
2015-01-14,17.5,74.5,30.585681915283203
2015-01-14,17.5,75.5,31.022218704223633
2015-01-14,18.5,73.5,29.824182510375977
2015-01-14,18.5,74.5,30.034250259399414
2015-01-14,18.5,75.5,30.822416305541992
2015-01-14,18.5,76.5,30.779645919799805
2015-01-14,18.5,77.5,30.32249641418457
2015-01-14,19.5,73.5,29.844486236572266
2015-01-14,19.5,74.5,29.994890213012695
2015-01-14,19.5,75.5,30.308778762817383
2015-01-14,19.5,76.5,30.20275115966797
2015-01-14,19.5,77.5,29.900421142578125
2015-01-14,19.5,80.5,28.25385856628418
2015-01-14,20.5,73.5,29.12911033630371
2015-01-14,20.5,74.5,29.599510192871094
2015-01-14,20.5,75.5,29.73749351501465
2015-01-14,20.5,76.5,29.68037223815918
2015-01-14,20.5,77.5,29.089168548583984
2015-01-14,20.5,78.5,29.290828704833984
2015-01-14,20.5,79.5,28.074539184570312
2015-01-14,20.5,80.5,27.795618057250977
2015-01-14,21.5,74.5,28.996662139892578
2015-01-14,21.5,78.5,27.174795150756836
2015-01-14,21.5,79.5,26.961809158325195
2015-01-15,16.5,73.5,29.994152069091797
2015-01-15,17.5,73.5,28.886333465576172
2015-01-15,17.5,74.5,29.050277709960938
2015-01-15,17.5,75.5,30.024330139160156
2015-01-15,18.5,73.5,28.68977165222168
2015-01-15,18.5,74.5,28.871620178222656
2015-01-15,18.5,75.5,29.521074295043945
2015-01-15,18.5,76.5,29.891399383544922
2015-01-15,18.5,77.5,29.340084075927734
2015-01-15,19.5,73.5,29.189697265625
2015-01-15,19.5,74.5,28.838470458984375
2015-01-15,19.5,75.5,29.415809631347656
2015-01-15,19.5,76.5,29.238290786743164
2015-01-15,19.5,77.5,29.270469665527344
2015-01-15,19.5,80.5,27.89671516418457
2015-01-15,20.5,73.5,28.902193069458008
2015-01-15,20.5,74.5,28.99656867980957
2015-01-15,20.5,75.5,28.695619583129883
2015-01-15,20.5,76.5,28.54174041748047
2015-01-15,20.5,77.5,28.657386779785156
2015-01-15,20.5,78.5,28.83735466003418
2015-01-15,20.5,79.5,28.02210807800293
2015-01-15,20.5,80.5,27.78404998779297
2015-01-15,21.5,74.5,28.375898361206055
2015-01-15,21.5,78.5,26.691667556762695
2015-01-15,21.5,79.5,27.022287368774414
2015-01-16,16.5,73.5,31.21750831604004
2015-01-16,17.5,73.5,30.113929748535156
2015-01-16,17.5,74.5,30.465150833129883
2015-01-16,17.5,75.5,30.53667640686035
2015-01-16,18.5,73.5,29.489517211914062
2015-01-16,18.5,74.5,29.953594207763672
2015-01-16,18.5,75.5,30.255210876464844
2015-01-16,18.5,76.5,30.489032745361328
2015-01-16,18.5,77.5,30.111398696899414
2015-01-16,19.5,73.5,29.46235466003418
2015-01-16,19.5,74.5,29.65824317932129
2015-01-16,19.5,75.5,29.591947555541992
2015-01-16,19.5,76.5,29.622167587280273
2015-01-16,19.5,77.5,29.577077865600586
2015-01-16,19.5,80.5,28.750152587890625
2015-01-16,20.5,73.5,28.551359176635742
2015-01-16,20.5,74.5,29.058347702026367
2015-01-16,20.5,75.5,28.63800048828125
2015-01-16,20.5,76.5,28.7828426361084
2015-01-16,20.5,77.5,28.55029296875
2015-01-16,20.5,78.5,28.956741333007812
2015-01-16,20.5,79.5,27.606000900268555
2015-01-16,20.5,80.5,27.76945686340332
2015-01-16,21.5,74.5,27.611581802368164
2015-01-16,21.5,78.5,26.069873809814453
2015-01-16,21.5,79.5,26.10279655456543
2015-01-17,16.5,73.5,31.286697387695312
2015-01-17,17.5,73.5,30.27458953857422
2015-01-17,17.5,74.5,30.485313415527344
2015-01-17,17.5,75.5,30.914087295532227
2015-01-17,18.5,73.5,29.890338897705078
2015-01-17,18.5,74.5,29.854053497314453
2015-01-17,18.5,75.5,29.850324630737305
2015-01-17,18.5,76.5,29.793699264526367
2015-01-17,18.5,77.5,29.287906646728516
2015-01-17,19.5,73.5,29.81673812866211
2015-01-17,19.5,74.5,29.40738296508789
2015-01-17,19.5,75.5,28.47757911682129
2015-01-17,19.5,76.5,28.650798797607422
2015-01-17,19.5,77.5,28.83271598815918
2015-01-17,19.5,80.5,27.57461166381836
2015-01-17,20.5,73.5,28.753395080566406
2015-01-17,20.5,74.5,28.85955810546875
2015-01-17,20.5,75.5,27.431350708007812
2015-01-17,20.5,76.5,27.21397590637207
2015-01-17,20.5,77.5,27.433130264282227
2015-01-17,20.5,78.5,27.529216766357422
2015-01-17,20.5,79.5,26.267505645751953
2015-01-17,20.5,80.5,25.852148056030273
2015-01-17,21.5,74.5,27.089540481567383
2015-01-17,21.5,78.5,24.27899742126465
2015-01-17,21.5,79.5,23.610034942626953
2015-01-18,16.5,73.5,31.79567527770996
2015-01-18,17.5,73.5,30.68646240234375
2015-01-18,17.5,74.5,30.822114944458008
2015-01-18,17.5,75.5,31.489810943603516
2015-01-18,18.5,73.5,30.08658790588379
2015-01-18,18.5,74.5,30.16306495666504
2015-01-18,18.5,75.5,30.295879364013672
2015-01-18,18.5,76.5,30.4197998046875
2015-01-18,18.5,77.5,30.05158233642578
2015-01-18,19.5,73.5,29.880897521972656
2015-01-18,19.5,74.5,29.267183303833008
2015-01-18,19.5,75.5,28.93932342529297
2015-01-18,19.5,76.5,29.19904327392578
2015-01-18,19.5,77.5,29.10018539428711
2015-01-18,19.5,80.5,27.217187881469727
2015-01-18,20.5,73.5,28.916278839111328
2015-01-18,20.5,74.5,28.756410598754883
2015-01-18,20.5,75.5,27.634159088134766
2015-01-18,20.5,76.5,27.41559600830078
2015-01-18,20.5,77.5,27.673114776611328
2015-01-18,20.5,78.5,27.57625961303711
2015-01-18,20.5,79.5,26.362993240356445
2015-01-18,20.5,80.5,25.916452407836914
2015-01-18,21.5,74.5,27.342329025268555
2015-01-18,21.5,78.5,24.682544708251953
2015-01-18,21.5,79.5,24.268564224243164
2015-01-19,16.5,73.5,31.14507293701172
2015-01-19,17.5,73.5,30.0114688873291
2015-01-19,17.5,74.5,30.310842514038086
2015-01-19,17.5,75.5,31.48046875
2015-01-19,18.5,73.5,29.457794189453125
2015-01-19,18.5,74.5,29.635643005371094
2015-01-19,18.5,75.5,30.67515754699707
2015-01-19,18.5,76.5,30.482227325439453
2015-01-19,18.5,77.5,29.785139083862305
2015-01-19,19.5,73.5,29.285228729248047
2015-01-19,19.5,74.5,29.260780334472656
2015-01-19,19.5,75.5,29.802860260009766
2015-01-19,19.5,76.5,29.520706176757812
2015-01-19,19.5,77.5,29.239994049072266
2015-01-19,19.5,80.5,27.53643798828125
2015-01-19,20.5,73.5,29.046504974365234
2015-01-19,20.5,74.5,29.093658447265625
2015-01-19,20.5,75.5,28.38436508178711
2015-01-19,20.5,76.5,28.096256256103516
2015-01-19,20.5,77.5,28.333723068237305
2015-01-19,20.5,78.5,28.181678771972656
2015-01-19,20.5,79.5,26.933475494384766
2015-01-19,20.5,80.5,26.657262802124023
2015-01-19,21.5,74.5,28.301382064819336
2015-01-19,21.5,78.5,25.37721824645996
2015-01-19,21.5,79.5,25.39069366455078
2015-01-20,16.5,73.5,30.745813369750977
2015-01-20,17.5,73.5,29.627016067504883
2015-01-20,17.5,74.5,29.871761322021484
2015-01-20,17.5,75.5,30.738243103027344
2015-01-20,18.5,73.5,29.026073455810547
2015-01-20,18.5,74.5,29.341373443603516
2015-01-20,18.5,75.5,29.73249053955078
2015-01-20,18.5,76.5,30.229101181030273
2015-01-20,18.5,77.5,29.852502822875977
2015-01-20,19.5,73.5,28.72251319885254
2015-01-20,19.5,74.5,28.682144165039062
2015-01-20,19.5,75.5,28.858417510986328
2015-01-20,19.5,76.5,29.358205795288086
2015-01-20,19.5,77.5,29.0599365234375
2015-01-20,19.5,80.5,27.4094295501709
2015-01-20,20.5,73.5,28.561504364013672
2015-01-20,20.5,74.5,28.273313522338867
2015-01-20,20.5,75.5,28.150449752807617
2015-01-20,20.5,76.5,28.153881072998047
2015-01-20,20.5,77.5,28.092609405517578
2015-01-20,20.5,78.5,28.399967193603516
2015-01-20,20.5,79.5,27.42681884765625
2015-01-20,20.5,80.5,27.32967185974121
2015-01-20,21.5,74.5,28.222545623779297
2015-01-20,21.5,78.5,26.089601516723633
2015-01-20,21.5,79.5,26.330703735351562
2015-01-21,16.5,73.5,31.055875778198242
2015-01-21,17.5,73.5,29.67323875427246
2015-01-21,17.5,74.5,30.08514404296875
2015-01-21,17.5,75.5,30.751253128051758
2015-01-21,18.5,73.5,29.322830200195312
2015-01-21,18.5,74.5,29.509302139282227
2015-01-21,18.5,75.5,30.223356246948242
2015-01-21,18.5,76.5,30.19282341003418
2015-01-21,18.5,77.5,29.550355911254883
2015-01-21,19.5,73.5,29.428247451782227
2015-01-21,19.5,74.5,29.796480178833008
2015-01-21,19.5,75.5,29.83576774597168
2015-01-21,19.5,76.5,29.68962287902832
2015-01-21,19.5,77.5,29.443628311157227
2015-01-21,19.5,80.5,27.335758209228516
2015-01-21,20.5,73.5,29.166393280029297
2015-01-21,20.5,74.5,29.463790893554688
2015-01-21,20.5,75.5,29.141069412231445
2015-01-21,20.5,76.5,29.143404006958008
2015-01-21,20.5,77.5,29.098854064941406
2015-01-21,20.5,78.5,28.915788650512695
2015-01-21,20.5,79.5,27.888383865356445
2015-01-21,20.5,80.5,27.659914016723633
2015-01-21,21.5,74.5,28.966899871826172
2015-01-21,21.5,78.5,27.207435607910156
2015-01-21,21.5,79.5,27.293811798095703
2015-01-22,16.5,73.5,30.66189193725586
2015-01-22,17.5,73.5,29.424104690551758
2015-01-22,17.5,74.5,29.902368545532227
2015-01-22,17.5,75.5,30.725528717041016
2015-01-22,18.5,73.5,28.714786529541016
2015-01-22,18.5,74.5,29.43361473083496
2015-01-22,18.5,75.5,30.288414001464844
2015-01-22,18.5,76.5,30.570585250854492
2015-01-22,18.5,77.5,30.42564582824707
2015-01-22,19.5,73.5,28.544837951660156
2015-01-22,19.5,74.5,29.162073135375977
2015-01-22,19.5,75.5,29.462718963623047
2015-01-22,19.5,76.5,29.870256423950195
2015-01-22,19.5,77.5,29.719772338867188
2015-01-22,19.5,80.5,28.50082015991211
2015-01-22,20.5,73.5,27.882978439331055
2015-01-22,20.5,74.5,28.389699935913086
2015-01-22,20.5,75.5,28.451379776000977
2015-01-22,20.5,76.5,28.873090744018555
2015-01-22,20.5,77.5,28.799047470092773
2015-01-22,20.5,78.5,29.29376983642578
2015-01-22,20.5,79.5,28.357990264892578
2015-01-22,20.5,80.5,28.321945190429688
2015-01-22,21.5,74.5,27.06684684753418
2015-01-22,21.5,78.5,26.770448684692383
2015-01-22,21.5,79.5,26.45838737487793
2015-01-23,16.5,73.5,30.093473434448242
2015-01-23,17.5,73.5,28.253807067871094
2015-01-23,17.5,74.5,28.739425659179688
2015-01-23,17.5,75.5,30.079452514648438
2015-01-23,18.5,73.5,27.590896606445312
2015-01-23,18.5,74.5,28.2204647064209
2015-01-23,18.5,75.5,29.49943733215332
2015-01-23,18.5,76.5,30.181055068969727
2015-01-23,18.5,77.5,30.6455135345459
2015-01-23,19.5,73.5,27.92145347595215
2015-01-23,19.5,74.5,27.884864807128906
2015-01-23,19.5,75.5,28.538496017456055
2015-01-23,19.5,76.5,29.485456466674805
2015-01-23,19.5,77.5,30.17156982421875
2015-01-23,19.5,80.5,28.838165283203125
2015-01-23,20.5,73.5,27.460176467895508
2015-01-23,20.5,74.5,27.73741912841797
2015-01-23,20.5,75.5,27.858293533325195
2015-01-23,20.5,76.5,28.201557159423828
2015-01-23,20.5,77.5,28.817468643188477
2015-01-23,20.5,78.5,29.402606964111328
2015-01-23,20.5,79.5,27.871538162231445
2015-01-23,20.5,80.5,27.2059268951416
2015-01-23,21.5,74.5,27.006444931030273
2015-01-23,21.5,78.5,25.692049026489258
2015-01-23,21.5,79.5,24.819231033325195
2015-01-24,16.5,73.5,30.922677993774414
2015-01-24,17.5,73.5,29.785945892333984
2015-01-24,17.5,74.5,30.043474197387695
2015-01-24,17.5,75.5,31.304931640625
2015-01-24,18.5,73.5,29.42960548400879
2015-01-24,18.5,74.5,29.901371002197266
2015-01-24,18.5,75.5,30.995725631713867
2015-01-24,18.5,76.5,31.555856704711914
2015-01-24,18.5,77.5,31.44305992126465
2015-01-24,19.5,73.5,29.254493713378906
2015-01-24,19.5,74.5,29.91623306274414
2015-01-24,19.5,75.5,29.865726470947266
2015-01-24,19.5,76.5,30.883201599121094
2015-01-24,19.5,77.5,30.806039810180664
2015-01-24,19.5,80.5,29.0882568359375
2015-01-24,20.5,73.5,28.350048065185547
2015-01-24,20.5,74.5,28.582338333129883
2015-01-24,20.5,75.5,28.90829086303711
2015-01-24,20.5,76.5,28.824491500854492
2015-01-24,20.5,77.5,29.11811637878418
2015-01-24,20.5,78.5,29.92552375793457
2015-01-24,20.5,79.5,27.880151748657227
2015-01-24,20.5,80.5,27.45263671875
2015-01-24,21.5,74.5,26.482282638549805
2015-01-24,21.5,78.5,25.0839900970459
2015-01-24,21.5,79.5,25.004756927490234
2015-01-25,16.5,73.5,31.6666316986084
2015-01-25,17.5,73.5,30.43501853942871
2015-01-25,17.5,74.5,30.6783390045166
2015-01-25,17.5,75.5,31.79981231689453
2015-01-25,18.5,73.5,29.604902267456055
2015-01-25,18.5,74.5,30.001399993896484
2015-01-25,18.5,75.5,31.430419921875
2015-01-25,18.5,76.5,32.10593032836914
2015-01-25,18.5,77.5,31.749860763549805
2015-01-25,19.5,73.5,29.13900375366211
2015-01-25,19.5,74.5,30.167190551757812
2015-01-25,19.5,75.5,30.841339111328125
2015-01-25,19.5,76.5,31.67679786682129
2015-01-25,19.5,77.5,31.860450744628906
2015-01-25,19.5,80.5,30.062923431396484
2015-01-25,20.5,73.5,28.30124282836914
2015-01-25,20.5,74.5,28.914579391479492
2015-01-25,20.5,75.5,29.51936912536621
2015-01-25,20.5,76.5,30.06663703918457
2015-01-25,20.5,77.5,30.73659324645996
2015-01-25,20.5,78.5,31.017070770263672
2015-01-25,20.5,79.5,29.13175392150879
2015-01-25,20.5,80.5,29.01728630065918
2015-01-25,21.5,74.5,27.268442153930664
2015-01-25,21.5,78.5,26.886262893676758
2015-01-25,21.5,79.5,26.422962188720703
2015-01-26,16.5,73.5,31.054874420166016
2015-01-26,17.5,73.5,29.658100128173828
2015-01-26,17.5,74.5,29.795713424682617
2015-01-26,17.5,75.5,31.283885955810547
2015-01-26,18.5,73.5,28.813112258911133
2015-01-26,18.5,74.5,29.379396438598633
2015-01-26,18.5,75.5,30.821611404418945
2015-01-26,18.5,76.5,31.084335327148438
2015-01-26,18.5,77.5,31.08678436279297
2015-01-26,19.5,73.5,28.415019989013672
2015-01-26,19.5,74.5,29.03493881225586
2015-01-26,19.5,75.5,29.036102294921875
2015-01-26,19.5,76.5,30.207378387451172
2015-01-26,19.5,77.5,30.890850067138672
2015-01-26,19.5,80.5,29.536596298217773
2015-01-26,20.5,73.5,27.293210983276367
2015-01-26,20.5,74.5,27.641462326049805
2015-01-26,20.5,75.5,28.280454635620117
2015-01-26,20.5,76.5,28.306676864624023
2015-01-26,20.5,77.5,29.03641700744629
2015-01-26,20.5,78.5,30.01779556274414
2015-01-26,20.5,79.5,28.798376083374023
2015-01-26,20.5,80.5,28.981916427612305
2015-01-26,21.5,74.5,26.078937530517578
2015-01-26,21.5,78.5,26.302431106567383
2015-01-26,21.5,79.5,27.081239700317383
2015-01-27,16.5,73.5,31.001256942749023
2015-01-27,17.5,73.5,29.62440299987793
2015-01-27,17.5,74.5,29.98895263671875
2015-01-27,17.5,75.5,31.709827423095703
2015-01-27,18.5,73.5,28.626813888549805
2015-01-27,18.5,74.5,29.496124267578125
2015-01-27,18.5,75.5,31.504865646362305
2015-01-27,18.5,76.5,31.827816009521484
2015-01-27,18.5,77.5,31.536409378051758
2015-01-27,19.5,73.5,28.201616287231445
2015-01-27,19.5,74.5,29.14840316772461
2015-01-27,19.5,75.5,29.73908042907715
2015-01-27,19.5,76.5,30.924169540405273
2015-01-27,19.5,77.5,31.57088279724121
2015-01-27,19.5,80.5,29.524188995361328
2015-01-27,20.5,73.5,27.072444915771484
2015-01-27,20.5,74.5,27.69561195373535
2015-01-27,20.5,75.5,28.20918083190918
2015-01-27,20.5,76.5,28.3316593170166
2015-01-27,20.5,77.5,29.55100440979004
2015-01-27,20.5,78.5,30.607023239135742
2015-01-27,20.5,79.5,28.85700798034668
2015-01-27,20.5,80.5,28.5721492767334
2015-01-27,21.5,74.5,25.575937271118164
2015-01-27,21.5,78.5,25.99745750427246
2015-01-27,21.5,79.5,25.32961082458496
2015-01-28,16.5,73.5,30.835369110107422
2015-01-28,17.5,73.5,29.870777130126953
2015-01-28,17.5,74.5,30.261241912841797
2015-01-28,17.5,75.5,31.42284393310547
2015-01-28,18.5,73.5,29.092493057250977
2015-01-28,18.5,74.5,29.73670196533203
2015-01-28,18.5,75.5,30.81279945373535
2015-01-28,18.5,76.5,31.08462905883789
2015-01-28,18.5,77.5,30.765613555908203
2015-01-28,19.5,73.5,28.293563842773438
2015-01-28,19.5,74.5,29.386117935180664
2015-01-28,19.5,75.5,29.506816864013672
2015-01-28,19.5,76.5,30.1363468170166
2015-01-28,19.5,77.5,30.339128494262695
2015-01-28,19.5,80.5,28.922130584716797
2015-01-28,20.5,73.5,27.08561897277832
2015-01-28,20.5,74.5,27.416282653808594
2015-01-28,20.5,75.5,27.101896286010742
2015-01-28,20.5,76.5,27.58711814880371
2015-01-28,20.5,77.5,28.11920928955078
2015-01-28,20.5,78.5,29.081024169921875
2015-01-28,20.5,79.5,27.308605194091797
2015-01-28,20.5,80.5,26.94651222229004
2015-01-28,21.5,74.5,25.40477752685547
2015-01-28,21.5,78.5,24.330551147460938
2015-01-28,21.5,79.5,23.609071731567383
2015-01-29,16.5,73.5,31.363025665283203
2015-01-29,17.5,73.5,30.140819549560547
2015-01-29,17.5,74.5,30.434417724609375
2015-01-29,17.5,75.5,32.096519470214844
2015-01-29,18.5,73.5,29.396055221557617
2015-01-29,18.5,74.5,29.884008407592773
2015-01-29,18.5,75.5,31.075048446655273
2015-01-29,18.5,76.5,31.246421813964844
2015-01-29,18.5,77.5,31.373064041137695
2015-01-29,19.5,73.5,28.760692596435547
2015-01-29,19.5,74.5,28.7305908203125
2015-01-29,19.5,75.5,29.143678665161133
2015-01-29,19.5,76.5,29.954639434814453
2015-01-29,19.5,77.5,30.552221298217773
2015-01-29,19.5,80.5,29.27178192138672
2015-01-29,20.5,73.5,27.328153610229492
2015-01-29,20.5,74.5,27.823305130004883
2015-01-29,20.5,75.5,27.914098739624023
2015-01-29,20.5,76.5,27.636642456054688
2015-01-29,20.5,77.5,28.30966567993164
2015-01-29,20.5,78.5,29.006420135498047
2015-01-29,20.5,79.5,27.364425659179688
2015-01-29,20.5,80.5,26.805042266845703
2015-01-29,21.5,74.5,26.512493133544922
2015-01-29,21.5,78.5,24.618436813354492
2015-01-29,21.5,79.5,23.304698944091797
2015-01-30,16.5,73.5,32.46595764160156
2015-01-30,17.5,73.5,31.616453170776367
2015-01-30,17.5,74.5,31.725027084350586
2015-01-30,17.5,75.5,31.758203506469727
2015-01-30,18.5,73.5,30.6750545501709
2015-01-30,18.5,74.5,30.929466247558594
2015-01-30,18.5,75.5,30.27338409423828
2015-01-30,18.5,76.5,30.829986572265625
2015-01-30,18.5,77.5,30.463865280151367
2015-01-30,19.5,73.5,30.31940460205078
2015-01-30,19.5,74.5,30.123952865600586
2015-01-30,19.5,75.5,29.556596755981445
2015-01-30,19.5,76.5,29.629131317138672
2015-01-30,19.5,77.5,29.63667869567871
2015-01-30,19.5,80.5,28.467403411865234
2015-01-30,20.5,73.5,28.915904998779297
2015-01-30,20.5,74.5,29.08887481689453
2015-01-30,20.5,75.5,28.011470794677734
2015-01-30,20.5,76.5,28.2437801361084
2015-01-30,20.5,77.5,28.02703094482422
2015-01-30,20.5,78.5,28.645484924316406
2015-01-30,20.5,79.5,26.900638580322266
2015-01-30,20.5,80.5,26.671478271484375
2015-01-30,21.5,74.5,28.10466766357422
2015-01-30,21.5,78.5,24.78046417236328
2015-01-30,21.5,79.5,24.08380126953125
2015-01-31,16.5,73.5,32.332313537597656
2015-01-31,17.5,73.5,31.455127716064453
2015-01-31,17.5,74.5,31.807764053344727
2015-01-31,17.5,75.5,31.40826416015625
2015-01-31,18.5,73.5,31.40011215209961
2015-01-31,18.5,74.5,31.47100067138672
2015-01-31,18.5,75.5,30.769140243530273
2015-01-31,18.5,76.5,31.127120971679688
2015-01-31,18.5,77.5,30.34243392944336
2015-01-31,19.5,73.5,31.628665924072266
2015-01-31,19.5,74.5,31.41756248474121
2015-01-31,19.5,75.5,30.13977813720703
2015-01-31,19.5,76.5,30.089183807373047
2015-01-31,19.5,77.5,29.942068099975586
2015-01-31,19.5,80.5,28.563398361206055
2015-01-31,20.5,73.5,30.722383499145508
2015-01-31,20.5,74.5,30.91806411743164
2015-01-31,20.5,75.5,29.413204193115234
2015-01-31,20.5,76.5,29.465574264526367
2015-01-31,20.5,77.5,29.098079681396484
2015-01-31,20.5,78.5,28.875247955322266
2015-01-31,20.5,79.5,27.28842544555664
2015-01-31,20.5,80.5,27.342336654663086
2015-01-31,21.5,74.5,29.534637451171875
2015-01-31,21.5,78.5,26.026931762695312
2015-01-31,21.5,79.5,25.413970947265625
2015-02-01,16.5,73.5,32.046024322509766
2015-02-01,17.5,73.5,31.22966194152832
2015-02-01,17.5,74.5,31.823667526245117
2015-02-01,17.5,75.5,32.51909255981445
2015-02-01,18.5,73.5,30.867950439453125
2015-02-01,18.5,74.5,31.532136917114258
2015-02-01,18.5,75.5,31.976184844970703
2015-02-01,18.5,76.5,32.520442962646484
2015-02-01,18.5,77.5,31.826290130615234
2015-02-01,19.5,73.5,30.923412322998047
2015-02-01,19.5,74.5,31.380197525024414
2015-02-01,19.5,75.5,31.567584991455078
2015-02-01,19.5,76.5,31.7276554107666
2015-02-01,19.5,77.5,31.69453239440918
2015-02-01,19.5,80.5,29.698198318481445
2015-02-01,20.5,73.5,30.58062171936035
2015-02-01,20.5,74.5,31.016305923461914
2015-02-01,20.5,75.5,30.850553512573242
2015-02-01,20.5,76.5,31.06756591796875
2015-02-01,20.5,77.5,30.904062271118164
2015-02-01,20.5,78.5,31.500734329223633
2015-02-01,20.5,79.5,29.8356990814209
2015-02-01,20.5,80.5,29.457233428955078
2015-02-01,21.5,74.5,30.813077926635742
2015-02-01,21.5,78.5,28.981571197509766
2015-02-01,21.5,79.5,28.755250930786133
2015-02-02,16.5,73.5,32.38174057006836
2015-02-02,17.5,73.5,31.31177520751953
2015-02-02,17.5,74.5,32.1560173034668
2015-02-02,17.5,75.5,32.469520568847656
2015-02-02,18.5,73.5,31.249834060668945
2015-02-02,18.5,74.5,31.647071838378906
2015-02-02,18.5,75.5,32.67909622192383
2015-02-02,18.5,76.5,32.88279724121094
2015-02-02,18.5,77.5,32.29974365234375
2015-02-02,19.5,73.5,30.995378494262695
2015-02-02,19.5,74.5,32.005088806152344
2015-02-02,19.5,75.5,32.86800765991211
2015-02-02,19.5,76.5,32.76191711425781
2015-02-02,19.5,77.5,32.46818923950195
2015-02-02,19.5,80.5,30.138032913208008
2015-02-02,20.5,73.5,30.590768814086914
2015-02-02,20.5,74.5,31.869388580322266
2015-02-02,20.5,75.5,32.603981018066406
2015-02-02,20.5,76.5,32.480987548828125
2015-02-02,20.5,77.5,32.11585235595703
2015-02-02,20.5,78.5,32.32337951660156
2015-02-02,20.5,79.5,30.886505126953125
2015-02-02,20.5,80.5,30.426362991333008
2015-02-02,21.5,74.5,31.89890480041504
2015-02-02,21.5,78.5,30.3018741607666
2015-02-02,21.5,79.5,30.49884033203125
2015-02-03,16.5,73.5,32.04258728027344
2015-02-03,17.5,73.5,31.02544593811035
2015-02-03,17.5,74.5,31.62605094909668
2015-02-03,17.5,75.5,31.696901321411133
2015-02-03,18.5,73.5,30.99336051940918
2015-02-03,18.5,74.5,31.157995223999023
2015-02-03,18.5,75.5,31.550830841064453
2015-02-03,18.5,76.5,32.0815315246582
2015-02-03,18.5,77.5,31.420352935791016
2015-02-03,19.5,73.5,30.87718391418457
2015-02-03,19.5,74.5,31.590591430664062
2015-02-03,19.5,75.5,32.07255554199219
2015-02-03,19.5,76.5,32.26966094970703
2015-02-03,19.5,77.5,31.995275497436523
2015-02-03,19.5,80.5,30.661161422729492
2015-02-03,20.5,73.5,30.4841365814209
2015-02-03,20.5,74.5,31.56511878967285
2015-02-03,20.5,75.5,32.04071044921875
2015-02-03,20.5,76.5,32.18510055541992
2015-02-03,20.5,77.5,31.997690200805664
2015-02-03,20.5,78.5,31.989822387695312
2015-02-03,20.5,79.5,30.82566261291504
2015-02-03,20.5,80.5,30.854768753051758
2015-02-03,21.5,74.5,31.207942962646484
2015-02-03,21.5,78.5,30.182584762573242
2015-02-03,21.5,79.5,30.481136322021484
2015-02-04,16.5,73.5,32.503421783447266
2015-02-04,17.5,73.5,31.52521514892578
2015-02-04,17.5,74.5,32.04601287841797
2015-02-04,17.5,75.5,32.16519546508789
2015-02-04,18.5,73.5,31.072917938232422
2015-02-04,18.5,74.5,31.74871826171875
2015-02-04,18.5,75.5,32.2868766784668
2015-02-04,18.5,76.5,32.796958923339844
2015-02-04,18.5,77.5,32.467918395996094
2015-02-04,19.5,73.5,31.36178970336914
2015-02-04,19.5,74.5,31.679386138916016
2015-02-04,19.5,75.5,32.253238677978516
2015-02-04,19.5,76.5,32.43087387084961
2015-02-04,19.5,77.5,32.5665397644043
2015-02-04,19.5,80.5,31.085803985595703
2015-02-04,20.5,73.5,30.737668991088867
2015-02-04,20.5,74.5,31.493783950805664
2015-02-04,20.5,75.5,31.17473602294922
2015-02-04,20.5,76.5,31.409894943237305
2015-02-04,20.5,77.5,31.854446411132812
2015-02-04,20.5,78.5,31.61102867126465
2015-02-04,20.5,79.5,30.601747512817383
2015-02-04,20.5,80.5,30.768062591552734
2015-02-04,21.5,74.5,30.26107406616211
2015-02-04,21.5,78.5,28.612688064575195
2015-02-04,21.5,79.5,28.70649528503418
2015-02-05,16.5,73.5,32.33502960205078
2015-02-05,17.5,73.5,31.60110092163086
2015-02-05,17.5,74.5,32.17959976196289
2015-02-05,17.5,75.5,32.273529052734375
2015-02-05,18.5,73.5,31.27665138244629
2015-02-05,18.5,74.5,31.841541290283203
2015-02-05,18.5,75.5,31.79883575439453
2015-02-05,18.5,76.5,32.700660705566406
2015-02-05,18.5,77.5,32.24147033691406
2015-02-05,19.5,73.5,31.544300079345703
2015-02-05,19.5,74.5,31.810884475708008
2015-02-05,19.5,75.5,31.53891372680664
2015-02-05,19.5,76.5,32.08013916015625
2015-02-05,19.5,77.5,32.030799865722656
2015-02-05,19.5,80.5,30.53009605407715
2015-02-05,20.5,73.5,30.88954734802246
2015-02-05,20.5,74.5,31.435035705566406
2015-02-05,20.5,75.5,30.862545013427734
2015-02-05,20.5,76.5,31.184337615966797
2015-02-05,20.5,77.5,31.264741897583008
2015-02-05,20.5,78.5,31.132598876953125
2015-02-05,20.5,79.5,30.147476196289062
2015-02-05,20.5,80.5,29.70273208618164
2015-02-05,21.5,74.5,30.282011032104492
2015-02-05,21.5,78.5,27.90242576599121
2015-02-05,21.5,79.5,27.78399658203125
2015-02-06,16.5,73.5,31.650150299072266
2015-02-06,17.5,73.5,31.035879135131836
2015-02-06,17.5,74.5,31.36370086669922
2015-02-06,17.5,75.5,32.27909469604492
2015-02-06,18.5,73.5,30.97930908203125
2015-02-06,18.5,74.5,31.258943557739258
2015-02-06,18.5,75.5,31.900516510009766
2015-02-06,18.5,76.5,32.508426666259766
2015-02-06,18.5,77.5,32.81828308105469
2015-02-06,19.5,73.5,31.338144302368164
2015-02-06,19.5,74.5,31.792192459106445
2015-02-06,19.5,75.5,31.368867874145508
2015-02-06,19.5,76.5,31.917194366455078
2015-02-06,19.5,77.5,31.93079376220703
2015-02-06,19.5,80.5,31.014827728271484
2015-02-06,20.5,73.5,31.342199325561523
2015-02-06,20.5,74.5,31.633848190307617
2015-02-06,20.5,75.5,31.301965713500977
2015-02-06,20.5,76.5,31.311872482299805
2015-02-06,20.5,77.5,31.377105712890625
2015-02-06,20.5,78.5,31.7747859954834
2015-02-06,20.5,79.5,30.758787155151367
2015-02-06,20.5,80.5,30.358570098876953
2015-02-06,21.5,74.5,31.556541442871094
2015-02-06,21.5,78.5,29.23017692565918
2015-02-06,21.5,79.5,28.88106918334961
2015-02-07,16.5,73.5,32.40138626098633
2015-02-07,17.5,73.5,31.464847564697266
2015-02-07,17.5,74.5,31.936115264892578
2015-02-07,17.5,75.5,32.93378448486328
2015-02-07,18.5,73.5,31.37117576599121
2015-02-07,18.5,74.5,31.93571662902832
2015-02-07,18.5,75.5,32.47578048706055
2015-02-07,18.5,76.5,33.079246520996094
2015-02-07,18.5,77.5,32.84960174560547
2015-02-07,19.5,73.5,31.433412551879883
2015-02-07,19.5,74.5,31.87359619140625
2015-02-07,19.5,75.5,32.66415023803711
2015-02-07,19.5,76.5,32.80033874511719
2015-02-07,19.5,77.5,32.18518829345703
2015-02-07,19.5,80.5,30.468873977661133
2015-02-07,20.5,73.5,30.56930160522461
2015-02-07,20.5,74.5,31.277912139892578
2015-02-07,20.5,75.5,31.773096084594727
2015-02-07,20.5,76.5,32.42282485961914
2015-02-07,20.5,77.5,32.58559799194336
2015-02-07,20.5,78.5,32.609642028808594
2015-02-07,20.5,79.5,31.314023971557617
2015-02-07,20.5,80.5,31.429378509521484
2015-02-07,21.5,74.5,30.715091705322266
2015-02-07,21.5,78.5,29.988773345947266
2015-02-07,21.5,79.5,30.048786163330078
2015-02-08,16.5,73.5,31.908275604248047
2015-02-08,17.5,73.5,30.812471389770508
2015-02-08,17.5,74.5,31.366384506225586
2015-02-08,17.5,75.5,32.72138214111328
2015-02-08,18.5,73.5,30.56682777404785
2015-02-08,18.5,74.5,31.24627113342285
2015-02-08,18.5,75.5,32.13054656982422
2015-02-08,18.5,76.5,32.800201416015625
2015-02-08,18.5,77.5,32.579444885253906
2015-02-08,19.5,73.5,30.418067932128906
2015-02-08,19.5,74.5,31.287181854248047
2015-02-08,19.5,75.5,31.664710998535156
2015-02-08,19.5,76.5,32.28643035888672
2015-02-08,19.5,77.5,31.8839111328125
2015-02-08,19.5,80.5,30.380159378051758
2015-02-08,20.5,73.5,29.968799591064453
2015-02-08,20.5,74.5,30.53567886352539
2015-02-08,20.5,75.5,31.021018981933594
2015-02-08,20.5,76.5,31.18086051940918
2015-02-08,20.5,77.5,31.202434539794922
2015-02-08,20.5,78.5,31.485919952392578
2015-02-08,20.5,79.5,30.03873634338379
2015-02-08,20.5,80.5,29.82624053955078
2015-02-08,21.5,74.5,30.007694244384766
2015-02-08,21.5,78.5,28.436933517456055
2015-02-08,21.5,79.5,28.16645622253418
2015-02-09,16.5,73.5,32.3040885925293
2015-02-09,17.5,73.5,31.45904541015625
2015-02-09,17.5,74.5,32.05038833618164
2015-02-09,17.5,75.5,33.293434143066406
2015-02-09,18.5,73.5,30.96915626525879
2015-02-09,18.5,74.5,31.76390838623047
2015-02-09,18.5,75.5,32.70808029174805
2015-02-09,18.5,76.5,32.92631149291992
2015-02-09,18.5,77.5,32.5989875793457
2015-02-09,19.5,73.5,31.00453758239746
2015-02-09,19.5,74.5,31.483243942260742
2015-02-09,19.5,75.5,31.614253997802734
2015-02-09,19.5,76.5,32.04118347167969
2015-02-09,19.5,77.5,31.483261108398438
2015-02-09,19.5,80.5,29.52750587463379
2015-02-09,20.5,73.5,30.546611785888672
2015-02-09,20.5,74.5,30.832901000976562
2015-02-09,20.5,75.5,30.53510856628418
2015-02-09,20.5,76.5,30.49631118774414
2015-02-09,20.5,77.5,30.23135757446289
2015-02-09,20.5,78.5,30.35090446472168
2015-02-09,20.5,79.5,29.253812789916992
2015-02-09,20.5,80.5,27.927215576171875
2015-02-09,21.5,74.5,30.02511215209961
2015-02-09,21.5,78.5,27.064495086669922
2015-02-09,21.5,79.5,26.401962280273438
2015-02-10,16.5,73.5,32.585914611816406
2015-02-10,17.5,73.5,32.04816436767578
2015-02-10,17.5,74.5,32.51831817626953
2015-02-10,17.5,75.5,33.35560989379883
2015-02-10,18.5,73.5,32.04549026489258
2015-02-10,18.5,74.5,32.19744110107422
2015-02-10,18.5,75.5,32.92671203613281
2015-02-10,18.5,76.5,32.945396423339844
2015-02-10,18.5,77.5,32.588722229003906
2015-02-10,19.5,73.5,32.062477111816406
2015-02-10,19.5,74.5,32.73927688598633
2015-02-10,19.5,75.5,32.00596237182617
2015-02-10,19.5,76.5,32.205562591552734
2015-02-10,19.5,77.5,31.897132873535156
2015-02-10,19.5,80.5,30.165542602539062
2015-02-10,20.5,73.5,31.618331909179688
2015-02-10,20.5,74.5,31.795448303222656
2015-02-10,20.5,75.5,30.680150985717773
2015-02-10,20.5,76.5,30.390106201171875
2015-02-10,20.5,77.5,30.145118713378906
2015-02-10,20.5,78.5,30.570873260498047
2015-02-10,20.5,79.5,29.501924514770508
2015-02-10,20.5,80.5,29.272668838500977
2015-02-10,21.5,74.5,30.92805290222168
2015-02-10,21.5,78.5,27.406911849975586
2015-02-10,21.5,79.5,27.225557327270508
2015-02-11,16.5,73.5,32.05554962158203
2015-02-11,17.5,73.5,31.384994506835938
2015-02-11,17.5,74.5,32.227882385253906
2015-02-11,17.5,75.5,32.86973571777344
2015-02-11,18.5,73.5,31.230091094970703
2015-02-11,18.5,74.5,31.984025955200195
2015-02-11,18.5,75.5,32.8133430480957
2015-02-11,18.5,76.5,32.559391021728516
2015-02-11,18.5,77.5,31.74097442626953
2015-02-11,19.5,73.5,31.161792755126953
2015-02-11,19.5,74.5,32.15247344970703
2015-02-11,19.5,75.5,31.962757110595703
2015-02-11,19.5,76.5,31.7460880279541
2015-02-11,19.5,77.5,31.552249908447266
2015-02-11,19.5,80.5,29.64766502380371
2015-02-11,20.5,73.5,30.652835845947266
2015-02-11,20.5,74.5,31.315690994262695
2015-02-11,20.5,75.5,30.950143814086914
2015-02-11,20.5,76.5,30.19402313232422
2015-02-11,20.5,77.5,29.759265899658203
2015-02-11,20.5,78.5,30.17515754699707
2015-02-11,20.5,79.5,29.13294219970703
2015-02-11,20.5,80.5,28.832744598388672
2015-02-11,21.5,74.5,30.847558975219727
2015-02-11,21.5,78.5,27.58525276184082
2015-02-11,21.5,79.5,27.146831512451172
2015-02-12,16.5,73.5,32.38356018066406
2015-02-12,17.5,73.5,31.70636558532715
2015-02-12,17.5,74.5,32.437870025634766
2015-02-12,17.5,75.5,33.296600341796875
2015-02-12,18.5,73.5,31.43280029296875
2015-02-12,18.5,74.5,31.982830047607422
2015-02-12,18.5,75.5,32.76578903198242
2015-02-12,18.5,76.5,33.186378479003906
2015-02-12,18.5,77.5,33.093074798583984
2015-02-12,19.5,73.5,31.389259338378906
2015-02-12,19.5,74.5,32.185760498046875
2015-02-12,19.5,75.5,32.020957946777344
2015-02-12,19.5,76.5,32.33386993408203
2015-02-12,19.5,77.5,32.15383529663086
2015-02-12,19.5,80.5,30.38306427001953
2015-02-12,20.5,73.5,31.10806655883789
2015-02-12,20.5,74.5,31.50496482849121
2015-02-12,20.5,75.5,31.302743911743164
2015-02-12,20.5,76.5,31.29258155822754
2015-02-12,20.5,77.5,30.953048706054688
2015-02-12,20.5,78.5,31.054889678955078
2015-02-12,20.5,79.5,30.07741355895996
2015-02-12,20.5,80.5,29.351409912109375
2015-02-12,21.5,74.5,30.646503448486328
2015-02-12,21.5,78.5,28.274194717407227
2015-02-12,21.5,79.5,28.311227798461914
2015-02-13,16.5,73.5,32.91112518310547
2015-02-13,17.5,73.5,32.184364318847656
2015-02-13,17.5,74.5,33.12320327758789
2015-02-13,17.5,75.5,34.1784782409668
2015-02-13,18.5,73.5,31.810361862182617
2015-02-13,18.5,74.5,32.661983489990234
2015-02-13,18.5,75.5,33.56975555419922
2015-02-13,18.5,76.5,33.84598922729492
2015-02-13,18.5,77.5,33.620826721191406
2015-02-13,19.5,73.5,31.760160446166992
2015-02-13,19.5,74.5,32.14274978637695
2015-02-13,19.5,75.5,32.62578582763672
2015-02-13,19.5,76.5,32.723670959472656
2015-02-13,19.5,77.5,32.668540954589844
2015-02-13,19.5,80.5,31.169662475585938
2015-02-13,20.5,73.5,31.588516235351562
2015-02-13,20.5,74.5,31.708187103271484
2015-02-13,20.5,75.5,31.35162925720215
2015-02-13,20.5,76.5,31.324565887451172
2015-02-13,20.5,77.5,31.160484313964844
2015-02-13,20.5,78.5,31.389251708984375
2015-02-13,20.5,79.5,30.373355865478516
2015-02-13,20.5,80.5,29.93998146057129
2015-02-13,21.5,74.5,31.322099685668945
2015-02-13,21.5,78.5,28.152637481689453
2015-02-13,21.5,79.5,27.945838928222656
2015-02-14,16.5,73.5,32.81467056274414
2015-02-14,17.5,73.5,32.2489128112793
2015-02-14,17.5,74.5,32.91718673706055
2015-02-14,17.5,75.5,34.242305755615234
2015-02-14,18.5,73.5,31.979137420654297
2015-02-14,18.5,74.5,32.92921447753906
2015-02-14,18.5,75.5,33.98523712158203
2015-02-14,18.5,76.5,34.2959098815918
2015-02-14,18.5,77.5,33.97390365600586
2015-02-14,19.5,73.5,31.96137809753418
2015-02-14,19.5,74.5,32.912837982177734
2015-02-14,19.5,75.5,33.37284469604492
2015-02-14,19.5,76.5,33.618534088134766
2015-02-14,19.5,77.5,33.30568313598633
2015-02-14,19.5,80.5,31.366056442260742
2015-02-14,20.5,73.5,32.03038787841797
2015-02-14,20.5,74.5,32.711002349853516
2015-02-14,20.5,75.5,32.799659729003906
2015-02-14,20.5,76.5,32.7952995300293
2015-02-14,20.5,77.5,32.27891540527344
2015-02-14,20.5,78.5,32.58954620361328
2015-02-14,20.5,79.5,31.77870750427246
2015-02-14,20.5,80.5,30.97139549255371
2015-02-14,21.5,74.5,32.710697174072266
2015-02-14,21.5,78.5,30.489423751831055
2015-02-14,21.5,79.5,30.303524017333984
2015-02-15,16.5,73.5,33.224735260009766
2015-02-15,17.5,73.5,32.43828201293945
2015-02-15,17.5,74.5,33.317508697509766
2015-02-15,17.5,75.5,35.02356719970703
2015-02-15,18.5,73.5,32.54090118408203
2015-02-15,18.5,74.5,33.38979721069336
2015-02-15,18.5,75.5,34.66648864746094
2015-02-15,18.5,76.5,35.26411819458008
2015-02-15,18.5,77.5,34.99745178222656
2015-02-15,19.5,73.5,32.5747184753418
2015-02-15,19.5,74.5,33.6833610534668
2015-02-15,19.5,75.5,34.16703796386719
2015-02-15,19.5,76.5,34.298587799072266
2015-02-15,19.5,77.5,34.49280548095703
2015-02-15,19.5,80.5,32.72277069091797
2015-02-15,20.5,73.5,32.68647003173828
2015-02-15,20.5,74.5,33.37216567993164
2015-02-15,20.5,75.5,33.648399353027344
2015-02-15,20.5,76.5,33.540287017822266
2015-02-15,20.5,77.5,33.36518096923828
2015-02-15,20.5,78.5,33.589752197265625
2015-02-15,20.5,79.5,32.57378005981445
2015-02-15,20.5,80.5,32.28603744506836
2015-02-15,21.5,74.5,33.07684326171875
2015-02-15,21.5,78.5,31.19672393798828
2015-02-15,21.5,79.5,31.086671829223633
2015-02-16,16.5,73.5,33.44785690307617
2015-02-16,17.5,73.5,33.17133712768555
2015-02-16,17.5,74.5,34.5716438293457
2015-02-16,17.5,75.5,35.94472122192383
2015-02-16,18.5,73.5,33.637550354003906
2015-02-16,18.5,74.5,34.332298278808594
2015-02-16,18.5,75.5,35.99535369873047
2015-02-16,18.5,76.5,36.26971435546875
2015-02-16,18.5,77.5,35.40961837768555
2015-02-16,19.5,73.5,33.705745697021484
2015-02-16,19.5,74.5,35.11812210083008
2015-02-16,19.5,75.5,36.13774108886719
2015-02-16,19.5,76.5,35.57938003540039
2015-02-16,19.5,77.5,35.29772186279297
2015-02-16,19.5,80.5,33.11167526245117
2015-02-16,20.5,73.5,33.42183303833008
2015-02-16,20.5,74.5,35.13373565673828
2015-02-16,20.5,75.5,35.421722412109375
2015-02-16,20.5,76.5,35.48219299316406
2015-02-16,20.5,77.5,34.48414993286133
2015-02-16,20.5,78.5,34.325599670410156
2015-02-16,20.5,79.5,33.265262603759766
2015-02-16,20.5,80.5,32.617000579833984
2015-02-16,21.5,74.5,34.503440856933594
2015-02-16,21.5,78.5,32.041358947753906
2015-02-16,21.5,79.5,31.627822875976562
2015-02-17,16.5,73.5,33.236202239990234
2015-02-17,17.5,73.5,32.87282180786133
2015-02-17,17.5,74.5,34.29052734375
2015-02-17,17.5,75.5,36.012306213378906
2015-02-17,18.5,73.5,33.450294494628906
2015-02-17,18.5,74.5,34.22596740722656
2015-02-17,18.5,75.5,35.995243072509766
2015-02-17,18.5,76.5,36.45450973510742
2015-02-17,18.5,77.5,36.0987548828125
2015-02-17,19.5,73.5,33.65740203857422
2015-02-17,19.5,74.5,34.93165588378906
2015-02-17,19.5,75.5,35.8311653137207
2015-02-17,19.5,76.5,35.57361602783203
2015-02-17,19.5,77.5,35.846580505371094
2015-02-17,19.5,80.5,33.979251861572266
2015-02-17,20.5,73.5,33.57709884643555
2015-02-17,20.5,74.5,34.82767868041992
2015-02-17,20.5,75.5,35.01876449584961
2015-02-17,20.5,76.5,35.12956237792969
2015-02-17,20.5,77.5,34.85153579711914
2015-02-17,20.5,78.5,35.385719299316406
2015-02-17,20.5,79.5,34.35645294189453
2015-02-17,20.5,80.5,33.921875
2015-02-17,21.5,74.5,34.488773345947266
2015-02-17,21.5,78.5,32.88063049316406
2015-02-17,21.5,79.5,33.00743103027344
2015-02-18,16.5,73.5,33.599212646484375
2015-02-18,17.5,73.5,33.0680046081543
2015-02-18,17.5,74.5,34.53826904296875
2015-02-18,17.5,75.5,36.183692932128906
2015-02-18,18.5,73.5,33.088890075683594
2015-02-18,18.5,74.5,34.307762145996094
2015-02-18,18.5,75.5,35.73717498779297
2015-02-18,18.5,76.5,36.29288101196289
2015-02-18,18.5,77.5,35.94111251831055
2015-02-18,19.5,73.5,32.99415969848633
2015-02-18,19.5,74.5,34.601112365722656
2015-02-18,19.5,75.5,35.24421310424805
2015-02-18,19.5,76.5,35.38224792480469
2015-02-18,19.5,77.5,35.390804290771484
2015-02-18,19.5,80.5,34.362606048583984
2015-02-18,20.5,73.5,33.11210632324219
2015-02-18,20.5,74.5,33.817256927490234
2015-02-18,20.5,75.5,34.28425216674805
2015-02-18,20.5,76.5,34.58428955078125
2015-02-18,20.5,77.5,34.6757698059082
2015-02-18,20.5,78.5,34.99639129638672
2015-02-18,20.5,79.5,34.13175964355469
2015-02-18,20.5,80.5,33.90510559082031
2015-02-18,21.5,74.5,33.975067138671875
2015-02-18,21.5,78.5,32.624488830566406
2015-02-18,21.5,79.5,32.60406494140625
2015-02-19,16.5,73.5,32.30479049682617
2015-02-19,17.5,73.5,31.978361129760742
2015-02-19,17.5,74.5,33.128570556640625
2015-02-19,17.5,75.5,35.21094512939453
2015-02-19,18.5,73.5,32.61006164550781
2015-02-19,18.5,74.5,33.68649673461914
2015-02-19,18.5,75.5,35.39670944213867
2015-02-19,18.5,76.5,35.77505874633789
2015-02-19,18.5,77.5,35.21987533569336
2015-02-19,19.5,73.5,32.55571746826172
2015-02-19,19.5,74.5,34.356807708740234
2015-02-19,19.5,75.5,35.31439971923828
2015-02-19,19.5,76.5,35.51647186279297
2015-02-19,19.5,77.5,35.319908142089844
2015-02-19,19.5,80.5,33.70624923706055
2015-02-19,20.5,73.5,32.988956451416016
2015-02-19,20.5,74.5,34.21113967895508
2015-02-19,20.5,75.5,34.89390182495117
2015-02-19,20.5,76.5,34.94645690917969
2015-02-19,20.5,77.5,34.718666076660156
2015-02-19,20.5,78.5,34.86976623535156
2015-02-19,20.5,79.5,34.083961486816406
2015-02-19,20.5,80.5,33.54865264892578
2015-02-19,21.5,74.5,34.395713806152344
2015-02-19,21.5,78.5,32.91497039794922
2015-02-19,21.5,79.5,32.712276458740234
2015-02-20,16.5,73.5,32.41302490234375
2015-02-20,17.5,73.5,32.24678421020508
2015-02-20,17.5,74.5,33.28566360473633
2015-02-20,17.5,75.5,34.91049575805664
2015-02-20,18.5,73.5,32.471466064453125
2015-02-20,18.5,74.5,33.78605270385742
2015-02-20,18.5,75.5,35.21582794189453
2015-02-20,18.5,76.5,35.34646987915039
2015-02-20,18.5,77.5,34.622825622558594
2015-02-20,19.5,73.5,32.872352600097656
2015-02-20,19.5,74.5,34.42407989501953
2015-02-20,19.5,75.5,35.29998779296875
2015-02-20,19.5,76.5,35.228607177734375
2015-02-20,19.5,77.5,34.65351867675781
2015-02-20,19.5,80.5,33.16690444946289
2015-02-20,20.5,73.5,33.25334167480469
2015-02-20,20.5,74.5,34.46980667114258
2015-02-20,20.5,75.5,34.87085723876953
2015-02-20,20.5,76.5,34.765380859375
2015-02-20,20.5,77.5,34.26480484008789
2015-02-20,20.5,78.5,33.93376159667969
2015-02-20,20.5,79.5,33.16602325439453
2015-02-20,20.5,80.5,33.35013198852539
2015-02-20,21.5,74.5,34.53558349609375
2015-02-20,21.5,78.5,32.36741256713867
2015-02-20,21.5,79.5,32.38918685913086
2015-02-21,16.5,73.5,33.419647216796875
2015-02-21,17.5,73.5,33.43701934814453
2015-02-21,17.5,74.5,34.365779876708984
2015-02-21,17.5,75.5,34.68021774291992
2015-02-21,18.5,73.5,33.872711181640625
2015-02-21,18.5,74.5,34.22277069091797
2015-02-21,18.5,75.5,34.2913818359375
2015-02-21,18.5,76.5,34.77469253540039
2015-02-21,18.5,77.5,34.715972900390625
2015-02-21,19.5,73.5,34.834041595458984
2015-02-21,19.5,74.5,35.41318130493164
2015-02-21,19.5,75.5,34.430572509765625
2015-02-21,19.5,76.5,34.732582092285156
2015-02-21,19.5,77.5,34.598514556884766
2015-02-21,19.5,80.5,33.32622146606445
2015-02-21,20.5,73.5,35.208499908447266
2015-02-21,20.5,74.5,35.79375076293945
2015-02-21,20.5,75.5,34.08695602416992
2015-02-21,20.5,76.5,34.21825408935547
2015-02-21,20.5,77.5,34.2515869140625
2015-02-21,20.5,78.5,34.32564163208008
2015-02-21,20.5,79.5,33.537357330322266
2015-02-21,20.5,80.5,33.39424133300781
2015-02-21,21.5,74.5,34.86903762817383
2015-02-21,21.5,78.5,32.179073333740234
2015-02-21,21.5,79.5,32.34090805053711
2015-02-22,16.5,73.5,33.96385955810547
2015-02-22,17.5,73.5,34.30790710449219
2015-02-22,17.5,74.5,35.15380859375
2015-02-22,17.5,75.5,34.991695404052734
2015-02-22,18.5,73.5,34.741554260253906
2015-02-22,18.5,74.5,35.386680603027344
2015-02-22,18.5,75.5,34.942596435546875
2015-02-22,18.5,76.5,35.500003814697266
2015-02-22,18.5,77.5,35.195823669433594
2015-02-22,19.5,73.5,35.73103713989258
2015-02-22,19.5,74.5,36.00944519042969
2015-02-22,19.5,75.5,35.273231506347656
2015-02-22,19.5,76.5,35.32250213623047
2015-02-22,19.5,77.5,35.37430953979492
2015-02-22,19.5,80.5,33.881988525390625
2015-02-22,20.5,73.5,35.74198913574219
2015-02-22,20.5,74.5,36.225032806396484
2015-02-22,20.5,75.5,34.87396240234375
2015-02-22,20.5,76.5,35.046321868896484
2015-02-22,20.5,77.5,35.04539489746094
2015-02-22,20.5,78.5,34.803165435791016
2015-02-22,20.5,79.5,34.018714904785156
2015-02-22,20.5,80.5,33.565834045410156
2015-02-22,21.5,74.5,36.09526443481445
2015-02-22,21.5,78.5,32.7534065246582
2015-02-22,21.5,79.5,32.52104568481445
2015-02-23,16.5,73.5,33.53106689453125
2015-02-23,17.5,73.5,33.482601165771484
2015-02-23,17.5,74.5,34.366920471191406
2015-02-23,17.5,75.5,35.05976104736328
2015-02-23,18.5,73.5,33.95066833496094
2015-02-23,18.5,74.5,34.53527069091797
2015-02-23,18.5,75.5,35.506351470947266
2015-02-23,18.5,76.5,35.694698333740234
2015-02-23,18.5,77.5,35.32817077636719
2015-02-23,19.5,73.5,35.07170104980469
2015-02-23,19.5,74.5,35.59053421020508
2015-02-23,19.5,75.5,35.780704498291016
2015-02-23,19.5,76.5,35.622589111328125
2015-02-23,19.5,77.5,36.05472946166992
2015-02-23,19.5,80.5,34.54297637939453
2015-02-23,20.5,73.5,35.476097106933594
2015-02-23,20.5,74.5,36.158870697021484
2015-02-23,20.5,75.5,35.492000579833984
2015-02-23,20.5,76.5,35.56000518798828
2015-02-23,20.5,77.5,35.60700607299805
2015-02-23,20.5,78.5,35.620304107666016
2015-02-23,20.5,79.5,34.77299880981445
2015-02-23,20.5,80.5,34.526092529296875
2015-02-23,21.5,74.5,36.4958381652832
2015-02-23,21.5,78.5,33.66832733154297
2015-02-23,21.5,79.5,33.6071891784668
2015-02-24,16.5,73.5,33.33355712890625
2015-02-24,17.5,73.5,33.50514602661133
2015-02-24,17.5,74.5,34.37184143066406
2015-02-24,17.5,75.5,35.248504638671875
2015-02-24,18.5,73.5,33.915855407714844
2015-02-24,18.5,74.5,34.50299072265625
2015-02-24,18.5,75.5,35.90647888183594
2015-02-24,18.5,76.5,36.2747917175293
2015-02-24,18.5,77.5,35.91477584838867
2015-02-24,19.5,73.5,34.60997772216797
2015-02-24,19.5,74.5,35.657127380371094
2015-02-24,19.5,75.5,36.086063385009766
2015-02-24,19.5,76.5,36.3772087097168
2015-02-24,19.5,77.5,36.604270935058594
2015-02-24,19.5,80.5,35.07715606689453
2015-02-24,20.5,73.5,34.61972427368164
2015-02-24,20.5,74.5,35.75387954711914
2015-02-24,20.5,75.5,36.39957046508789
2015-02-24,20.5,76.5,36.4327278137207
2015-02-24,20.5,77.5,36.36795425415039
2015-02-24,20.5,78.5,36.29081344604492
2015-02-24,20.5,79.5,35.27912902832031
2015-02-24,20.5,80.5,35.013553619384766
2015-02-24,21.5,74.5,35.9178352355957
2015-02-24,21.5,78.5,34.449310302734375
2015-02-24,21.5,79.5,34.56557846069336
2015-02-25,16.5,73.5,32.684322357177734
2015-02-25,17.5,73.5,32.722747802734375
2015-02-25,17.5,74.5,33.83049774169922
2015-02-25,17.5,75.5,34.769561767578125
2015-02-25,18.5,73.5,32.8625373840332
2015-02-25,18.5,74.5,33.820526123046875
2015-02-25,18.5,75.5,35.15229797363281
2015-02-25,18.5,76.5,35.99506759643555
2015-02-25,18.5,77.5,35.63668441772461
2015-02-25,19.5,73.5,33.077980041503906
2015-02-25,19.5,74.5,34.50126647949219
2015-02-25,19.5,75.5,35.21184539794922
2015-02-25,19.5,76.5,35.30194854736328
2015-02-25,19.5,77.5,35.48653030395508
2015-02-25,19.5,80.5,34.727317810058594
2015-02-25,20.5,73.5,32.26337814331055
2015-02-25,20.5,74.5,33.52019119262695
2015-02-25,20.5,75.5,34.64170455932617
2015-02-25,20.5,76.5,35.7711181640625
2015-02-25,20.5,77.5,36.143253326416016
2015-02-25,20.5,78.5,36.436195373535156
2015-02-25,20.5,79.5,35.810646057128906
2015-02-25,20.5,80.5,35.849979400634766
2015-02-25,21.5,74.5,33.04361343383789
2015-02-25,21.5,78.5,35.06637191772461
2015-02-25,21.5,79.5,35.53783416748047
2015-02-26,16.5,73.5,32.325382232666016
2015-02-26,17.5,73.5,31.767719268798828
2015-02-26,17.5,74.5,32.78257751464844
2015-02-26,17.5,75.5,34.72039031982422
2015-02-26,18.5,73.5,31.327219009399414
2015-02-26,18.5,74.5,32.8104133605957
2015-02-26,18.5,75.5,34.82561111450195
2015-02-26,18.5,76.5,35.686492919921875
2015-02-26,18.5,77.5,35.64158630371094
2015-02-26,19.5,73.5,31.186458587646484
2015-02-26,19.5,74.5,33.330650329589844
2015-02-26,19.5,75.5,34.5704460144043
2015-02-26,19.5,76.5,34.92599105834961
2015-02-26,19.5,77.5,35.497859954833984
2015-02-26,19.5,80.5,34.843116760253906
2015-02-26,20.5,73.5,30.97109031677246
2015-02-26,20.5,74.5,32.38038635253906
2015-02-26,20.5,75.5,33.58237075805664
2015-02-26,20.5,76.5,34.253875732421875
2015-02-26,20.5,77.5,34.68354797363281
2015-02-26,20.5,78.5,35.03915023803711
2015-02-26,20.5,79.5,34.29912567138672
2015-02-26,20.5,80.5,34.780555725097656
2015-02-26,21.5,74.5,32.112159729003906
2015-02-26,21.5,78.5,32.76044464111328
2015-02-26,21.5,79.5,32.79178237915039
2015-02-27,16.5,73.5,31.93743133544922
2015-02-27,17.5,73.5,31.325559616088867
2015-02-27,17.5,74.5,32.440834045410156
2015-02-27,17.5,75.5,34.361507415771484
2015-02-27,18.5,73.5,31.17195701599121
2015-02-27,18.5,74.5,32.28153610229492
2015-02-27,18.5,75.5,34.184200286865234
2015-02-27,18.5,76.5,34.8487548828125
2015-02-27,18.5,77.5,35.17866897583008
2015-02-27,19.5,73.5,31.09065818786621
2015-02-27,19.5,74.5,32.745521545410156
2015-02-27,19.5,75.5,33.13549041748047
2015-02-27,19.5,76.5,33.74214553833008
2015-02-27,19.5,77.5,34.30229568481445
2015-02-27,19.5,80.5,34.28697967529297
2015-02-27,20.5,73.5,30.860544204711914
2015-02-27,20.5,74.5,32.14956283569336
2015-02-27,20.5,75.5,32.56511688232422
2015-02-27,20.5,76.5,32.76847839355469
2015-02-27,20.5,77.5,33.446903228759766
2015-02-27,20.5,78.5,33.98605728149414
2015-02-27,20.5,79.5,33.353275299072266
2015-02-27,20.5,80.5,34.24596405029297
2015-02-27,21.5,74.5,31.5419921875
2015-02-27,21.5,78.5,31.720529556274414
2015-02-27,21.5,79.5,32.07011413574219
2015-02-28,16.5,73.5,30.44499969482422
2015-02-28,17.5,73.5,29.77969741821289
2015-02-28,17.5,74.5,30.79779624938965
2015-02-28,17.5,75.5,32.066017150878906
2015-02-28,18.5,73.5,29.503618240356445
2015-02-28,18.5,74.5,30.421640396118164
2015-02-28,18.5,75.5,31.92117691040039
2015-02-28,18.5,76.5,33.40605545043945
2015-02-28,18.5,77.5,33.69639205932617
2015-02-28,19.5,73.5,29.84571075439453
2015-02-28,19.5,74.5,31.64077377319336
2015-02-28,19.5,75.5,31.686080932617188
2015-02-28,19.5,76.5,32.50663375854492
2015-02-28,19.5,77.5,33.75408172607422
2015-02-28,19.5,80.5,33.38826370239258
2015-02-28,20.5,73.5,30.000263214111328
2015-02-28,20.5,74.5,30.758060455322266
2015-02-28,20.5,75.5,31.26936149597168
2015-02-28,20.5,76.5,32.581207275390625
2015-02-28,20.5,77.5,32.68836212158203
2015-02-28,20.5,78.5,33.217750549316406
2015-02-28,20.5,79.5,32.335479736328125
2015-02-28,20.5,80.5,33.1684684753418
2015-02-28,21.5,74.5,31.42577362060547
2015-02-28,21.5,78.5,30.383590698242188
2015-02-28,21.5,79.5,30.738981246948242
2015-03-01,16.5,73.5,26.177330017089844
2015-03-01,17.5,73.5,25.288429260253906
2015-03-01,17.5,74.5,26.295166015625
2015-03-01,17.5,75.5,26.791637420654297
2015-03-01,18.5,73.5,23.313671112060547
2015-03-01,18.5,74.5,24.12979507446289
2015-03-01,18.5,75.5,23.642826080322266
2015-03-01,18.5,76.5,25.46656036376953
2015-03-01,18.5,77.5,26.139793395996094
2015-03-01,19.5,73.5,24.01272964477539
2015-03-01,19.5,74.5,24.10173797607422
2015-03-01,19.5,75.5,22.68720245361328
2015-03-01,19.5,76.5,23.537233352661133
2015-03-01,19.5,77.5,24.644256591796875
2015-03-01,19.5,80.5,27.197803497314453
2015-03-01,20.5,73.5,23.263587951660156
2015-03-01,20.5,74.5,24.30297088623047
2015-03-01,20.5,75.5,21.893718719482422
2015-03-01,20.5,76.5,21.92153549194336
2015-03-01,20.5,77.5,23.103086471557617
2015-03-01,20.5,78.5,23.975574493408203
2015-03-01,20.5,79.5,23.34290313720703
2015-03-01,20.5,80.5,26.396087646484375
2015-03-01,21.5,74.5,24.091873168945312
2015-03-01,21.5,78.5,21.21681785583496
2015-03-01,21.5,79.5,21.297748565673828
2015-03-02,16.5,73.5,28.616989135742188
2015-03-02,17.5,73.5,28.120319366455078
2015-03-02,17.5,74.5,28.90012550354004
2015-03-02,17.5,75.5,29.665475845336914
2015-03-02,18.5,73.5,27.26549530029297
2015-03-02,18.5,74.5,28.443065643310547
2015-03-02,18.5,75.5,29.023876190185547
2015-03-02,18.5,76.5,30.257579803466797
2015-03-02,18.5,77.5,30.2918758392334
2015-03-02,19.5,73.5,27.178375244140625
2015-03-02,19.5,74.5,28.302228927612305
2015-03-02,19.5,75.5,27.537883758544922
2015-03-02,19.5,76.5,28.637569427490234
2015-03-02,19.5,77.5,29.512475967407227
2015-03-02,19.5,80.5,28.240623474121094
2015-03-02,20.5,73.5,26.828529357910156
2015-03-02,20.5,74.5,27.55941390991211
2015-03-02,20.5,75.5,27.489727020263672
2015-03-02,20.5,76.5,27.860336303710938
2015-03-02,20.5,77.5,28.43943977355957
2015-03-02,20.5,78.5,28.744430541992188
2015-03-02,20.5,79.5,27.93090057373047
2015-03-02,20.5,80.5,27.480926513671875
2015-03-02,21.5,74.5,26.873538970947266
2015-03-02,21.5,78.5,26.24576187133789
2015-03-02,21.5,79.5,26.08523178100586
2015-03-03,16.5,73.5,28.36302375793457
2015-03-03,17.5,73.5,27.66935157775879
2015-03-03,17.5,74.5,28.400646209716797
2015-03-03,17.5,75.5,29.329124450683594
2015-03-03,18.5,73.5,27.294448852539062
2015-03-03,18.5,74.5,28.13362693786621
2015-03-03,18.5,75.5,28.48982048034668
2015-03-03,18.5,76.5,29.79292106628418
2015-03-03,18.5,77.5,30.454574584960938
2015-03-03,19.5,73.5,27.32416343688965
2015-03-03,19.5,74.5,28.252668380737305
2015-03-03,19.5,75.5,27.65154266357422
2015-03-03,19.5,76.5,28.15903091430664
2015-03-03,19.5,77.5,29.756114959716797
2015-03-03,19.5,80.5,29.793901443481445
2015-03-03,20.5,73.5,27.152082443237305
2015-03-03,20.5,74.5,27.58747100830078
2015-03-03,20.5,75.5,27.75135612487793
2015-03-03,20.5,76.5,27.919902801513672
2015-03-03,20.5,77.5,28.46280860900879
2015-03-03,20.5,78.5,29.39645767211914
2015-03-03,20.5,79.5,28.78406524658203
2015-03-03,20.5,80.5,28.755207061767578
2015-03-03,21.5,74.5,27.968154907226562
2015-03-03,21.5,78.5,26.974653244018555
2015-03-03,21.5,79.5,27.034648895263672
2015-03-04,16.5,73.5,29.175914764404297
2015-03-04,17.5,73.5,28.77901840209961
2015-03-04,17.5,74.5,29.718780517578125
2015-03-04,17.5,75.5,30.8013858795166
2015-03-04,18.5,73.5,28.429494857788086
2015-03-04,18.5,74.5,29.52398681640625
2015-03-04,18.5,75.5,30.080896377563477
2015-03-04,18.5,76.5,31.2254695892334
2015-03-04,18.5,77.5,31.42631721496582
2015-03-04,19.5,73.5,28.710451126098633
2015-03-04,19.5,74.5,29.430950164794922
2015-03-04,19.5,75.5,29.318220138549805
2015-03-04,19.5,76.5,29.661388397216797
2015-03-04,19.5,77.5,30.313255310058594
2015-03-04,19.5,80.5,30.290742874145508
2015-03-04,20.5,73.5,28.39791488647461
2015-03-04,20.5,74.5,29.009902954101562
2015-03-04,20.5,75.5,28.787487030029297
2015-03-04,20.5,76.5,29.078693389892578
2015-03-04,20.5,77.5,28.96381378173828
2015-03-04,20.5,78.5,29.521209716796875
2015-03-04,20.5,79.5,28.685714721679688
2015-03-04,20.5,80.5,28.69242286682129
2015-03-04,21.5,74.5,29.530771255493164
2015-03-04,21.5,78.5,26.970720291137695
2015-03-04,21.5,79.5,26.673322677612305
2015-03-05,16.5,73.5,31.440372467041016
2015-03-05,17.5,73.5,31.2134952545166
2015-03-05,17.5,74.5,32.56174087524414
2015-03-05,17.5,75.5,33.89057159423828
2015-03-05,18.5,73.5,30.80518913269043
2015-03-05,18.5,74.5,32.41969680786133
2015-03-05,18.5,75.5,33.76157760620117
2015-03-05,18.5,76.5,34.10560989379883
2015-03-05,18.5,77.5,33.94985580444336
2015-03-05,19.5,73.5,31.20730972290039
2015-03-05,19.5,74.5,32.53217697143555
2015-03-05,19.5,75.5,32.96806335449219
2015-03-05,19.5,76.5,32.90374755859375
2015-03-05,19.5,77.5,33.14169692993164
2015-03-05,19.5,80.5,31.988079071044922
2015-03-05,20.5,73.5,30.846601486206055
2015-03-05,20.5,74.5,31.883949279785156
2015-03-05,20.5,75.5,31.92206573486328
2015-03-05,20.5,76.5,32.168392181396484
2015-03-05,20.5,77.5,32.030906677246094
2015-03-05,20.5,78.5,32.282623291015625
2015-03-05,20.5,79.5,31.53236961364746
2015-03-05,20.5,80.5,31.114788055419922
2015-03-05,21.5,74.5,31.549362182617188
2015-03-05,21.5,78.5,29.08807373046875
2015-03-05,21.5,79.5,29.032264709472656
2015-03-06,16.5,73.5,32.49262619018555
2015-03-06,17.5,73.5,32.3662223815918
2015-03-06,17.5,74.5,33.678436279296875
2015-03-06,17.5,75.5,34.659629821777344
2015-03-06,18.5,73.5,32.44376754760742
2015-03-06,18.5,74.5,33.75992965698242
2015-03-06,18.5,75.5,34.487998962402344
2015-03-06,18.5,76.5,34.38429260253906
2015-03-06,18.5,77.5,34.149818420410156
2015-03-06,19.5,73.5,32.23102951049805
2015-03-06,19.5,74.5,33.32796859741211
2015-03-06,19.5,75.5,33.15472412109375
2015-03-06,19.5,76.5,32.940425872802734
2015-03-06,19.5,77.5,33.37936019897461
2015-03-06,19.5,80.5,32.73839569091797
2015-03-06,20.5,73.5,31.738954544067383
2015-03-06,20.5,74.5,32.67329406738281
2015-03-06,20.5,75.5,32.14668273925781
2015-03-06,20.5,76.5,32.297847747802734
2015-03-06,20.5,77.5,32.16689682006836
2015-03-06,20.5,78.5,32.76354217529297
2015-03-06,20.5,79.5,31.741567611694336
2015-03-06,20.5,80.5,32.26348114013672
2015-03-06,21.5,74.5,32.34739303588867
2015-03-06,21.5,78.5,29.951641082763672
2015-03-06,21.5,79.5,30.030363082885742
2015-03-07,16.5,73.5,32.74272918701172
2015-03-07,17.5,73.5,33.072975158691406
2015-03-07,17.5,74.5,34.288330078125
2015-03-07,17.5,75.5,35.33681106567383
2015-03-07,18.5,73.5,32.86465835571289
2015-03-07,18.5,74.5,34.317665100097656
2015-03-07,18.5,75.5,34.79281997680664
2015-03-07,18.5,76.5,35.04905319213867
2015-03-07,18.5,77.5,34.71065139770508
2015-03-07,19.5,73.5,33.12022018432617
2015-03-07,19.5,74.5,34.3045654296875
2015-03-07,19.5,75.5,33.929344177246094
2015-03-07,19.5,76.5,34.24515914916992
2015-03-07,19.5,77.5,34.50200653076172
2015-03-07,19.5,80.5,33.02164840698242
2015-03-07,20.5,73.5,33.0123176574707
2015-03-07,20.5,74.5,33.95320129394531
2015-03-07,20.5,75.5,33.350791931152344
2015-03-07,20.5,76.5,33.574153900146484
2015-03-07,20.5,77.5,33.496917724609375
2015-03-07,20.5,78.5,34.001251220703125
2015-03-07,20.5,79.5,32.80782699584961
2015-03-07,20.5,80.5,32.7088623046875
2015-03-07,21.5,74.5,33.48445129394531
2015-03-07,21.5,78.5,31.392595291137695
2015-03-07,21.5,79.5,31.152240753173828
2015-03-08,16.5,73.5,32.6468505859375
2015-03-08,17.5,73.5,32.89610290527344
2015-03-08,17.5,74.5,34.154273986816406
2015-03-08,17.5,75.5,35.21385192871094
2015-03-08,18.5,73.5,32.68539047241211
2015-03-08,18.5,74.5,34.13529968261719
2015-03-08,18.5,75.5,35.16511154174805
2015-03-08,18.5,76.5,35.46596908569336
2015-03-08,18.5,77.5,35.100135803222656
2015-03-08,19.5,73.5,32.56321334838867
2015-03-08,19.5,74.5,34.26424026489258
2015-03-08,19.5,75.5,34.560665130615234
2015-03-08,19.5,76.5,34.90079879760742
2015-03-08,19.5,77.5,35.38774108886719
2015-03-08,19.5,80.5,33.78955841064453
2015-03-08,20.5,73.5,32.4246711730957
2015-03-08,20.5,74.5,33.69660186767578
2015-03-08,20.5,75.5,34.01042175292969
2015-03-08,20.5,76.5,34.429473876953125
2015-03-08,20.5,77.5,34.61952590942383
2015-03-08,20.5,78.5,35.167030334472656
2015-03-08,20.5,79.5,34.224578857421875
2015-03-08,20.5,80.5,34.18674087524414
2015-03-08,21.5,74.5,33.38290786743164
2015-03-08,21.5,78.5,33.128787994384766
2015-03-08,21.5,79.5,33.07698440551758
2015-03-09,16.5,73.5,31.024959564208984
2015-03-09,17.5,73.5,31.990861892700195
2015-03-09,17.5,74.5,32.89634704589844
2015-03-09,17.5,75.5,32.29957962036133
2015-03-09,18.5,73.5,32.65117645263672
2015-03-09,18.5,74.5,33.284549713134766
2015-03-09,18.5,75.5,33.15658950805664
2015-03-09,18.5,76.5,32.33635330200195
2015-03-09,18.5,77.5,30.783721923828125
2015-03-09,19.5,73.5,33.179630279541016
2015-03-09,19.5,74.5,34.69499206542969
2015-03-09,19.5,75.5,34.4627571105957
2015-03-09,19.5,76.5,33.28838348388672
2015-03-09,19.5,77.5,32.59246826171875
2015-03-09,19.5,80.5,30.954687118530273
2015-03-09,20.5,73.5,32.971126556396484
2015-03-09,20.5,74.5,34.458648681640625
2015-03-09,20.5,75.5,34.05020523071289
2015-03-09,20.5,76.5,34.32148361206055
2015-03-09,20.5,77.5,33.393306732177734
2015-03-09,20.5,78.5,32.96998977661133
2015-03-09,20.5,79.5,31.760820388793945
2015-03-09,20.5,80.5,32.104610443115234
2015-03-09,21.5,74.5,33.398277282714844
2015-03-09,21.5,78.5,31.831859588623047
2015-03-09,21.5,79.5,32.12800598144531
2015-03-10,16.5,73.5,31.265275955200195
2015-03-10,17.5,73.5,32.07689666748047
2015-03-10,17.5,74.5,32.84504699707031
2015-03-10,17.5,75.5,32.10004806518555
2015-03-10,18.5,73.5,32.888301849365234
2015-03-10,18.5,74.5,33.34698486328125
2015-03-10,18.5,75.5,32.84635543823242
2015-03-10,18.5,76.5,32.80417251586914
2015-03-10,18.5,77.5,31.796154022216797
2015-03-10,19.5,73.5,33.218780517578125
2015-03-10,19.5,74.5,34.799339294433594
2015-03-10,19.5,75.5,34.11065673828125
2015-03-10,19.5,76.5,33.468048095703125
2015-03-10,19.5,77.5,33.25505828857422
2015-03-10,19.5,80.5,32.65515899658203
2015-03-10,20.5,73.5,33.215152740478516
2015-03-10,20.5,74.5,34.45722198486328
2015-03-10,20.5,75.5,34.20859146118164
2015-03-10,20.5,76.5,34.55370330810547
2015-03-10,20.5,77.5,34.02596664428711
2015-03-10,20.5,78.5,34.01676940917969
2015-03-10,20.5,79.5,32.77724838256836
2015-03-10,20.5,80.5,32.99125671386719
2015-03-10,21.5,74.5,34.33571243286133
2015-03-10,21.5,78.5,31.629297256469727
2015-03-10,21.5,79.5,31.572412490844727
2015-03-11,16.5,73.5,33.03633499145508
2015-03-11,17.5,73.5,33.40529251098633
2015-03-11,17.5,74.5,34.21088409423828
2015-03-11,17.5,75.5,33.918888092041016
2015-03-11,18.5,73.5,33.43324279785156
2015-03-11,18.5,74.5,34.176353454589844
2015-03-11,18.5,75.5,33.935604095458984
2015-03-11,18.5,76.5,34.642051696777344
2015-03-11,18.5,77.5,34.336181640625
2015-03-11,19.5,73.5,33.57381057739258
2015-03-11,19.5,74.5,34.82002639770508
2015-03-11,19.5,75.5,33.9263801574707
2015-03-11,19.5,76.5,34.1620979309082
2015-03-11,19.5,77.5,34.68461990356445
2015-03-11,19.5,80.5,33.684024810791016
2015-03-11,20.5,73.5,34.10179138183594
2015-03-11,20.5,74.5,34.82099533081055
2015-03-11,20.5,75.5,34.02812194824219
2015-03-11,20.5,76.5,34.2972526550293
2015-03-11,20.5,77.5,34.25880813598633
2015-03-11,20.5,78.5,34.4598274230957
2015-03-11,20.5,79.5,33.52009963989258
2015-03-11,20.5,80.5,33.861305236816406
2015-03-11,21.5,74.5,34.953575134277344
2015-03-11,21.5,78.5,32.13758087158203
2015-03-11,21.5,79.5,32.06432342529297
2015-03-12,16.5,73.5,34.337181091308594
2015-03-12,17.5,73.5,34.84221267700195
2015-03-12,17.5,74.5,35.47491455078125
2015-03-12,17.5,75.5,34.86996841430664
2015-03-12,18.5,73.5,35.0100212097168
2015-03-12,18.5,74.5,35.524471282958984
2015-03-12,18.5,75.5,34.13014602661133
2015-03-12,18.5,76.5,34.69817352294922
2015-03-12,18.5,77.5,34.0010871887207
2015-03-12,19.5,73.5,34.47197341918945
2015-03-12,19.5,74.5,35.17616653442383
2015-03-12,19.5,75.5,32.97944259643555
2015-03-12,19.5,76.5,32.912471771240234
2015-03-12,19.5,77.5,33.59334945678711
2015-03-12,19.5,80.5,33.01050567626953
2015-03-12,20.5,73.5,34.52939224243164
2015-03-12,20.5,74.5,34.13124465942383
2015-03-12,20.5,75.5,31.66457176208496
2015-03-12,20.5,76.5,31.361202239990234
2015-03-12,20.5,77.5,31.500391006469727
2015-03-12,20.5,78.5,32.237728118896484
2015-03-12,20.5,79.5,30.838409423828125
2015-03-12,20.5,80.5,31.740325927734375
2015-03-12,21.5,74.5,33.22990036010742
2015-03-12,21.5,78.5,28.628337860107422
2015-03-12,21.5,79.5,28.982257843017578
2015-03-13,16.5,73.5,33.55793380737305
2015-03-13,17.5,73.5,33.75660705566406
2015-03-13,17.5,74.5,35.03009033203125
2015-03-13,17.5,75.5,35.40592956542969
2015-03-13,18.5,73.5,33.32978057861328
2015-03-13,18.5,74.5,34.91633987426758
2015-03-13,18.5,75.5,34.68877029418945
2015-03-13,18.5,76.5,35.406211853027344
2015-03-13,18.5,77.5,35.38556671142578
2015-03-13,19.5,73.5,33.539981842041016
2015-03-13,19.5,74.5,34.310951232910156
2015-03-13,19.5,75.5,32.89564514160156
2015-03-13,19.5,76.5,33.62528991699219
2015-03-13,19.5,77.5,34.101558685302734
2015-03-13,19.5,80.5,33.697025299072266
2015-03-13,20.5,73.5,32.1922492980957
2015-03-13,20.5,74.5,32.8870849609375
2015-03-13,20.5,75.5,31.347610473632812
2015-03-13,20.5,76.5,30.400421142578125
2015-03-13,20.5,77.5,31.72670555114746
2015-03-13,20.5,78.5,32.68864059448242
2015-03-13,20.5,79.5,31.94321060180664
2015-03-13,20.5,80.5,33.16676330566406
2015-03-13,21.5,74.5,30.932376861572266
2015-03-13,21.5,78.5,28.39542579650879
2015-03-13,21.5,79.5,29.10332679748535
2015-03-14,16.5,73.5,32.469120025634766
2015-03-14,17.5,73.5,32.95986557006836
2015-03-14,17.5,74.5,34.145755767822266
2015-03-14,17.5,75.5,34.68894958496094
2015-03-14,18.5,73.5,32.727108001708984
2015-03-14,18.5,74.5,33.55116653442383
2015-03-14,18.5,75.5,33.81499099731445
2015-03-14,18.5,76.5,35.12837600708008
2015-03-14,18.5,77.5,35.0897216796875
2015-03-14,19.5,73.5,32.58802032470703
2015-03-14,19.5,74.5,33.92999267578125
2015-03-14,19.5,75.5,32.102237701416016
2015-03-14,19.5,76.5,33.032615661621094
2015-03-14,19.5,77.5,33.923797607421875
2015-03-14,19.5,80.5,32.78470993041992
2015-03-14,20.5,73.5,32.09023666381836
2015-03-14,20.5,74.5,32.59132766723633
2015-03-14,20.5,75.5,31.202980041503906
2015-03-14,20.5,76.5,31.002466201782227
2015-03-14,20.5,77.5,31.914953231811523
2015-03-14,20.5,78.5,33.01195526123047
2015-03-14,20.5,79.5,32.14358901977539
2015-03-14,20.5,80.5,31.914932250976562
2015-03-14,21.5,74.5,31.41316032409668
2015-03-14,21.5,78.5,28.219722747802734
2015-03-14,21.5,79.5,28.502422332763672
2015-03-15,16.5,73.5,31.28562355041504
2015-03-15,17.5,73.5,31.5821475982666
2015-03-15,17.5,74.5,32.738319396972656
2015-03-15,17.5,75.5,33.82424545288086
2015-03-15,18.5,73.5,31.169940948486328
2015-03-15,18.5,74.5,32.40671157836914
2015-03-15,18.5,75.5,33.37004852294922
2015-03-15,18.5,76.5,34.405006408691406
2015-03-15,18.5,77.5,35.288352966308594
2015-03-15,19.5,73.5,31.092039108276367
2015-03-15,19.5,74.5,32.49910354614258
2015-03-15,19.5,75.5,31.832210540771484
2015-03-15,19.5,76.5,33.13503646850586
2015-03-15,19.5,77.5,34.202178955078125
2015-03-15,19.5,80.5,33.48335647583008
2015-03-15,20.5,73.5,30.680688858032227
2015-03-15,20.5,74.5,31.708877563476562
2015-03-15,20.5,75.5,31.767864227294922
2015-03-15,20.5,76.5,31.49688720703125
2015-03-15,20.5,77.5,32.313270568847656
2015-03-15,20.5,78.5,32.61250686645508
2015-03-15,20.5,79.5,31.58713722229004
2015-03-15,20.5,80.5,32.269798278808594
2015-03-15,21.5,74.5,31.083457946777344
2015-03-15,21.5,78.5,28.519147872924805
2015-03-15,21.5,79.5,27.589113235473633
2015-03-16,16.5,73.5,31.793567657470703
2015-03-16,17.5,73.5,31.841686248779297
2015-03-16,17.5,74.5,33.134674072265625
2015-03-16,17.5,75.5,34.127132415771484
2015-03-16,18.5,73.5,31.302953720092773
2015-03-16,18.5,74.5,33.06289291381836
2015-03-16,18.5,75.5,33.85871887207031
2015-03-16,18.5,76.5,34.91440963745117
2015-03-16,18.5,77.5,34.96335983276367
2015-03-16,19.5,73.5,31.036855697631836
2015-03-16,19.5,74.5,32.6766471862793
2015-03-16,19.5,75.5,32.51148223876953
2015-03-16,19.5,76.5,33.25774383544922
2015-03-16,19.5,77.5,34.0118293762207
2015-03-16,19.5,80.5,33.89806365966797
2015-03-16,20.5,73.5,30.655872344970703
2015-03-16,20.5,74.5,32.11720657348633
2015-03-16,20.5,75.5,32.25020217895508
2015-03-16,20.5,76.5,32.371334075927734
2015-03-16,20.5,77.5,32.71174621582031
2015-03-16,20.5,78.5,33.5396728515625
2015-03-16,20.5,79.5,32.29261016845703
2015-03-16,20.5,80.5,33.2150993347168
2015-03-16,21.5,74.5,31.65189552307129
2015-03-16,21.5,78.5,30.41546058654785
2015-03-16,21.5,79.5,30.165117263793945
2015-03-17,16.5,73.5,32.768150329589844
2015-03-17,17.5,73.5,33.08006286621094
2015-03-17,17.5,74.5,34.49616622924805
2015-03-17,17.5,75.5,35.6977653503418
2015-03-17,18.5,73.5,32.87953567504883
2015-03-17,18.5,74.5,34.49187469482422
2015-03-17,18.5,75.5,35.310638427734375
2015-03-17,18.5,76.5,35.67362976074219
2015-03-17,18.5,77.5,35.875003814697266
2015-03-17,19.5,73.5,32.966636657714844
2015-03-17,19.5,74.5,34.366973876953125
2015-03-17,19.5,75.5,33.97444152832031
2015-03-17,19.5,76.5,34.588401794433594
2015-03-17,19.5,77.5,35.050201416015625
2015-03-17,19.5,80.5,34.29912185668945
2015-03-17,20.5,73.5,32.217529296875
2015-03-17,20.5,74.5,33.67198181152344
2015-03-17,20.5,75.5,33.1970100402832
2015-03-17,20.5,76.5,33.224143981933594
2015-03-17,20.5,77.5,33.74568176269531
2015-03-17,20.5,78.5,34.43569564819336
2015-03-17,20.5,79.5,33.57014465332031
2015-03-17,20.5,80.5,33.885276794433594
2015-03-17,21.5,74.5,32.6390495300293
2015-03-17,21.5,78.5,31.18795394897461
2015-03-17,21.5,79.5,31.000165939331055
2015-03-18,16.5,73.5,33.45948791503906
2015-03-18,17.5,73.5,34.014549255371094
2015-03-18,17.5,74.5,35.33022689819336
2015-03-18,17.5,75.5,36.41535186767578
2015-03-18,18.5,73.5,33.58969497680664
2015-03-18,18.5,74.5,35.564056396484375
2015-03-18,18.5,75.5,35.82845687866211
2015-03-18,18.5,76.5,36.448280334472656
2015-03-18,18.5,77.5,36.2423210144043
2015-03-18,19.5,73.5,33.53299331665039
2015-03-18,19.5,74.5,35.32754898071289
2015-03-18,19.5,75.5,34.695526123046875
2015-03-18,19.5,76.5,34.87034606933594
2015-03-18,19.5,77.5,35.028560638427734
2015-03-18,19.5,80.5,34.42286682128906
2015-03-18,20.5,73.5,33.23019027709961
2015-03-18,20.5,74.5,34.040950775146484
2015-03-18,20.5,75.5,32.996307373046875
2015-03-18,20.5,76.5,33.32657241821289
2015-03-18,20.5,77.5,33.55685043334961
2015-03-18,20.5,78.5,34.035011291503906
2015-03-18,20.5,79.5,32.79153823852539
2015-03-18,20.5,80.5,32.994850158691406
2015-03-18,21.5,74.5,32.69561004638672
2015-03-18,21.5,78.5,30.427675247192383
2015-03-18,21.5,79.5,30.365446090698242
2015-03-19,16.5,73.5,33.60546112060547
2015-03-19,17.5,73.5,34.53717041015625
2015-03-19,17.5,74.5,35.839454650878906
2015-03-19,17.5,75.5,36.940189361572266
2015-03-19,18.5,73.5,34.47259521484375
2015-03-19,18.5,74.5,36.51099395751953
2015-03-19,18.5,75.5,36.92223358154297
2015-03-19,18.5,76.5,37.202842712402344
2015-03-19,18.5,77.5,36.54319381713867
2015-03-19,19.5,73.5,34.7684211730957
2015-03-19,19.5,74.5,36.5458869934082
2015-03-19,19.5,75.5,36.015350341796875
2015-03-19,19.5,76.5,35.910518646240234
2015-03-19,19.5,77.5,35.717098236083984
2015-03-19,19.5,80.5,34.162147521972656
2015-03-19,20.5,73.5,34.584129333496094
2015-03-19,20.5,74.5,36.218772888183594
2015-03-19,20.5,75.5,34.68048858642578
2015-03-19,20.5,76.5,34.61054992675781
2015-03-19,20.5,77.5,34.575992584228516
2015-03-19,20.5,78.5,34.28928756713867
2015-03-19,20.5,79.5,33.044219970703125
2015-03-19,20.5,80.5,33.22900390625
2015-03-19,21.5,74.5,35.262516021728516
2015-03-19,21.5,78.5,31.335121154785156
2015-03-19,21.5,79.5,31.085378646850586
2015-03-20,16.5,73.5,33.641971588134766
2015-03-20,17.5,73.5,34.680686950683594
2015-03-20,17.5,74.5,35.96198272705078
2015-03-20,17.5,75.5,37.111900329589844
2015-03-20,18.5,73.5,34.59120178222656
2015-03-20,18.5,74.5,36.58100509643555
2015-03-20,18.5,75.5,37.47918701171875
2015-03-20,18.5,76.5,38.10842514038086
2015-03-20,18.5,77.5,37.52621078491211
2015-03-20,19.5,73.5,35.2582893371582
2015-03-20,19.5,74.5,37.31602478027344
2015-03-20,19.5,75.5,36.94678497314453
2015-03-20,19.5,76.5,37.282981872558594
2015-03-20,19.5,77.5,37.17390441894531
2015-03-20,19.5,80.5,35.33669662475586
2015-03-20,20.5,73.5,35.671974182128906
2015-03-20,20.5,74.5,36.76929473876953
2015-03-20,20.5,75.5,35.984222412109375
2015-03-20,20.5,76.5,36.18986892700195
2015-03-20,20.5,77.5,35.91150665283203
2015-03-20,20.5,78.5,36.497886657714844
2015-03-20,20.5,79.5,35.15159225463867
2015-03-20,20.5,80.5,34.839683532714844
2015-03-20,21.5,74.5,36.37969970703125
2015-03-20,21.5,78.5,33.41954040527344
2015-03-20,21.5,79.5,32.984432220458984
2015-03-21,16.5,73.5,33.77315139770508
2015-03-21,17.5,73.5,34.640586853027344
2015-03-21,17.5,74.5,36.05009078979492
2015-03-21,17.5,75.5,37.24650573730469
2015-03-21,18.5,73.5,34.701602935791016
2015-03-21,18.5,74.5,36.59800338745117
2015-03-21,18.5,75.5,37.76642990112305
2015-03-21,18.5,76.5,38.27253723144531
2015-03-21,18.5,77.5,37.851715087890625
2015-03-21,19.5,73.5,35.41984558105469
2015-03-21,19.5,74.5,37.292293548583984
2015-03-21,19.5,75.5,37.3779182434082
2015-03-21,19.5,76.5,37.748043060302734
2015-03-21,19.5,77.5,37.907814025878906
2015-03-21,19.5,80.5,36.163818359375
2015-03-21,20.5,73.5,36.22555160522461
2015-03-21,20.5,74.5,37.45597839355469
2015-03-21,20.5,75.5,37.10513687133789
2015-03-21,20.5,76.5,37.230770111083984
2015-03-21,20.5,77.5,37.16382598876953
2015-03-21,20.5,78.5,37.321102142333984
2015-03-21,20.5,79.5,36.16606903076172
2015-03-21,20.5,80.5,36.01365661621094
2015-03-21,21.5,74.5,38.017127990722656
2015-03-21,21.5,78.5,34.82817077636719
2015-03-21,21.5,79.5,34.758705139160156
2015-03-22,16.5,73.5,34.27085494995117
2015-03-22,17.5,73.5,34.96019744873047
2015-03-22,17.5,74.5,36.4724006652832
2015-03-22,17.5,75.5,37.970767974853516
2015-03-22,18.5,73.5,35.19260787963867
2015-03-22,18.5,74.5,37.03022766113281
2015-03-22,18.5,75.5,38.41310119628906
2015-03-22,18.5,76.5,39.140506744384766
2015-03-22,18.5,77.5,38.70104217529297
2015-03-22,19.5,73.5,35.74323272705078
2015-03-22,19.5,74.5,37.88915252685547
2015-03-22,19.5,75.5,37.99986267089844
2015-03-22,19.5,76.5,38.48196792602539
2015-03-22,19.5,77.5,38.79172897338867
2015-03-22,19.5,80.5,36.7816047668457
2015-03-22,20.5,73.5,36.571041107177734
2015-03-22,20.5,74.5,37.88493347167969
2015-03-22,20.5,75.5,37.62519836425781
2015-03-22,20.5,76.5,37.892330169677734
2015-03-22,20.5,77.5,37.95682907104492
2015-03-22,20.5,78.5,38.412471771240234
2015-03-22,20.5,79.5,37.5067138671875
2015-03-22,20.5,80.5,37.05721664428711
2015-03-22,21.5,74.5,38.435394287109375
2015-03-22,21.5,78.5,35.932090759277344
2015-03-22,21.5,79.5,36.00065994262695
2015-03-23,16.5,73.5,34.20895004272461
2015-03-23,17.5,73.5,35.005088806152344
2015-03-23,17.5,74.5,36.65421676635742
2015-03-23,17.5,75.5,38.21978759765625
2015-03-23,18.5,73.5,35.78980255126953
2015-03-23,18.5,74.5,37.49677658081055
2015-03-23,18.5,75.5,38.829044342041016
2015-03-23,18.5,76.5,39.39720153808594
2015-03-23,18.5,77.5,39.03923034667969
2015-03-23,19.5,73.5,36.655296325683594
2015-03-23,19.5,74.5,38.71466064453125
2015-03-23,19.5,75.5,38.75199890136719
2015-03-23,19.5,76.5,39.20081329345703
2015-03-23,19.5,77.5,39.42308044433594
2015-03-23,19.5,80.5,37.49334716796875
2015-03-23,20.5,73.5,37.79416275024414
2015-03-23,20.5,74.5,39.11334991455078
2015-03-23,20.5,75.5,38.442848205566406
2015-03-23,20.5,76.5,38.71131134033203
2015-03-23,20.5,77.5,38.586692810058594
2015-03-23,20.5,78.5,38.93090057373047
2015-03-23,20.5,79.5,37.894161224365234
2015-03-23,20.5,80.5,37.67972183227539
2015-03-23,21.5,74.5,39.31173324584961
2015-03-23,21.5,78.5,36.4360237121582
2015-03-23,21.5,79.5,36.23979949951172
2015-03-24,16.5,73.5,34.51774215698242
2015-03-24,17.5,73.5,35.243682861328125
2015-03-24,17.5,74.5,37.08662414550781
2015-03-24,17.5,75.5,38.58040237426758
2015-03-24,18.5,73.5,35.82088851928711
2015-03-24,18.5,74.5,37.71491622924805
2015-03-24,18.5,75.5,39.27152633666992
2015-03-24,18.5,76.5,39.706024169921875
2015-03-24,18.5,77.5,39.12803268432617
2015-03-24,19.5,73.5,36.55171203613281
2015-03-24,19.5,74.5,38.5650749206543
2015-03-24,19.5,75.5,39.27069091796875
2015-03-24,19.5,76.5,39.19483947753906
2015-03-24,19.5,77.5,39.45124816894531
2015-03-24,19.5,80.5,37.56410598754883
2015-03-24,20.5,73.5,37.3696403503418
2015-03-24,20.5,74.5,38.959228515625
2015-03-24,20.5,75.5,38.727603912353516
2015-03-24,20.5,76.5,38.84074401855469
2015-03-24,20.5,77.5,38.7386589050293
2015-03-24,20.5,78.5,39.210853576660156
2015-03-24,20.5,79.5,38.16989517211914
2015-03-24,20.5,80.5,37.992454528808594
2015-03-24,21.5,74.5,39.442970275878906
2015-03-24,21.5,78.5,36.83803176879883
2015-03-24,21.5,79.5,36.81385040283203
2015-03-25,16.5,73.5,35.39486312866211
2015-03-25,17.5,73.5,36.70098114013672
2015-03-25,17.5,74.5,38.048370361328125
2015-03-25,17.5,75.5,38.39231491088867
2015-03-25,18.5,73.5,37.45193099975586
2015-03-25,18.5,74.5,38.94807052612305
2015-03-25,18.5,75.5,38.94635772705078
2015-03-25,18.5,76.5,39.61570739746094
2015-03-25,18.5,77.5,39.20182800292969
2015-03-25,19.5,73.5,38.48439025878906
2015-03-25,19.5,74.5,39.940860748291016
2015-03-25,19.5,75.5,39.15270233154297
2015-03-25,19.5,76.5,39.44269943237305
2015-03-25,19.5,77.5,39.616111755371094
2015-03-25,19.5,80.5,38.130714416503906
2015-03-25,20.5,73.5,38.73518371582031
2015-03-25,20.5,74.5,39.786067962646484
2015-03-25,20.5,75.5,38.859371185302734
2015-03-25,20.5,76.5,38.96602249145508
2015-03-25,20.5,77.5,38.92671585083008
2015-03-25,20.5,78.5,39.46797561645508
2015-03-25,20.5,79.5,38.75401306152344
2015-03-25,20.5,80.5,38.32014465332031
2015-03-25,21.5,74.5,40.070716857910156
2015-03-25,21.5,78.5,37.162017822265625
2015-03-25,21.5,79.5,37.20805740356445
2015-03-26,16.5,73.5,34.34746551513672
2015-03-26,17.5,73.5,35.16678237915039
2015-03-26,17.5,74.5,36.62953186035156
2015-03-26,17.5,75.5,37.85664749145508
2015-03-26,18.5,73.5,36.18296813964844
2015-03-26,18.5,74.5,37.18030548095703
2015-03-26,18.5,75.5,38.66581344604492
2015-03-26,18.5,76.5,39.187355041503906
2015-03-26,18.5,77.5,38.40196228027344
2015-03-26,19.5,73.5,36.849456787109375
2015-03-26,19.5,74.5,38.74391555786133
2015-03-26,19.5,75.5,38.899818420410156
2015-03-26,19.5,76.5,39.18357849121094
2015-03-26,19.5,77.5,39.34718704223633
2015-03-26,19.5,80.5,37.24250793457031
2015-03-26,20.5,73.5,37.60669708251953
2015-03-26,20.5,74.5,39.04830551147461
2015-03-26,20.5,75.5,39.07021713256836
2015-03-26,20.5,76.5,39.30706024169922
2015-03-26,20.5,77.5,38.886985778808594
2015-03-26,20.5,78.5,39.456295013427734
2015-03-26,20.5,79.5,38.40159225463867
2015-03-26,20.5,80.5,38.413902282714844
2015-03-26,21.5,74.5,39.28391647338867
2015-03-26,21.5,78.5,37.388797760009766
2015-03-26,21.5,79.5,37.639625549316406
2015-03-27,16.5,73.5,34.02709197998047
2015-03-27,17.5,73.5,34.81051254272461
2015-03-27,17.5,74.5,36.310089111328125
2015-03-27,17.5,75.5,37.761653900146484
2015-03-27,18.5,73.5,35.81766128540039
2015-03-27,18.5,74.5,37.110206604003906
2015-03-27,18.5,75.5,39.059608459472656
2015-03-27,18.5,76.5,39.333648681640625
2015-03-27,18.5,77.5,38.578739166259766
2015-03-27,19.5,73.5,36.69853973388672
2015-03-27,19.5,74.5,38.95671081542969
2015-03-27,19.5,75.5,39.53874206542969
2015-03-27,19.5,76.5,39.626487731933594
2015-03-27,19.5,77.5,39.56570816040039
2015-03-27,19.5,80.5,37.39710235595703
2015-03-27,20.5,73.5,37.763858795166016
2015-03-27,20.5,74.5,39.075584411621094
2015-03-27,20.5,75.5,39.4344596862793
2015-03-27,20.5,76.5,39.71660614013672
2015-03-27,20.5,77.5,39.662784576416016
2015-03-27,20.5,78.5,39.753719329833984
2015-03-27,20.5,79.5,38.599037170410156
2015-03-27,20.5,80.5,38.54778289794922
2015-03-27,21.5,74.5,39.429969787597656
2015-03-27,21.5,78.5,38.04023361206055
2015-03-27,21.5,79.5,38.002994537353516
2015-03-28,16.5,73.5,34.051753997802734
2015-03-28,17.5,73.5,34.912208557128906
2015-03-28,17.5,74.5,36.39243698120117
2015-03-28,17.5,75.5,37.884769439697266
2015-03-28,18.5,73.5,35.79807662963867
2015-03-28,18.5,74.5,37.45768356323242
2015-03-28,18.5,75.5,39.07285690307617
2015-03-28,18.5,76.5,39.46364974975586
2015-03-28,18.5,77.5,38.81124496459961
2015-03-28,19.5,73.5,36.307743072509766
2015-03-28,19.5,74.5,38.97584533691406
2015-03-28,19.5,75.5,39.221343994140625
2015-03-28,19.5,76.5,39.76228713989258
2015-03-28,19.5,77.5,39.8351936340332
2015-03-28,19.5,80.5,37.411624908447266
2015-03-28,20.5,73.5,37.04426956176758
2015-03-28,20.5,74.5,38.594608306884766
2015-03-28,20.5,75.5,39.12458801269531
2015-03-28,20.5,76.5,39.387725830078125
2015-03-28,20.5,77.5,39.29198455810547
2015-03-28,20.5,78.5,39.871063232421875
2015-03-28,20.5,79.5,38.95704650878906
2015-03-28,20.5,80.5,38.56532287597656
2015-03-28,21.5,74.5,38.699302673339844
2015-03-28,21.5,78.5,37.87718963623047
2015-03-28,21.5,79.5,38.052337646484375
2015-03-29,16.5,73.5,33.76767349243164
2015-03-29,17.5,73.5,34.63457489013672
2015-03-29,17.5,74.5,36.12193298339844
2015-03-29,17.5,75.5,36.990882873535156
2015-03-29,18.5,73.5,34.87929153442383
2015-03-29,18.5,74.5,36.57562255859375
2015-03-29,18.5,75.5,36.512516021728516
2015-03-29,18.5,76.5,37.250999450683594
2015-03-29,18.5,77.5,37.188785552978516
2015-03-29,19.5,73.5,35.26519012451172
2015-03-29,19.5,74.5,36.82365036010742
2015-03-29,19.5,75.5,36.41709899902344
2015-03-29,19.5,76.5,36.983394622802734
2015-03-29,19.5,77.5,37.30812072753906
2015-03-29,19.5,80.5,36.93412780761719
2015-03-29,20.5,73.5,35.28673553466797
2015-03-29,20.5,74.5,36.74394226074219
2015-03-29,20.5,75.5,36.416481018066406
2015-03-29,20.5,76.5,36.76976776123047
2015-03-29,20.5,77.5,36.658206939697266
2015-03-29,20.5,78.5,38.05479431152344
2015-03-29,20.5,79.5,37.740901947021484
2015-03-29,20.5,80.5,37.805816650390625
2015-03-29,21.5,74.5,36.49664306640625
2015-03-29,21.5,78.5,36.44339370727539
2015-03-29,21.5,79.5,37.038330078125
2015-03-30,16.5,73.5,33.277099609375
2015-03-30,17.5,73.5,33.947784423828125
2015-03-30,17.5,74.5,35.08536911010742
2015-03-30,17.5,75.5,36.389984130859375
2015-03-30,18.5,73.5,34.35942459106445
2015-03-30,18.5,74.5,35.605796813964844
2015-03-30,18.5,75.5,36.62690353393555
2015-03-30,18.5,76.5,36.204185485839844
2015-03-30,18.5,77.5,35.01387405395508
2015-03-30,19.5,73.5,35.282859802246094
2015-03-30,19.5,74.5,37.134944915771484
2015-03-30,19.5,75.5,36.228126525878906
2015-03-30,19.5,76.5,35.70000457763672
2015-03-30,19.5,77.5,35.41446304321289
2015-03-30,19.5,80.5,32.15656280517578
2015-03-30,20.5,73.5,35.672611236572266
2015-03-30,20.5,74.5,36.95708465576172
2015-03-30,20.5,75.5,35.705848693847656
2015-03-30,20.5,76.5,35.74785614013672
2015-03-30,20.5,77.5,34.3801383972168
2015-03-30,20.5,78.5,34.69878387451172
2015-03-30,20.5,79.5,33.40938186645508
2015-03-30,20.5,80.5,33.21070098876953
2015-03-30,21.5,74.5,37.26926803588867
2015-03-30,21.5,78.5,33.03282165527344
2015-03-30,21.5,79.5,32.52053451538086
2015-03-31,16.5,73.5,33.72061538696289
2015-03-31,17.5,73.5,34.747318267822266
2015-03-31,17.5,74.5,36.10453796386719
2015-03-31,17.5,75.5,36.529823303222656
2015-03-31,18.5,73.5,35.238365173339844
2015-03-31,18.5,74.5,36.75586700439453
2015-03-31,18.5,75.5,37.65331268310547
2015-03-31,18.5,76.5,37.995445251464844
2015-03-31,18.5,77.5,37.394630432128906
2015-03-31,19.5,73.5,35.36776351928711
2015-03-31,19.5,74.5,37.832679748535156
2015-03-31,19.5,75.5,37.536155700683594
2015-03-31,19.5,76.5,37.86110305786133
2015-03-31,19.5,77.5,37.927486419677734
2015-03-31,19.5,80.5,35.725120544433594
2015-03-31,20.5,73.5,34.99422073364258
2015-03-31,20.5,74.5,36.874149322509766
2015-03-31,20.5,75.5,37.179351806640625
2015-03-31,20.5,76.5,37.55595779418945
2015-03-31,20.5,77.5,37.11910629272461
2015-03-31,20.5,78.5,37.69048309326172
2015-03-31,20.5,79.5,36.821109771728516
2015-03-31,20.5,80.5,36.13422775268555
2015-03-31,21.5,74.5,36.819236755371094
2015-03-31,21.5,78.5,35.61996078491211
2015-03-31,21.5,79.5,35.50971984863281
2015-04-01,16.5,73.5,34.047821044921875
2015-04-01,17.5,73.5,34.71636962890625
2015-04-01,17.5,74.5,36.270835876464844
2015-04-01,17.5,75.5,37.572200775146484
2015-04-01,18.5,73.5,35.11882019042969
2015-04-01,18.5,74.5,36.64017105102539
2015-04-01,18.5,75.5,38.15407180786133
2015-04-01,18.5,76.5,38.95087814331055
2015-04-01,18.5,77.5,38.65373611450195
2015-04-01,19.5,73.5,35.279727935791016
2015-04-01,19.5,74.5,37.57688522338867
2015-04-01,19.5,75.5,37.855491638183594
2015-04-01,19.5,76.5,38.329345703125
2015-04-01,19.5,77.5,39.005062103271484
2015-04-01,19.5,80.5,37.47829818725586
2015-04-01,20.5,73.5,35.632991790771484
2015-04-01,20.5,74.5,37.3842887878418
2015-04-01,20.5,75.5,37.76436233520508
2015-04-01,20.5,76.5,38.392425537109375
2015-04-01,20.5,77.5,38.18985366821289
2015-04-01,20.5,78.5,39.488990783691406
2015-04-01,20.5,79.5,38.490440368652344
2015-04-01,20.5,80.5,37.99288558959961
2015-04-01,21.5,74.5,37.35841369628906
2015-04-01,21.5,78.5,37.056705474853516
2015-04-01,21.5,79.5,36.985572814941406
2015-04-02,16.5,73.5,34.141536712646484
2015-04-02,17.5,73.5,34.862953186035156
2015-04-02,17.5,74.5,36.60905456542969
2015-04-02,17.5,75.5,38.1424674987793
2015-04-02,18.5,73.5,35.10423278808594
2015-04-02,18.5,74.5,36.95682907104492
2015-04-02,18.5,75.5,38.47233963012695
2015-04-02,18.5,76.5,39.1810188293457
2015-04-02,18.5,77.5,38.847373962402344
2015-04-02,19.5,73.5,35.284610748291016
2015-04-02,19.5,74.5,37.87827682495117
2015-04-02,19.5,75.5,38.579124450683594
2015-04-02,19.5,76.5,38.79939270019531
2015-04-02,19.5,77.5,39.203208923339844
2015-04-02,19.5,80.5,38.195587158203125
2015-04-02,20.5,73.5,35.82335662841797
2015-04-02,20.5,74.5,37.709224700927734
2015-04-02,20.5,75.5,38.24553680419922
2015-04-02,20.5,76.5,38.69889450073242
2015-04-02,20.5,77.5,38.524112701416016
2015-04-02,20.5,78.5,39.44341278076172
2015-04-02,20.5,79.5,38.80267333984375
2015-04-02,20.5,80.5,39.04054260253906
2015-04-02,21.5,74.5,37.53936004638672
2015-04-02,21.5,78.5,37.294036865234375
2015-04-02,21.5,79.5,37.32866668701172
2015-04-03,16.5,73.5,33.49407958984375
2015-04-03,17.5,73.5,34.055118560791016
2015-04-03,17.5,74.5,35.66493606567383
2015-04-03,17.5,75.5,37.60307693481445
2015-04-03,18.5,73.5,34.4832878112793
2015-04-03,18.5,74.5,36.219825744628906
2015-04-03,18.5,75.5,37.94310760498047
2015-04-03,18.5,76.5,39.182830810546875
2015-04-03,18.5,77.5,39.729713439941406
2015-04-03,19.5,73.5,34.57293701171875
2015-04-03,19.5,74.5,37.28600311279297
2015-04-03,19.5,75.5,37.56475067138672
2015-04-03,19.5,76.5,38.67679977416992
2015-04-03,19.5,77.5,39.62214279174805
2015-04-03,19.5,80.5,38.931949615478516
2015-04-03,20.5,73.5,35.136077880859375
2015-04-03,20.5,74.5,36.844905853271484
2015-04-03,20.5,75.5,37.60860824584961
2015-04-03,20.5,76.5,38.27820587158203
2015-04-03,20.5,77.5,38.63650894165039
2015-04-03,20.5,78.5,39.897010803222656
2015-04-03,20.5,79.5,39.38584899902344
2015-04-03,20.5,80.5,39.59524154663086
2015-04-03,21.5,74.5,37.14322280883789
2015-04-03,21.5,78.5,37.72901153564453
2015-04-03,21.5,79.5,37.72712707519531
2015-04-04,16.5,73.5,34.172630310058594
2015-04-04,17.5,73.5,34.61612319946289
2015-04-04,17.5,74.5,36.22764205932617
2015-04-04,17.5,75.5,38.114017486572266
2015-04-04,18.5,73.5,34.70677947998047
2015-04-04,18.5,74.5,36.633705139160156
2015-04-04,18.5,75.5,38.2327995300293
2015-04-04,18.5,76.5,38.99626159667969
2015-04-04,18.5,77.5,39.44589614868164
2015-04-04,19.5,73.5,34.6475944519043
2015-04-04,19.5,74.5,37.35404586791992
2015-04-04,19.5,75.5,37.303646087646484
2015-04-04,19.5,76.5,38.3961181640625
2015-04-04,19.5,77.5,39.27913284301758
2015-04-04,19.5,80.5,38.81483840942383
2015-04-04,20.5,73.5,34.521095275878906
2015-04-04,20.5,74.5,36.56242370605469
2015-04-04,20.5,75.5,37.06819534301758
2015-04-04,20.5,76.5,37.54093551635742
2015-04-04,20.5,77.5,37.99578094482422
2015-04-04,20.5,78.5,39.308990478515625
2015-04-04,20.5,79.5,38.86514663696289
2015-04-04,20.5,80.5,39.27663040161133
2015-04-04,21.5,74.5,35.9713020324707
2015-04-04,21.5,78.5,36.730979919433594
2015-04-04,21.5,79.5,36.89287567138672
2015-04-05,16.5,73.5,34.94688034057617
2015-04-05,17.5,73.5,35.14225769042969
2015-04-05,17.5,74.5,36.82124710083008
2015-04-05,17.5,75.5,38.665653228759766
2015-04-05,18.5,73.5,34.713314056396484
2015-04-05,18.5,74.5,36.778045654296875
2015-04-05,18.5,75.5,38.7826042175293
2015-04-05,18.5,76.5,39.537437438964844
2015-04-05,18.5,77.5,39.68316650390625
2015-04-05,19.5,73.5,34.6063232421875
2015-04-05,19.5,74.5,37.32419967651367
2015-04-05,19.5,75.5,38.063507080078125
2015-04-05,19.5,76.5,38.57952117919922
2015-04-05,19.5,77.5,39.90393829345703
2015-04-05,19.5,80.5,39.2137336730957
2015-04-05,20.5,73.5,34.070953369140625
2015-04-05,20.5,74.5,36.11421585083008
2015-04-05,20.5,75.5,36.744476318359375
2015-04-05,20.5,76.5,37.9041862487793
2015-04-05,20.5,77.5,38.19680404663086
2015-04-05,20.5,78.5,39.84526062011719
2015-04-05,20.5,79.5,38.596065521240234
2015-04-05,20.5,80.5,39.166019439697266
2015-04-05,21.5,74.5,35.59978485107422
2015-04-05,21.5,78.5,36.1701774597168
2015-04-05,21.5,79.5,36.23807144165039
2015-04-06,16.5,73.5,34.63682174682617
2015-04-06,17.5,73.5,34.89746856689453
2015-04-06,17.5,74.5,36.843040466308594
2015-04-06,17.5,75.5,38.884395599365234
2015-04-06,18.5,73.5,34.560279846191406
2015-04-06,18.5,74.5,37.0399284362793
2015-04-06,18.5,75.5,39.163970947265625
2015-04-06,18.5,76.5,39.609004974365234
2015-04-06,18.5,77.5,39.195858001708984
2015-04-06,19.5,73.5,34.44993591308594
2015-04-06,19.5,74.5,37.36182403564453
2015-04-06,19.5,75.5,38.070167541503906
2015-04-06,19.5,76.5,38.65656280517578
2015-04-06,19.5,77.5,39.44291305541992
2015-04-06,19.5,80.5,38.59735870361328
2015-04-06,20.5,73.5,34.293739318847656
2015-04-06,20.5,74.5,36.46722412109375
2015-04-06,20.5,75.5,37.09736251831055
2015-04-06,20.5,76.5,37.83203125
2015-04-06,20.5,77.5,38.19049072265625
2015-04-06,20.5,78.5,39.60520553588867
2015-04-06,20.5,79.5,38.83864212036133
2015-04-06,20.5,80.5,39.15029525756836
2015-04-06,21.5,74.5,35.845523834228516
2015-04-06,21.5,78.5,36.963687896728516
2015-04-06,21.5,79.5,36.99856185913086
2015-04-07,16.5,73.5,33.76023864746094
2015-04-07,17.5,73.5,34.31591033935547
2015-04-07,17.5,74.5,36.119232177734375
2015-04-07,17.5,75.5,38.5555534362793
2015-04-07,18.5,73.5,34.41679000854492
2015-04-07,18.5,74.5,36.69797897338867
2015-04-07,18.5,75.5,39.44110870361328
2015-04-07,18.5,76.5,39.97429656982422
2015-04-07,18.5,77.5,39.72542953491211
2015-04-07,19.5,73.5,34.70731735229492
2015-04-07,19.5,74.5,37.46181106567383
2015-04-07,19.5,75.5,38.55681610107422
2015-04-07,19.5,76.5,39.30614471435547
2015-04-07,19.5,77.5,40.10784912109375
2015-04-07,19.5,80.5,38.48193359375
2015-04-07,20.5,73.5,34.74454879760742
2015-04-07,20.5,74.5,36.875701904296875
2015-04-07,20.5,75.5,37.932865142822266
2015-04-07,20.5,76.5,38.6813850402832
2015-04-07,20.5,77.5,38.948848724365234
2015-04-07,20.5,78.5,40.204681396484375
2015-04-07,20.5,79.5,39.44425582885742
2015-04-07,20.5,80.5,39.04576873779297
2015-04-07,21.5,74.5,36.62653350830078
2015-04-07,21.5,78.5,37.648231506347656
2015-04-07,21.5,79.5,37.743228912353516
2015-04-08,16.5,73.5,34.43132781982422
2015-04-08,17.5,73.5,34.8807487487793
2015-04-08,17.5,74.5,36.853965759277344
2015-04-08,17.5,75.5,38.62917709350586
2015-04-08,18.5,73.5,34.97438430786133
2015-04-08,18.5,74.5,37.46269989013672
2015-04-08,18.5,75.5,39.29631805419922
2015-04-08,18.5,76.5,39.4452018737793
2015-04-08,18.5,77.5,38.766727447509766
2015-04-08,19.5,73.5,35.245399475097656
2015-04-08,19.5,74.5,37.86234664916992
2015-04-08,19.5,75.5,39.02409744262695
2015-04-08,19.5,76.5,39.12726593017578
2015-04-08,19.5,77.5,39.30427551269531
2015-04-08,19.5,80.5,37.25555419921875
2015-04-08,20.5,73.5,35.51140213012695
2015-04-08,20.5,74.5,37.629608154296875
2015-04-08,20.5,75.5,38.366371154785156
2015-04-08,20.5,76.5,38.897789001464844
2015-04-08,20.5,77.5,38.73867416381836
2015-04-08,20.5,78.5,39.48978042602539
2015-04-08,20.5,79.5,38.81217956542969
2015-04-08,20.5,80.5,37.69320297241211
2015-04-08,21.5,74.5,37.618934631347656
2015-04-08,21.5,78.5,37.5763053894043
2015-04-08,21.5,79.5,37.342620849609375
2015-04-09,16.5,73.5,33.92917251586914
2015-04-09,17.5,73.5,34.55998229980469
2015-04-09,17.5,74.5,36.23255157470703
2015-04-09,17.5,75.5,37.99186325073242
2015-04-09,18.5,73.5,35.289947509765625
2015-04-09,18.5,74.5,37.067928314208984
2015-04-09,18.5,75.5,38.91646957397461
2015-04-09,18.5,76.5,39.166053771972656
2015-04-09,18.5,77.5,38.579620361328125
2015-04-09,19.5,73.5,36.02690505981445
2015-04-09,19.5,74.5,38.75844192504883
2015-04-09,19.5,75.5,39.242393493652344
2015-04-09,19.5,76.5,39.07013702392578
2015-04-09,19.5,77.5,39.174137115478516
2015-04-09,19.5,80.5,36.87525939941406
2015-04-09,20.5,73.5,36.63224411010742
2015-04-09,20.5,74.5,38.607704162597656
2015-04-09,20.5,75.5,38.75114440917969
2015-04-09,20.5,76.5,39.20158004760742
2015-04-09,20.5,77.5,38.73514175415039
2015-04-09,20.5,78.5,38.80203628540039
2015-04-09,20.5,79.5,38.1849365234375
2015-04-09,20.5,80.5,37.183345794677734
2015-04-09,21.5,74.5,38.68520736694336
2015-04-09,21.5,78.5,37.033294677734375
2015-04-09,21.5,79.5,36.65241241455078
2015-04-10,16.5,73.5,33.38664245605469
2015-04-10,17.5,73.5,33.93535232543945
2015-04-10,17.5,74.5,35.47034454345703
2015-04-10,17.5,75.5,37.2476921081543
2015-04-10,18.5,73.5,34.6925048828125
2015-04-10,18.5,74.5,36.34751510620117
2015-04-10,18.5,75.5,38.044273376464844
2015-04-10,18.5,76.5,38.638370513916016
2015-04-10,18.5,77.5,38.212379455566406
2015-04-10,19.5,73.5,35.428470611572266
2015-04-10,19.5,74.5,38.24907684326172
2015-04-10,19.5,75.5,38.45270538330078
2015-04-10,19.5,76.5,38.76179504394531
2015-04-10,19.5,77.5,39.01520919799805
2015-04-10,19.5,80.5,37.3172492980957
2015-04-10,20.5,73.5,36.11800765991211
2015-04-10,20.5,74.5,38.172149658203125
2015-04-10,20.5,75.5,38.424102783203125
2015-04-10,20.5,76.5,38.84187698364258
2015-04-10,20.5,77.5,39.015933990478516
2015-04-10,20.5,78.5,39.0284538269043
2015-04-10,20.5,79.5,38.585975646972656
2015-04-10,20.5,80.5,38.05109405517578
2015-04-10,21.5,74.5,38.37771224975586
2015-04-10,21.5,78.5,37.7557258605957
2015-04-10,21.5,79.5,37.5276985168457
2015-04-11,16.5,73.5,31.93105125427246
2015-04-11,17.5,73.5,32.46408462524414
2015-04-11,17.5,74.5,34.14739227294922
2015-04-11,17.5,75.5,34.44502639770508
2015-04-11,18.5,73.5,33.462554931640625
2015-04-11,18.5,74.5,34.86701965332031
2015-04-11,18.5,75.5,35.327049255371094
2015-04-11,18.5,76.5,35.36833953857422
2015-04-11,18.5,77.5,33.86287307739258
2015-04-11,19.5,73.5,34.37495040893555
2015-04-11,19.5,74.5,36.994178771972656
2015-04-11,19.5,75.5,36.34259033203125
2015-04-11,19.5,76.5,35.661773681640625
2015-04-11,19.5,77.5,34.83202362060547
2015-04-11,19.5,80.5,31.889371871948242
2015-04-11,20.5,73.5,34.84486770629883
2015-04-11,20.5,74.5,36.87908935546875
2015-04-11,20.5,75.5,36.35882568359375
2015-04-11,20.5,76.5,36.776798248291016
2015-04-11,20.5,77.5,35.64439010620117
2015-04-11,20.5,78.5,35.082366943359375
2015-04-11,20.5,79.5,34.111083984375
2015-04-11,20.5,80.5,32.97810745239258
2015-04-11,21.5,74.5,36.8548698425293
2015-04-11,21.5,78.5,34.73410415649414
2015-04-11,21.5,79.5,34.52268600463867
2015-04-12,16.5,73.5,31.58867835998535
2015-04-12,17.5,73.5,31.921234130859375
2015-04-12,17.5,74.5,33.35996627807617
2015-04-12,17.5,75.5,32.11665344238281
2015-04-12,18.5,73.5,32.33314895629883
2015-04-12,18.5,74.5,33.523826599121094
2015-04-12,18.5,75.5,31.612791061401367
2015-04-12,18.5,76.5,30.222402572631836
2015-04-12,18.5,77.5,28.88446044921875
2015-04-12,19.5,73.5,33.23994064331055
2015-04-12,19.5,74.5,34.50128173828125
2015-04-12,19.5,75.5,32.85194396972656
2015-04-12,19.5,76.5,31.130584716796875
2015-04-12,19.5,77.5,30.963951110839844
2015-04-12,19.5,80.5,30.002037048339844
2015-04-12,20.5,73.5,32.34892654418945
2015-04-12,20.5,74.5,34.58564376831055
2015-04-12,20.5,75.5,32.39288330078125
2015-04-12,20.5,76.5,32.2918701171875
2015-04-12,20.5,77.5,31.735485076904297
2015-04-12,20.5,78.5,31.869871139526367
2015-04-12,20.5,79.5,31.404741287231445
2015-04-12,20.5,80.5,30.66900634765625
2015-04-12,21.5,74.5,33.211448669433594
2015-04-12,21.5,78.5,31.839733123779297
2015-04-12,21.5,79.5,31.61437225341797
2015-04-13,16.5,73.5,31.881031036376953
2015-04-13,17.5,73.5,32.430870056152344
2015-04-13,17.5,74.5,33.39741516113281
2015-04-13,17.5,75.5,33.17208480834961
2015-04-13,18.5,73.5,32.09260940551758
2015-04-13,18.5,74.5,33.73171615600586
2015-04-13,18.5,75.5,32.85224533081055
2015-04-13,18.5,76.5,32.30643844604492
2015-04-13,18.5,77.5,31.226608276367188
2015-04-13,19.5,73.5,31.929317474365234
2015-04-13,19.5,74.5,34.212432861328125
2015-04-13,19.5,75.5,32.229408264160156
2015-04-13,19.5,76.5,31.674949645996094
2015-04-13,19.5,77.5,31.894859313964844
2015-04-13,19.5,80.5,30.594642639160156
2015-04-13,20.5,73.5,31.798419952392578
2015-04-13,20.5,74.5,33.770286560058594
2015-04-13,20.5,75.5,31.1954288482666
2015-04-13,20.5,76.5,31.14885902404785
2015-04-13,20.5,77.5,31.02250862121582
2015-04-13,20.5,78.5,32.367855072021484
2015-04-13,20.5,79.5,31.858097076416016
2015-04-13,20.5,80.5,32.104827880859375
2015-04-13,21.5,74.5,32.551204681396484
2015-04-13,21.5,78.5,30.262969970703125
2015-04-13,21.5,79.5,30.490345001220703
2015-04-14,16.5,73.5,30.999698638916016
2015-04-14,17.5,73.5,31.594484329223633
2015-04-14,17.5,74.5,33.26758575439453
2015-04-14,17.5,75.5,32.7904052734375
2015-04-14,18.5,73.5,31.49076271057129
2015-04-14,18.5,74.5,32.9366569519043
2015-04-14,18.5,75.5,32.03145217895508
2015-04-14,18.5,76.5,31.474376678466797
2015-04-14,18.5,77.5,30.864500045776367
2015-04-14,19.5,73.5,32.08375549316406
2015-04-14,19.5,74.5,33.5491828918457
2015-04-14,19.5,75.5,31.59890365600586
2015-04-14,19.5,76.5,31.249229431152344
2015-04-14,19.5,77.5,31.03795623779297
2015-04-14,19.5,80.5,29.075401306152344
2015-04-14,20.5,73.5,31.451343536376953
2015-04-14,20.5,74.5,33.2262077331543
2015-04-14,20.5,75.5,30.642765045166016
2015-04-14,20.5,76.5,30.984352111816406
2015-04-14,20.5,77.5,30.94135856628418
2015-04-14,20.5,78.5,31.30291748046875
2015-04-14,20.5,79.5,30.974071502685547
2015-04-14,20.5,80.5,30.134563446044922
2015-04-14,21.5,74.5,32.8059196472168
2015-04-14,21.5,78.5,30.040592193603516
2015-04-14,21.5,79.5,29.458419799804688
2015-04-15,16.5,73.5,31.6846923828125
2015-04-15,17.5,73.5,32.1607780456543
2015-04-15,17.5,74.5,33.504581451416016
2015-04-15,17.5,75.5,33.98428726196289
2015-04-15,18.5,73.5,31.86903953552246
2015-04-15,18.5,74.5,33.97306442260742
2015-04-15,18.5,75.5,33.32453155517578
2015-04-15,18.5,76.5,32.90214920043945
2015-04-15,18.5,77.5,33.18824005126953
2015-04-15,19.5,73.5,32.06852722167969
2015-04-15,19.5,74.5,33.800209045410156
2015-04-15,19.5,75.5,32.560482025146484
2015-04-15,19.5,76.5,32.346412658691406
2015-04-15,19.5,77.5,32.82061767578125
2015-04-15,19.5,80.5,31.76401138305664
2015-04-15,20.5,73.5,32.24494171142578
2015-04-15,20.5,74.5,33.67441940307617
2015-04-15,20.5,75.5,31.62212371826172
2015-04-15,20.5,76.5,31.55994415283203
2015-04-15,20.5,77.5,32.374603271484375
2015-04-15,20.5,78.5,32.58884048461914
2015-04-15,20.5,79.5,32.474552154541016
2015-04-15,20.5,80.5,32.2170524597168
2015-04-15,21.5,74.5,33.07029342651367
2015-04-15,21.5,78.5,30.614526748657227
2015-04-15,21.5,79.5,30.70159912109375
2015-04-16,16.5,73.5,32.20799255371094
2015-04-16,17.5,73.5,32.6917839050293
2015-04-16,17.5,74.5,33.73746871948242
2015-04-16,17.5,75.5,34.03342819213867
2015-04-16,18.5,73.5,32.94301986694336
2015-04-16,18.5,74.5,34.326446533203125
2015-04-16,18.5,75.5,34.189537048339844
2015-04-16,18.5,76.5,33.99953842163086
2015-04-16,18.5,77.5,33.36912536621094
2015-04-16,19.5,73.5,33.68115234375
2015-04-16,19.5,74.5,35.97550582885742
2015-04-16,19.5,75.5,34.58441162109375
2015-04-16,19.5,76.5,34.1264762878418
2015-04-16,19.5,77.5,34.545127868652344
2015-04-16,19.5,80.5,33.14006805419922
2015-04-16,20.5,73.5,34.24898147583008
2015-04-16,20.5,74.5,35.70110321044922
2015-04-16,20.5,75.5,33.94350814819336
2015-04-16,20.5,76.5,34.45375061035156
2015-04-16,20.5,77.5,34.033607482910156
2015-04-16,20.5,78.5,34.73430252075195
2015-04-16,20.5,79.5,34.28717041015625
2015-04-16,20.5,80.5,34.810176849365234
2015-04-16,21.5,74.5,35.89180374145508
2015-04-16,21.5,78.5,33.3878173828125
2015-04-16,21.5,79.5,33.36835479736328
2015-04-17,16.5,73.5,32.72721481323242
2015-04-17,17.5,73.5,33.54069519042969
2015-04-17,17.5,74.5,35.27862548828125
2015-04-17,17.5,75.5,35.5327033996582
2015-04-17,18.5,73.5,34.2207145690918
2015-04-17,18.5,74.5,36.05488586425781
2015-04-17,18.5,75.5,36.52873611450195
2015-04-17,18.5,76.5,35.6563606262207
2015-04-17,18.5,77.5,34.73207092285156
2015-04-17,19.5,73.5,35.7611198425293
2015-04-17,19.5,74.5,37.32173156738281
2015-04-17,19.5,75.5,36.93440628051758
2015-04-17,19.5,76.5,36.58070373535156
2015-04-17,19.5,77.5,36.39421463012695
2015-04-17,19.5,80.5,34.9130973815918
2015-04-17,20.5,73.5,36.579410552978516
2015-04-17,20.5,74.5,38.37090301513672
2015-04-17,20.5,75.5,36.84842300415039
2015-04-17,20.5,76.5,37.0748405456543
2015-04-17,20.5,77.5,36.52622604370117
2015-04-17,20.5,78.5,36.863311767578125
2015-04-17,20.5,79.5,36.223838806152344
2015-04-17,20.5,80.5,36.43266296386719
2015-04-17,21.5,74.5,38.5932502746582
2015-04-17,21.5,78.5,35.833316802978516
2015-04-17,21.5,79.5,35.393089294433594
2015-04-18,16.5,73.5,34.48203659057617
2015-04-18,17.5,73.5,35.170658111572266
2015-04-18,17.5,74.5,36.88801956176758
2015-04-18,17.5,75.5,38.188846588134766
2015-04-18,18.5,73.5,35.645240783691406
2015-04-18,18.5,74.5,37.754329681396484
2015-04-18,18.5,75.5,39.10776901245117
2015-04-18,18.5,76.5,39.05339813232422
2015-04-18,18.5,77.5,38.32322311401367
2015-04-18,19.5,73.5,36.49525451660156
2015-04-18,19.5,74.5,39.03225326538086
2015-04-18,19.5,75.5,39.175315856933594
2015-04-18,19.5,76.5,39.37289047241211
2015-04-18,19.5,77.5,39.93677520751953
2015-04-18,19.5,80.5,37.76066970825195
2015-04-18,20.5,73.5,37.12542724609375
2015-04-18,20.5,74.5,39.3933219909668
2015-04-18,20.5,75.5,39.30374526977539
2015-04-18,20.5,76.5,39.78237533569336
2015-04-18,20.5,77.5,39.77846908569336
2015-04-18,20.5,78.5,40.059898376464844
2015-04-18,20.5,79.5,39.474117279052734
2015-04-18,20.5,80.5,39.39345169067383
2015-04-18,21.5,74.5,39.68998336791992
2015-04-18,21.5,78.5,38.8834228515625
2015-04-18,21.5,79.5,38.64693832397461
2015-04-19,16.5,73.5,35.06061935424805
2015-04-19,17.5,73.5,35.7779426574707
2015-04-19,17.5,74.5,37.555152893066406
2015-04-19,17.5,75.5,38.97186279296875
2015-04-19,18.5,73.5,36.491859436035156
2015-04-19,18.5,74.5,38.584747314453125
2015-04-19,18.5,75.5,39.893184661865234
2015-04-19,18.5,76.5,39.90760040283203
2015-04-19,18.5,77.5,39.098270416259766
2015-04-19,19.5,73.5,37.75697326660156
2015-04-19,19.5,74.5,40.12397003173828
2015-04-19,19.5,75.5,40.50117492675781
2015-04-19,19.5,76.5,40.64419937133789
2015-04-19,19.5,77.5,40.91553497314453
2015-04-19,19.5,80.5,38.713138580322266
2015-04-19,20.5,73.5,38.84709930419922
2015-04-19,20.5,74.5,40.877723693847656
2015-04-19,20.5,75.5,40.60689926147461
2015-04-19,20.5,76.5,41.1943244934082
2015-04-19,20.5,77.5,40.77149963378906
2015-04-19,20.5,78.5,41.309234619140625
2015-04-19,20.5,79.5,40.59954071044922
2015-04-19,20.5,80.5,40.73442459106445
2015-04-19,21.5,74.5,41.5627326965332
2015-04-19,21.5,78.5,40.33253860473633
2015-04-19,21.5,79.5,40.346160888671875
2015-04-20,16.5,73.5,35.33785629272461
2015-04-20,17.5,73.5,36.24428939819336
2015-04-20,17.5,74.5,37.89902114868164
2015-04-20,17.5,75.5,39.37215042114258
2015-04-20,18.5,73.5,36.99407958984375
2015-04-20,18.5,74.5,38.87080001831055
2015-04-20,18.5,75.5,40.27064895629883
2015-04-20,18.5,76.5,40.54157638549805
2015-04-20,18.5,77.5,39.94231414794922
2015-04-20,19.5,73.5,38.14749526977539
2015-04-20,19.5,74.5,40.75624084472656
2015-04-20,19.5,75.5,40.97498321533203
2015-04-20,19.5,76.5,40.97361373901367
2015-04-20,19.5,77.5,41.64406204223633
2015-04-20,19.5,80.5,39.79480743408203
2015-04-20,20.5,73.5,38.938873291015625
2015-04-20,20.5,74.5,41.119930267333984
2015-04-20,20.5,75.5,41.01097106933594
2015-04-20,20.5,76.5,41.627357482910156
2015-04-20,20.5,77.5,41.552467346191406
2015-04-20,20.5,78.5,42.28238296508789
2015-04-20,20.5,79.5,41.65293502807617
2015-04-20,20.5,80.5,41.53700637817383
2015-04-20,21.5,74.5,41.781463623046875
2015-04-20,21.5,78.5,41.117183685302734
2015-04-20,21.5,79.5,41.29485321044922
2015-04-21,16.5,73.5,35.80035400390625
2015-04-21,17.5,73.5,36.47904586791992
2015-04-21,17.5,74.5,38.293087005615234
2015-04-21,17.5,75.5,39.52231979370117
2015-04-21,18.5,73.5,37.2049446105957
2015-04-21,18.5,74.5,39.03675842285156
2015-04-21,18.5,75.5,40.376426696777344
2015-04-21,18.5,76.5,40.66037368774414
2015-04-21,18.5,77.5,40.10285186767578
2015-04-21,19.5,73.5,37.987850189208984
2015-04-21,19.5,74.5,41.07117462158203
2015-04-21,19.5,75.5,41.061954498291016
2015-04-21,19.5,76.5,41.05365753173828
2015-04-21,19.5,77.5,41.9200553894043
2015-04-21,19.5,80.5,39.820457458496094
2015-04-21,20.5,73.5,38.533447265625
2015-04-21,20.5,74.5,40.948551177978516
2015-04-21,20.5,75.5,41.13953399658203
2015-04-21,20.5,76.5,41.64004135131836
2015-04-21,20.5,77.5,41.72993087768555
2015-04-21,20.5,78.5,42.18284225463867
2015-04-21,20.5,79.5,41.776187896728516
2015-04-21,20.5,80.5,41.61810302734375
2015-04-21,21.5,74.5,41.244873046875
2015-04-21,21.5,78.5,41.07086181640625
2015-04-21,21.5,79.5,41.06391525268555
2015-04-22,16.5,73.5,34.62416458129883
2015-04-22,17.5,73.5,35.52533721923828
2015-04-22,17.5,74.5,37.31828308105469
2015-04-22,17.5,75.5,38.36638259887695
2015-04-22,18.5,73.5,36.16737747192383
2015-04-22,18.5,74.5,38.388771057128906
2015-04-22,18.5,75.5,39.9035758972168
2015-04-22,18.5,76.5,40.12174606323242
2015-04-22,18.5,77.5,39.50621032714844
2015-04-22,19.5,73.5,37.02684020996094
2015-04-22,19.5,74.5,39.87898254394531
2015-04-22,19.5,75.5,40.0035285949707
2015-04-22,19.5,76.5,40.15571975708008
2015-04-22,19.5,77.5,40.68927001953125
2015-04-22,19.5,80.5,39.1649284362793
2015-04-22,20.5,73.5,37.27726364135742
2015-04-22,20.5,74.5,39.80986022949219
2015-04-22,20.5,75.5,39.79234313964844
2015-04-22,20.5,76.5,40.41804122924805
2015-04-22,20.5,77.5,40.70951843261719
2015-04-22,20.5,78.5,41.49787139892578
2015-04-22,20.5,79.5,40.959388732910156
2015-04-22,20.5,80.5,41.152095794677734
2015-04-22,21.5,74.5,40.12327194213867
2015-04-22,21.5,78.5,40.54835510253906
2015-04-22,21.5,79.5,40.27274703979492
2015-04-23,16.5,73.5,34.45642852783203
2015-04-23,17.5,73.5,35.233848571777344
2015-04-23,17.5,74.5,36.97679138183594
2015-04-23,17.5,75.5,37.97941589355469
2015-04-23,18.5,73.5,35.8937873840332
2015-04-23,18.5,74.5,37.833213806152344
2015-04-23,18.5,75.5,39.11890411376953
2015-04-23,18.5,76.5,39.64638900756836
2015-04-23,18.5,77.5,39.40044403076172
2015-04-23,19.5,73.5,36.45304489135742
2015-04-23,19.5,74.5,39.28404998779297
2015-04-23,19.5,75.5,39.42660140991211
2015-04-23,19.5,76.5,40.09189987182617
2015-04-23,19.5,77.5,40.629844665527344
2015-04-23,19.5,80.5,38.916015625
2015-04-23,20.5,73.5,36.724205017089844
2015-04-23,20.5,74.5,39.15103530883789
2015-04-23,20.5,75.5,39.461429595947266
2015-04-23,20.5,76.5,40.154048919677734
2015-04-23,20.5,77.5,40.088077545166016
2015-04-23,20.5,78.5,40.94471740722656
2015-04-23,20.5,79.5,40.29560852050781
2015-04-23,20.5,80.5,40.490379333496094
2015-04-23,21.5,74.5,39.403682708740234
2015-04-23,21.5,78.5,39.25547790527344
2015-04-23,21.5,79.5,39.12378692626953
2015-04-24,16.5,73.5,34.101600646972656
2015-04-24,17.5,73.5,35.119476318359375
2015-04-24,17.5,74.5,36.6046142578125
2015-04-24,17.5,75.5,37.53981018066406
2015-04-24,18.5,73.5,35.902557373046875
2015-04-24,18.5,74.5,37.83310317993164
2015-04-24,18.5,75.5,39.162471771240234
2015-04-24,18.5,76.5,39.5048713684082
2015-04-24,18.5,77.5,37.99248123168945
2015-04-24,19.5,73.5,36.61436462402344
2015-04-24,19.5,74.5,39.58728790283203
2015-04-24,19.5,75.5,39.60675048828125
2015-04-24,19.5,76.5,39.90857696533203
2015-04-24,19.5,77.5,40.10370635986328
2015-04-24,19.5,80.5,36.85597229003906
2015-04-24,20.5,73.5,36.932090759277344
2015-04-24,20.5,74.5,39.173553466796875
2015-04-24,20.5,75.5,39.869014739990234
2015-04-24,20.5,76.5,40.43110656738281
2015-04-24,20.5,77.5,40.03116226196289
2015-04-24,20.5,78.5,40.7790641784668
2015-04-24,20.5,79.5,39.95555877685547
2015-04-24,20.5,80.5,38.26193618774414
2015-04-24,21.5,74.5,39.51573944091797
2015-04-24,21.5,78.5,39.701358795166016
2015-04-24,21.5,79.5,39.52143478393555
2015-04-25,16.5,73.5,34.34162521362305
2015-04-25,17.5,73.5,35.0577507019043
2015-04-25,17.5,74.5,36.738525390625
2015-04-25,17.5,75.5,38.27587127685547
2015-04-25,18.5,73.5,35.63125228881836
2015-04-25,18.5,74.5,37.77391052246094
2015-04-25,18.5,75.5,39.403526306152344
2015-04-25,18.5,76.5,39.70847702026367
2015-04-25,18.5,77.5,38.782752990722656
2015-04-25,19.5,73.5,36.183753967285156
2015-04-25,19.5,74.5,39.30451202392578
2015-04-25,19.5,75.5,39.88533020019531
2015-04-25,19.5,76.5,40.39955520629883
2015-04-25,19.5,77.5,40.7415885925293
2015-04-25,19.5,80.5,37.473670959472656
2015-04-25,20.5,73.5,36.95420455932617
2015-04-25,20.5,74.5,39.3657112121582
2015-04-25,20.5,75.5,40.1190071105957
2015-04-25,20.5,76.5,40.6658821105957
2015-04-25,20.5,77.5,40.497825622558594
2015-04-25,20.5,78.5,40.6625862121582
2015-04-25,20.5,79.5,39.426692962646484
2015-04-25,20.5,80.5,38.72214889526367
2015-04-25,21.5,74.5,39.91789245605469
2015-04-25,21.5,78.5,39.49877166748047
2015-04-25,21.5,79.5,38.45850372314453
2015-04-26,16.5,73.5,34.626224517822266
2015-04-26,17.5,73.5,35.50870132446289
2015-04-26,17.5,74.5,37.14109802246094
2015-04-26,17.5,75.5,38.66606521606445
2015-04-26,18.5,73.5,36.225730895996094
2015-04-26,18.5,74.5,38.41218566894531
2015-04-26,18.5,75.5,40.06096649169922
2015-04-26,18.5,76.5,39.87958908081055
2015-04-26,18.5,77.5,38.764286041259766
2015-04-26,19.5,73.5,36.566802978515625
2015-04-26,19.5,74.5,39.87983322143555
2015-04-26,19.5,75.5,40.41340255737305
2015-04-26,19.5,76.5,40.50891876220703
2015-04-26,19.5,77.5,40.41328430175781
2015-04-26,19.5,80.5,37.096099853515625
2015-04-26,20.5,73.5,37.49464416503906
2015-04-26,20.5,74.5,39.599178314208984
2015-04-26,20.5,75.5,40.4421501159668
2015-04-26,20.5,76.5,40.83292007446289
2015-04-26,20.5,77.5,40.34326934814453
2015-04-26,20.5,78.5,40.71135711669922
2015-04-26,20.5,79.5,40.12126541137695
2015-04-26,20.5,80.5,38.23878479003906
2015-04-26,21.5,74.5,40.32312774658203
2015-04-26,21.5,78.5,39.5913200378418
2015-04-26,21.5,79.5,39.21754837036133
2015-04-27,16.5,73.5,36.161407470703125
2015-04-27,17.5,73.5,37.181365966796875
2015-04-27,17.5,74.5,38.50053405761719
2015-04-27,17.5,75.5,39.12689208984375
2015-04-27,18.5,73.5,37.46015930175781
2015-04-27,18.5,74.5,38.623600006103516
2015-04-27,18.5,75.5,40.40828323364258
2015-04-27,18.5,76.5,40.301753997802734
2015-04-27,18.5,77.5,38.74720764160156
2015-04-27,19.5,73.5,37.437381744384766
2015-04-27,19.5,74.5,40.66210174560547
2015-04-27,19.5,75.5,41.050018310546875
2015-04-27,19.5,76.5,40.970645904541016
2015-04-27,19.5,77.5,40.537879943847656
2015-04-27,19.5,80.5,37.49058532714844
2015-04-27,20.5,73.5,37.98011016845703
2015-04-27,20.5,74.5,40.53877258300781
2015-04-27,20.5,75.5,40.994388580322266
2015-04-27,20.5,76.5,41.49699783325195
2015-04-27,20.5,77.5,41.032981872558594
2015-04-27,20.5,78.5,40.78323745727539
2015-04-27,20.5,79.5,40.12443542480469
2015-04-27,20.5,80.5,39.036109924316406
2015-04-27,21.5,74.5,40.957611083984375
2015-04-27,21.5,78.5,39.892555236816406
2015-04-27,21.5,79.5,39.4550895690918
2015-04-28,16.5,73.5,34.944210052490234
2015-04-28,17.5,73.5,35.74916458129883
2015-04-28,17.5,74.5,37.33449172973633
2015-04-28,17.5,75.5,39.27290344238281
2015-04-28,18.5,73.5,35.60187911987305
2015-04-28,18.5,74.5,38.538719177246094
2015-04-28,18.5,75.5,40.92693328857422
2015-04-28,18.5,76.5,41.506805419921875
2015-04-28,18.5,77.5,40.91389465332031
2015-04-28,19.5,73.5,36.954689025878906
2015-04-28,19.5,74.5,39.68219757080078
2015-04-28,19.5,75.5,41.49681091308594
2015-04-28,19.5,76.5,42.10196304321289
2015-04-28,19.5,77.5,42.93198776245117
2015-04-28,19.5,80.5,39.91688919067383
2015-04-28,20.5,73.5,37.985816955566406
2015-04-28,20.5,74.5,40.39235305786133
2015-04-28,20.5,75.5,41.20866775512695
2015-04-28,20.5,76.5,42.697628021240234
2015-04-28,20.5,77.5,42.754329681396484
2015-04-28,20.5,78.5,43.115665435791016
2015-04-28,20.5,79.5,42.23789596557617
2015-04-28,20.5,80.5,41.35813903808594
2015-04-28,21.5,74.5,40.97172927856445
2015-04-28,21.5,78.5,41.500728607177734
2015-04-28,21.5,79.5,41.144561767578125
2015-04-29,16.5,73.5,35.4000358581543
2015-04-29,17.5,73.5,36.26707077026367
2015-04-29,17.5,74.5,38.008670806884766
2015-04-29,17.5,75.5,40.46953201293945
2015-04-29,18.5,73.5,36.77503204345703
2015-04-29,18.5,74.5,39.073238372802734
2015-04-29,18.5,75.5,41.751991271972656
2015-04-29,18.5,76.5,42.579368591308594
2015-04-29,18.5,77.5,41.818214416503906
2015-04-29,19.5,73.5,37.530704498291016
2015-04-29,19.5,74.5,40.861427307128906
2015-04-29,19.5,75.5,41.73582077026367
2015-04-29,19.5,76.5,42.319580078125
2015-04-29,19.5,77.5,43.0941162109375
2015-04-29,19.5,80.5,39.73196792602539
2015-04-29,20.5,73.5,38.05525588989258
2015-04-29,20.5,74.5,40.5369987487793
2015-04-29,20.5,75.5,41.664344787597656
2015-04-29,20.5,76.5,42.27248764038086
2015-04-29,20.5,77.5,42.306053161621094
2015-04-29,20.5,78.5,42.96495819091797
2015-04-29,20.5,79.5,42.311676025390625
2015-04-29,20.5,80.5,41.4663200378418
2015-04-29,21.5,74.5,40.77314758300781
2015-04-29,21.5,78.5,41.24626541137695
2015-04-29,21.5,79.5,41.054141998291016
2015-04-30,16.5,73.5,35.48096466064453
2015-04-30,17.5,73.5,36.168800354003906
2015-04-30,17.5,74.5,37.87682342529297
2015-04-30,17.5,75.5,40.15813064575195
2015-04-30,18.5,73.5,36.82337951660156
2015-04-30,18.5,74.5,38.9608039855957
2015-04-30,18.5,75.5,41.490928649902344
2015-04-30,18.5,76.5,42.27851104736328
2015-04-30,18.5,77.5,41.646175384521484
2015-04-30,19.5,73.5,37.59120178222656
2015-04-30,19.5,74.5,40.917236328125
2015-04-30,19.5,75.5,41.900794982910156
2015-04-30,19.5,76.5,42.46108627319336
2015-04-30,19.5,77.5,42.987613677978516
2015-04-30,19.5,80.5,40.042137145996094
2015-04-30,20.5,73.5,38.36891555786133
2015-04-30,20.5,74.5,40.811832427978516
2015-04-30,20.5,75.5,41.99321746826172
2015-04-30,20.5,76.5,42.72130584716797
2015-04-30,20.5,77.5,42.795753479003906
2015-04-30,20.5,78.5,42.95420837402344
2015-04-30,20.5,79.5,42.31306076049805
2015-04-30,20.5,80.5,41.41274642944336
2015-04-30,21.5,74.5,41.2385139465332
2015-04-30,21.5,78.5,41.73496627807617
2015-04-30,21.5,79.5,41.306297302246094
2015-05-01,16.5,73.5,35.6225700378418
2015-05-01,17.5,73.5,36.01866149902344
2015-05-01,17.5,74.5,37.70896911621094
2015-05-01,17.5,75.5,39.98799133300781
2015-05-01,18.5,73.5,36.548519134521484
2015-05-01,18.5,74.5,38.845760345458984
2015-05-01,18.5,75.5,41.14474868774414
2015-05-01,18.5,76.5,42.26436233520508
2015-05-01,18.5,77.5,41.986244201660156
2015-05-01,19.5,73.5,37.302154541015625
2015-05-01,19.5,74.5,40.72407913208008
2015-05-01,19.5,75.5,41.35966110229492
2015-05-01,19.5,76.5,42.53523635864258
2015-05-01,19.5,77.5,43.215274810791016
2015-05-01,19.5,80.5,40.578773498535156
2015-05-01,20.5,73.5,37.76167678833008
2015-05-01,20.5,74.5,40.40752410888672
2015-05-01,20.5,75.5,41.56078338623047
2015-05-01,20.5,76.5,42.34686279296875
2015-05-01,20.5,77.5,42.63862609863281
2015-05-01,20.5,78.5,43.32984161376953
2015-05-01,20.5,79.5,42.58708572387695
2015-05-01,20.5,80.5,41.86623764038086
2015-05-01,21.5,74.5,40.36570739746094
2015-05-01,21.5,78.5,41.29852294921875
2015-05-01,21.5,79.5,41.197410583496094
2015-05-02,16.5,73.5,35.87991714477539
2015-05-02,17.5,73.5,36.64497375488281
2015-05-02,17.5,74.5,38.40033721923828
2015-05-02,17.5,75.5,40.248382568359375
2015-05-02,18.5,73.5,37.1071891784668
2015-05-02,18.5,74.5,39.51329040527344
2015-05-02,18.5,75.5,41.90215301513672
2015-05-02,18.5,76.5,42.518699645996094
2015-05-02,18.5,77.5,42.05463409423828
2015-05-02,19.5,73.5,38.02875518798828
2015-05-02,19.5,74.5,41.27436447143555
2015-05-02,19.5,75.5,41.889015197753906
2015-05-02,19.5,76.5,42.46625900268555
2015-05-02,19.5,77.5,43.10134506225586
2015-05-02,19.5,80.5,40.52112579345703
2015-05-02,20.5,73.5,38.63934326171875
2015-05-02,20.5,74.5,41.06991195678711
2015-05-02,20.5,75.5,41.65045928955078
2015-05-02,20.5,76.5,42.156002044677734
2015-05-02,20.5,77.5,42.553985595703125
2015-05-02,20.5,78.5,43.4129753112793
2015-05-02,20.5,79.5,42.954627990722656
2015-05-02,20.5,80.5,41.68628692626953
2015-05-02,21.5,74.5,40.911346435546875
2015-05-02,21.5,78.5,41.41916275024414
2015-05-02,21.5,79.5,41.300540924072266
2015-05-03,16.5,73.5,35.74039840698242
2015-05-03,17.5,73.5,36.27791976928711
2015-05-03,17.5,74.5,37.94422149658203
2015-05-03,17.5,75.5,39.87404251098633
2015-05-03,18.5,73.5,36.85020065307617
2015-05-03,18.5,74.5,39.04508590698242
2015-05-03,18.5,75.5,41.091636657714844
2015-05-03,18.5,76.5,41.82601547241211
2015-05-03,18.5,77.5,41.37287521362305
2015-05-03,19.5,73.5,37.83486557006836
2015-05-03,19.5,74.5,40.83316421508789
2015-05-03,19.5,75.5,41.73886489868164
2015-05-03,19.5,76.5,42.30376434326172
2015-05-03,19.5,77.5,42.93400573730469
2015-05-03,19.5,80.5,39.95487976074219
2015-05-03,20.5,73.5,38.761470794677734
2015-05-03,20.5,74.5,41.032432556152344
2015-05-03,20.5,75.5,41.77714157104492
2015-05-03,20.5,76.5,42.3828239440918
2015-05-03,20.5,77.5,42.636634826660156
2015-05-03,20.5,78.5,43.14257049560547
2015-05-03,20.5,79.5,42.417179107666016
2015-05-03,20.5,80.5,41.18789291381836
2015-05-03,21.5,74.5,41.197933197021484
2015-05-03,21.5,78.5,41.283294677734375
2015-05-03,21.5,79.5,41.06675338745117
2015-05-04,16.5,73.5,36.192138671875
2015-05-04,17.5,73.5,36.90693283081055
2015-05-04,17.5,74.5,38.596092224121094
2015-05-04,17.5,75.5,40.02460861206055
2015-05-04,18.5,73.5,37.198524475097656
2015-05-04,18.5,74.5,39.50688934326172
2015-05-04,18.5,75.5,41.1483154296875
2015-05-04,18.5,76.5,40.9051628112793
2015-05-04,18.5,77.5,39.96457290649414
2015-05-04,19.5,73.5,38.000450134277344
2015-05-04,19.5,74.5,40.96816635131836
2015-05-04,19.5,75.5,41.701202392578125
2015-05-04,19.5,76.5,41.47756576538086
2015-05-04,19.5,77.5,41.44802474975586
2015-05-04,19.5,80.5,38.9382438659668
2015-05-04,20.5,73.5,38.58149337768555
2015-05-04,20.5,74.5,41.02475357055664
2015-05-04,20.5,75.5,41.46021270751953
2015-05-04,20.5,76.5,41.93019104003906
2015-05-04,20.5,77.5,41.54680633544922
2015-05-04,20.5,78.5,41.75143051147461
2015-05-04,20.5,79.5,41.376956939697266
2015-05-04,20.5,80.5,40.13710403442383
2015-05-04,21.5,74.5,41.14751052856445
2015-05-04,21.5,78.5,40.46085739135742
2015-05-04,21.5,79.5,40.275089263916016
2015-05-05,16.5,73.5,35.103633880615234
2015-05-05,17.5,73.5,35.91111373901367
2015-05-05,17.5,74.5,37.599891662597656
2015-05-05,17.5,75.5,38.7121467590332
2015-05-05,18.5,73.5,36.370269775390625
2015-05-05,18.5,74.5,38.493309020996094
2015-05-05,18.5,75.5,39.78712463378906
2015-05-05,18.5,76.5,40.23780059814453
2015-05-05,18.5,77.5,39.34520721435547
2015-05-05,19.5,73.5,37.83775329589844
2015-05-05,19.5,74.5,40.358314514160156
2015-05-05,19.5,75.5,40.74802017211914
2015-05-05,19.5,76.5,40.8702278137207
2015-05-05,19.5,77.5,40.6270751953125
2015-05-05,19.5,80.5,37.965232849121094
2015-05-05,20.5,73.5,38.59592819213867
2015-05-05,20.5,74.5,41.031063079833984
2015-05-05,20.5,75.5,40.85874557495117
2015-05-05,20.5,76.5,41.55482482910156
2015-05-05,20.5,77.5,40.639286041259766
2015-05-05,20.5,78.5,40.978336334228516
2015-05-05,20.5,79.5,40.48382568359375
2015-05-05,20.5,80.5,39.7992057800293
2015-05-05,21.5,74.5,41.45087432861328
2015-05-05,21.5,78.5,39.96125411987305
2015-05-05,21.5,79.5,39.58338165283203
2015-05-06,16.5,73.5,34.83022689819336
2015-05-06,17.5,73.5,35.05756759643555
2015-05-06,17.5,74.5,36.76013946533203
2015-05-06,17.5,75.5,38.100948333740234
2015-05-06,18.5,73.5,35.9058952331543
2015-05-06,18.5,74.5,37.714942932128906
2015-05-06,18.5,75.5,39.103389739990234
2015-05-06,18.5,76.5,40.19819641113281
2015-05-06,18.5,77.5,40.05793380737305
2015-05-06,19.5,73.5,37.37499237060547
2015-05-06,19.5,74.5,40.020687103271484
2015-05-06,19.5,75.5,40.184349060058594
2015-05-06,19.5,76.5,40.77627944946289
2015-05-06,19.5,77.5,41.61587905883789
2015-05-06,19.5,80.5,39.2628059387207
2015-05-06,20.5,73.5,37.83903121948242
2015-05-06,20.5,74.5,40.337677001953125
2015-05-06,20.5,75.5,40.86466598510742
2015-05-06,20.5,76.5,41.7916374206543
2015-05-06,20.5,77.5,41.50859451293945
2015-05-06,20.5,78.5,41.977298736572266
2015-05-06,20.5,79.5,41.59263610839844
2015-05-06,20.5,80.5,40.92014694213867
2015-05-06,21.5,74.5,41.05820846557617
2015-05-06,21.5,78.5,40.868682861328125
2015-05-06,21.5,79.5,40.839473724365234
2015-05-07,16.5,73.5,35.13803482055664
2015-05-07,17.5,73.5,35.417964935302734
2015-05-07,17.5,74.5,37.15254592895508
2015-05-07,17.5,75.5,38.88485336303711
2015-05-07,18.5,73.5,36.21052169799805
2015-05-07,18.5,74.5,38.38435745239258
2015-05-07,18.5,75.5,40.55990219116211
2015-05-07,18.5,76.5,40.915767669677734
2015-05-07,18.5,77.5,40.28866958618164
2015-05-07,19.5,73.5,37.85301971435547
2015-05-07,19.5,74.5,40.45875930786133
2015-05-07,19.5,75.5,41.508628845214844
2015-05-07,19.5,76.5,41.708946228027344
2015-05-07,19.5,77.5,42.07217025756836
2015-05-07,19.5,80.5,39.8055419921875
2015-05-07,20.5,73.5,38.66751480102539
2015-05-07,20.5,74.5,41.12201690673828
2015-05-07,20.5,75.5,41.81671905517578
2015-05-07,20.5,76.5,42.63526153564453
2015-05-07,20.5,77.5,42.22160720825195
2015-05-07,20.5,78.5,42.794063568115234
2015-05-07,20.5,79.5,42.32865524291992
2015-05-07,20.5,80.5,41.70503616333008
2015-05-07,21.5,74.5,41.63325119018555
2015-05-07,21.5,78.5,41.62074661254883
2015-05-07,21.5,79.5,41.62711715698242
2015-05-08,16.5,73.5,35.56885528564453
2015-05-08,17.5,73.5,35.974002838134766
2015-05-08,17.5,74.5,37.70032501220703
2015-05-08,17.5,75.5,39.72501754760742
2015-05-08,18.5,73.5,36.376976013183594
2015-05-08,18.5,74.5,38.706825256347656
2015-05-08,18.5,75.5,41.2803955078125
2015-05-08,18.5,76.5,41.979000091552734
2015-05-08,18.5,77.5,41.661773681640625
2015-05-08,19.5,73.5,37.96847152709961
2015-05-08,19.5,74.5,40.895225524902344
2015-05-08,19.5,75.5,42.27796936035156
2015-05-08,19.5,76.5,42.56159973144531
2015-05-08,19.5,77.5,43.31665802001953
2015-05-08,19.5,80.5,41.09234619140625
2015-05-08,20.5,73.5,38.532230377197266
2015-05-08,20.5,74.5,41.281517028808594
2015-05-08,20.5,75.5,42.436336517333984
2015-05-08,20.5,76.5,43.175052642822266
2015-05-08,20.5,77.5,43.345458984375
2015-05-08,20.5,78.5,44.0590934753418
2015-05-08,20.5,79.5,43.13557434082031
2015-05-08,20.5,80.5,42.84337615966797
2015-05-08,21.5,74.5,41.72574234008789
2015-05-08,21.5,78.5,42.521121978759766
2015-05-08,21.5,79.5,42.40153121948242
2015-05-09,16.5,73.5,35.39939880371094
2015-05-09,17.5,73.5,35.91070556640625
2015-05-09,17.5,74.5,37.63099670410156
2015-05-09,17.5,75.5,39.94646453857422
2015-05-09,18.5,73.5,36.70686721801758
2015-05-09,18.5,74.5,38.64265823364258
2015-05-09,18.5,75.5,41.3210563659668
2015-05-09,18.5,76.5,42.15774917602539
2015-05-09,18.5,77.5,41.97779083251953
2015-05-09,19.5,73.5,38.270912170410156
2015-05-09,19.5,74.5,40.85512161254883
2015-05-09,19.5,75.5,42.02880096435547
2015-05-09,19.5,76.5,42.55998611450195
2015-05-09,19.5,77.5,43.511573791503906
2015-05-09,19.5,80.5,41.241783142089844
2015-05-09,20.5,73.5,39.03763961791992
2015-05-09,20.5,74.5,41.57429885864258
2015-05-09,20.5,75.5,42.00170135498047
2015-05-09,20.5,76.5,42.63661193847656
2015-05-09,20.5,77.5,43.04720687866211
2015-05-09,20.5,78.5,43.81794738769531
2015-05-09,20.5,79.5,43.03200912475586
2015-05-09,20.5,80.5,42.741153717041016
2015-05-09,21.5,74.5,41.65216064453125
2015-05-09,21.5,78.5,42.195220947265625
2015-05-09,21.5,79.5,42.086280822753906
2015-05-10,16.5,73.5,35.12168884277344
2015-05-10,17.5,73.5,35.11492919921875
2015-05-10,17.5,74.5,36.7642936706543
2015-05-10,17.5,75.5,38.580604553222656
2015-05-10,18.5,73.5,35.74202346801758
2015-05-10,18.5,74.5,37.747154235839844
2015-05-10,18.5,75.5,39.27436447143555
2015-05-10,18.5,76.5,39.75238037109375
2015-05-10,18.5,77.5,39.177215576171875
2015-05-10,19.5,73.5,37.617225646972656
2015-05-10,19.5,74.5,39.971805572509766
2015-05-10,19.5,75.5,40.58184814453125
2015-05-10,19.5,76.5,40.51335906982422
2015-05-10,19.5,77.5,41.15458679199219
2015-05-10,19.5,80.5,38.69218826293945
2015-05-10,20.5,73.5,37.82254409790039
2015-05-10,20.5,74.5,40.403987884521484
2015-05-10,20.5,75.5,40.717979431152344
2015-05-10,20.5,76.5,41.489646911621094
2015-05-10,20.5,77.5,41.37953567504883
2015-05-10,20.5,78.5,41.88343048095703
2015-05-10,20.5,79.5,41.1126708984375
2015-05-10,20.5,80.5,40.890708923339844
2015-05-10,21.5,74.5,40.43553161621094
2015-05-10,21.5,78.5,41.004234313964844
2015-05-10,21.5,79.5,41.10914993286133
2015-05-11,16.5,73.5,35.68441390991211
2015-05-11,17.5,73.5,36.09806823730469
2015-05-11,17.5,74.5,37.86391067504883
2015-05-11,17.5,75.5,39.7674446105957
2015-05-11,18.5,73.5,36.61639404296875
2015-05-11,18.5,74.5,38.978118896484375
2015-05-11,18.5,75.5,41.09689712524414
2015-05-11,18.5,76.5,41.00590133666992
2015-05-11,18.5,77.5,40.15235137939453
2015-05-11,19.5,73.5,38.03247833251953
2015-05-11,19.5,74.5,40.78661346435547
2015-05-11,19.5,75.5,41.94844055175781
2015-05-11,19.5,76.5,41.90068054199219
2015-05-11,19.5,77.5,42.33013153076172
2015-05-11,19.5,80.5,39.48726272583008
2015-05-11,20.5,73.5,38.35173797607422
2015-05-11,20.5,74.5,40.9394645690918
2015-05-11,20.5,75.5,41.63979721069336
2015-05-11,20.5,76.5,42.287696838378906
2015-05-11,20.5,77.5,42.39231491088867
2015-05-11,20.5,78.5,42.81913375854492
2015-05-11,20.5,79.5,42.32529067993164
2015-05-11,20.5,80.5,41.213863372802734
2015-05-11,21.5,74.5,41.021732330322266
2015-05-11,21.5,78.5,41.5211181640625
2015-05-11,21.5,79.5,41.31679916381836
2015-05-12,16.5,73.5,34.663414001464844
2015-05-12,17.5,73.5,34.86952209472656
2015-05-12,17.5,74.5,36.525325775146484
2015-05-12,17.5,75.5,38.341697692871094
2015-05-12,18.5,73.5,35.61127853393555
2015-05-12,18.5,74.5,37.7519645690918
2015-05-12,18.5,75.5,39.22780990600586
2015-05-12,18.5,76.5,39.87625503540039
2015-05-12,18.5,77.5,39.76250076293945
2015-05-12,19.5,73.5,37.08019256591797
2015-05-12,19.5,74.5,39.36770248413086
2015-05-12,19.5,75.5,40.127811431884766
2015-05-12,19.5,76.5,40.42771530151367
2015-05-12,19.5,77.5,41.140541076660156
2015-05-12,19.5,80.5,39.286808013916016
2015-05-12,20.5,73.5,37.08761215209961
2015-05-12,20.5,74.5,39.8739128112793
2015-05-12,20.5,75.5,40.07398223876953
2015-05-12,20.5,76.5,40.71249771118164
2015-05-12,20.5,77.5,40.72615051269531
2015-05-12,20.5,78.5,41.386260986328125
2015-05-12,20.5,79.5,41.47505569458008
2015-05-12,20.5,80.5,41.13726806640625
2015-05-12,21.5,74.5,39.860923767089844
2015-05-12,21.5,78.5,40.61805725097656
2015-05-12,21.5,79.5,40.547210693359375
2015-05-13,16.5,73.5,32.709632873535156
2015-05-13,17.5,73.5,33.408958435058594
2015-05-13,17.5,74.5,34.98652648925781
2015-05-13,17.5,75.5,36.013858795166016
2015-05-13,18.5,73.5,34.640567779541016
2015-05-13,18.5,74.5,36.53151321411133
2015-05-13,18.5,75.5,38.08915710449219
2015-05-13,18.5,76.5,38.89018630981445
2015-05-13,18.5,77.5,39.344268798828125
2015-05-13,19.5,73.5,36.44783020019531
2015-05-13,19.5,74.5,39.25774002075195
2015-05-13,19.5,75.5,39.498783111572266
2015-05-13,19.5,76.5,40.11538314819336
2015-05-13,19.5,77.5,40.66043472290039
2015-05-13,19.5,80.5,38.836605072021484
2015-05-13,20.5,73.5,37.024112701416016
2015-05-13,20.5,74.5,39.31214904785156
2015-05-13,20.5,75.5,39.81364822387695
2015-05-13,20.5,76.5,40.53461456298828
2015-05-13,20.5,77.5,40.37544631958008
2015-05-13,20.5,78.5,41.043418884277344
2015-05-13,20.5,79.5,40.851375579833984
2015-05-13,20.5,80.5,40.52484130859375
2015-05-13,21.5,74.5,39.70207977294922
2015-05-13,21.5,78.5,39.7039909362793
2015-05-13,21.5,79.5,39.469146728515625
2015-05-14,16.5,73.5,31.977352142333984
2015-05-14,17.5,73.5,32.590545654296875
2015-05-14,17.5,74.5,34.060340881347656
2015-05-14,17.5,75.5,35.522361755371094
2015-05-14,18.5,73.5,33.515296936035156
2015-05-14,18.5,74.5,35.30797576904297
2015-05-14,18.5,75.5,36.207481384277344
2015-05-14,18.5,76.5,37.491363525390625
2015-05-14,18.5,77.5,37.86528396606445
2015-05-14,19.5,73.5,35.289493560791016
2015-05-14,19.5,74.5,36.864410400390625
2015-05-14,19.5,75.5,36.31951904296875
2015-05-14,19.5,76.5,36.9273567199707
2015-05-14,19.5,77.5,38.033199310302734
2015-05-14,19.5,80.5,37.241275787353516
2015-05-14,20.5,73.5,35.20975875854492
2015-05-14,20.5,74.5,37.43183898925781
2015-05-14,20.5,75.5,36.29541778564453
2015-05-14,20.5,76.5,37.251853942871094
2015-05-14,20.5,77.5,37.06970977783203
2015-05-14,20.5,78.5,38.929290771484375
2015-05-14,20.5,79.5,38.82566833496094
2015-05-14,20.5,80.5,38.36001968383789
2015-05-14,21.5,74.5,37.92341232299805
2015-05-14,21.5,78.5,37.15233612060547
2015-05-14,21.5,79.5,36.61779022216797
2015-05-15,16.5,73.5,33.37476348876953
2015-05-15,17.5,73.5,33.475425720214844
2015-05-15,17.5,74.5,34.93225860595703
2015-05-15,17.5,75.5,35.9399528503418
2015-05-15,18.5,73.5,34.435211181640625
2015-05-15,18.5,74.5,36.04648971557617
2015-05-15,18.5,75.5,36.359954833984375
2015-05-15,18.5,76.5,36.46767044067383
2015-05-15,18.5,77.5,36.193511962890625
2015-05-15,19.5,73.5,36.4598503112793
2015-05-15,19.5,74.5,37.665748596191406
2015-05-15,19.5,75.5,37.18892288208008
2015-05-15,19.5,76.5,36.40657043457031
2015-05-15,19.5,77.5,36.11725616455078
2015-05-15,19.5,80.5,35.05036163330078
2015-05-15,20.5,73.5,37.16263198852539
2015-05-15,20.5,74.5,39.023193359375
2015-05-15,20.5,75.5,37.01921081542969
2015-05-15,20.5,76.5,37.24778747558594
2015-05-15,20.5,77.5,35.65568923950195
2015-05-15,20.5,78.5,36.190860748291016
2015-05-15,20.5,79.5,35.626853942871094
2015-05-15,20.5,80.5,36.61256408691406
2015-05-15,21.5,74.5,39.73078155517578
2015-05-15,21.5,78.5,34.91847229003906
2015-05-15,21.5,79.5,34.2097053527832
2015-05-16,16.5,73.5,34.296104431152344
2015-05-16,17.5,73.5,34.74005126953125
2015-05-16,17.5,74.5,36.159915924072266
2015-05-16,17.5,75.5,37.232398986816406
2015-05-16,18.5,73.5,35.66355895996094
2015-05-16,18.5,74.5,37.30534362792969
2015-05-16,18.5,75.5,38.900753021240234
2015-05-16,18.5,76.5,38.31923294067383
2015-05-16,18.5,77.5,37.5179557800293
2015-05-16,19.5,73.5,37.37446212768555
2015-05-16,19.5,74.5,39.29547119140625
2015-05-16,19.5,75.5,39.803863525390625
2015-05-16,19.5,76.5,39.73466110229492
2015-05-16,19.5,77.5,39.66206359863281
2015-05-16,19.5,80.5,36.7998161315918
2015-05-16,20.5,73.5,38.32957077026367
2015-05-16,20.5,74.5,40.36671447753906
2015-05-16,20.5,75.5,40.58234405517578
2015-05-16,20.5,76.5,40.79071807861328
2015-05-16,20.5,77.5,39.91574478149414
2015-05-16,20.5,78.5,40.18720626831055
2015-05-16,20.5,79.5,39.419517517089844
2015-05-16,20.5,80.5,38.56486892700195
2015-05-16,21.5,74.5,41.32363510131836
2015-05-16,21.5,78.5,39.26591491699219
2015-05-16,21.5,79.5,38.85091781616211
2015-05-17,16.5,73.5,34.92760467529297
2015-05-17,17.5,73.5,35.44537353515625
2015-05-17,17.5,74.5,36.71638870239258
2015-05-17,17.5,75.5,38.8095703125
2015-05-17,18.5,73.5,36.269554138183594
2015-05-17,18.5,74.5,38.221282958984375
2015-05-17,18.5,75.5,40.53971481323242
2015-05-17,18.5,76.5,41.23226547241211
2015-05-17,18.5,77.5,40.02450942993164
2015-05-17,19.5,73.5,37.341365814208984
2015-05-17,19.5,74.5,40.344783782958984
2015-05-17,19.5,75.5,41.45209503173828
2015-05-17,19.5,76.5,42.17618942260742
2015-05-17,19.5,77.5,42.240814208984375
2015-05-17,19.5,80.5,38.632110595703125
2015-05-17,20.5,73.5,38.7259521484375
2015-05-17,20.5,74.5,40.97356033325195
2015-05-17,20.5,75.5,41.96891403198242
2015-05-17,20.5,76.5,43.01375961303711
2015-05-17,20.5,77.5,42.08504104614258
2015-05-17,20.5,78.5,42.371986389160156
2015-05-17,20.5,79.5,41.33700942993164
2015-05-17,20.5,80.5,40.278175354003906
2015-05-17,21.5,74.5,41.82518005371094
2015-05-17,21.5,78.5,41.03157043457031
2015-05-17,21.5,79.5,40.64064025878906
2015-05-18,16.5,73.5,35.285423278808594
2015-05-18,17.5,73.5,35.721534729003906
2015-05-18,17.5,74.5,37.08347702026367
2015-05-18,17.5,75.5,39.39684295654297
2015-05-18,18.5,73.5,36.45784378051758
2015-05-18,18.5,74.5,38.6697883605957
2015-05-18,18.5,75.5,41.62059020996094
2015-05-18,18.5,76.5,42.66395950317383
2015-05-18,18.5,77.5,42.06551742553711
2015-05-18,19.5,73.5,37.95506286621094
2015-05-18,19.5,74.5,40.884620666503906
2015-05-18,19.5,75.5,42.52601623535156
2015-05-18,19.5,76.5,43.58197021484375
2015-05-18,19.5,77.5,44.130069732666016
2015-05-18,19.5,80.5,41.063533782958984
2015-05-18,20.5,73.5,38.636714935302734
2015-05-18,20.5,74.5,41.39008712768555
2015-05-18,20.5,75.5,43.03382110595703
2015-05-18,20.5,76.5,44.328025817871094
2015-05-18,20.5,77.5,43.900875091552734
2015-05-18,20.5,78.5,44.55426788330078
2015-05-18,20.5,79.5,43.59870910644531
2015-05-18,20.5,80.5,42.49946212768555
2015-05-18,21.5,74.5,42.133636474609375
2015-05-18,21.5,78.5,42.934051513671875
2015-05-18,21.5,79.5,42.88589859008789
2015-05-19,16.5,73.5,34.8203239440918
2015-05-19,17.5,73.5,35.32585144042969
2015-05-19,17.5,74.5,36.575286865234375
2015-05-19,17.5,75.5,39.538246154785156
2015-05-19,18.5,73.5,36.406070709228516
2015-05-19,18.5,74.5,38.74859619140625
2015-05-19,18.5,75.5,42.17575454711914
2015-05-19,18.5,76.5,44.268310546875
2015-05-19,18.5,77.5,43.85688400268555
2015-05-19,19.5,73.5,37.82941436767578
2015-05-19,19.5,74.5,41.12486267089844
2015-05-19,19.5,75.5,43.06450271606445
2015-05-19,19.5,76.5,44.601829528808594
2015-05-19,19.5,77.5,45.682884216308594
2015-05-19,19.5,80.5,43.31319046020508
2015-05-19,20.5,73.5,38.610191345214844
2015-05-19,20.5,74.5,41.400840759277344
2015-05-19,20.5,75.5,43.40108871459961
2015-05-19,20.5,76.5,44.74215316772461
2015-05-19,20.5,77.5,45.08559799194336
2015-05-19,20.5,78.5,46.306976318359375
2015-05-19,20.5,79.5,45.54506301879883
2015-05-19,20.5,80.5,44.83584976196289
2015-05-19,21.5,74.5,41.815670013427734
2015-05-19,21.5,78.5,44.64611053466797
2015-05-19,21.5,79.5,44.80284118652344
2015-05-20,16.5,73.5,35.65446472167969
2015-05-20,17.5,73.5,35.74755859375
2015-05-20,17.5,74.5,37.32051086425781
2015-05-20,17.5,75.5,40.257965087890625
2015-05-20,18.5,73.5,36.56406021118164
2015-05-20,18.5,74.5,38.8848991394043
2015-05-20,18.5,75.5,42.293758392333984
2015-05-20,18.5,76.5,44.203182220458984
2015-05-20,18.5,77.5,44.26693344116211
2015-05-20,19.5,73.5,37.88350296020508
2015-05-20,19.5,74.5,41.11720275878906
2015-05-20,19.5,75.5,43.14558792114258
2015-05-20,19.5,76.5,44.49483871459961
2015-05-20,19.5,77.5,45.66968536376953
2015-05-20,19.5,80.5,43.759796142578125
2015-05-20,20.5,73.5,38.472564697265625
2015-05-20,20.5,74.5,41.17089080810547
2015-05-20,20.5,75.5,43.15866470336914
2015-05-20,20.5,76.5,44.49297332763672
2015-05-20,20.5,77.5,45.00590896606445
2015-05-20,20.5,78.5,46.0899772644043
2015-05-20,20.5,79.5,45.57712936401367
2015-05-20,20.5,80.5,44.612667083740234
2015-05-20,21.5,74.5,41.83106231689453
2015-05-20,21.5,78.5,44.091426849365234
2015-05-20,21.5,79.5,43.74774932861328
2015-05-21,16.5,73.5,34.87432098388672
2015-05-21,17.5,73.5,35.11336135864258
2015-05-21,17.5,74.5,36.46116638183594
2015-05-21,17.5,75.5,39.69031524658203
2015-05-21,18.5,73.5,36.125518798828125
2015-05-21,18.5,74.5,38.3448600769043
2015-05-21,18.5,75.5,41.99406814575195
2015-05-21,18.5,76.5,44.42340087890625
2015-05-21,18.5,77.5,44.78919982910156
2015-05-21,19.5,73.5,37.45361328125
2015-05-21,19.5,74.5,40.63554382324219
2015-05-21,19.5,75.5,42.636104583740234
2015-05-21,19.5,76.5,44.295902252197266
2015-05-21,19.5,77.5,45.41371536254883
2015-05-21,19.5,80.5,44.6721076965332
2015-05-21,20.5,73.5,38.41709899902344
2015-05-21,20.5,74.5,40.910823822021484
2015-05-21,20.5,75.5,42.896263122558594
2015-05-21,20.5,76.5,44.09297180175781
2015-05-21,20.5,77.5,44.622901916503906
2015-05-21,20.5,78.5,45.68336868286133
2015-05-21,20.5,79.5,45.172428131103516
2015-05-21,20.5,80.5,45.17546844482422
2015-05-21,21.5,74.5,41.5589714050293
2015-05-21,21.5,78.5,43.87551498413086
2015-05-21,21.5,79.5,43.873435974121094
2015-05-22,16.5,73.5,35.748504638671875
2015-05-22,17.5,73.5,35.810874938964844
2015-05-22,17.5,74.5,37.3005256652832
2015-05-22,17.5,75.5,40.21527099609375
2015-05-22,18.5,73.5,36.40558624267578
2015-05-22,18.5,74.5,38.49204635620117
2015-05-22,18.5,75.5,41.72169494628906
2015-05-22,18.5,76.5,43.71757125854492
2015-05-22,18.5,77.5,44.22753143310547
2015-05-22,19.5,73.5,37.62153244018555
2015-05-22,19.5,74.5,40.654273986816406
2015-05-22,19.5,75.5,42.274173736572266
2015-05-22,19.5,76.5,43.915428161621094
2015-05-22,19.5,77.5,45.337982177734375
2015-05-22,19.5,80.5,44.883358001708984
2015-05-22,20.5,73.5,38.46844482421875
2015-05-22,20.5,74.5,40.67929458618164
2015-05-22,20.5,75.5,42.501468658447266
2015-05-22,20.5,76.5,43.71757125854492
2015-05-22,20.5,77.5,44.56544494628906
2015-05-22,20.5,78.5,45.861026763916016
2015-05-22,20.5,79.5,45.679447174072266
2015-05-22,20.5,80.5,45.7067756652832
2015-05-22,21.5,74.5,41.62307357788086
2015-05-22,21.5,78.5,43.95121383666992
2015-05-22,21.5,79.5,44.15925216674805
2015-05-23,16.5,73.5,35.65665054321289
2015-05-23,17.5,73.5,35.45604705810547
2015-05-23,17.5,74.5,36.89006423950195
2015-05-23,17.5,75.5,39.26906204223633
2015-05-23,18.5,73.5,36.15268325805664
2015-05-23,18.5,74.5,37.97621154785156
2015-05-23,18.5,75.5,40.44316864013672
2015-05-23,18.5,76.5,42.23537826538086
2015-05-23,18.5,77.5,42.98613739013672
2015-05-23,19.5,73.5,37.29506301879883
2015-05-23,19.5,74.5,40.00953674316406
2015-05-23,19.5,75.5,40.787872314453125
2015-05-23,19.5,76.5,42.15793991088867
2015-05-23,19.5,77.5,43.78636932373047
2015-05-23,19.5,80.5,44.039371490478516
2015-05-23,20.5,73.5,38.58128356933594
2015-05-23,20.5,74.5,40.088558197021484
2015-05-23,20.5,75.5,40.954105377197266
2015-05-23,20.5,76.5,42.13442611694336
2015-05-23,20.5,77.5,42.95860290527344
2015-05-23,20.5,78.5,44.75628662109375
2015-05-23,20.5,79.5,44.57024383544922
2015-05-23,20.5,80.5,45.17018127441406
2015-05-23,21.5,74.5,40.92582321166992
2015-05-23,21.5,78.5,42.71421432495117
2015-05-23,21.5,79.5,43.07041931152344
2015-05-24,16.5,73.5,35.432552337646484
2015-05-24,17.5,73.5,35.50436782836914
2015-05-24,17.5,74.5,36.91862869262695
2015-05-24,17.5,75.5,39.036048889160156
2015-05-24,18.5,73.5,35.96350860595703
2015-05-24,18.5,74.5,37.960697174072266
2015-05-24,18.5,75.5,40.4033088684082
2015-05-24,18.5,76.5,42.011165618896484
2015-05-24,18.5,77.5,42.3442268371582
2015-05-24,19.5,73.5,37.00779724121094
2015-05-24,19.5,74.5,39.88327407836914
2015-05-24,19.5,75.5,40.88291931152344
2015-05-24,19.5,76.5,42.17028045654297
2015-05-24,19.5,77.5,43.48645782470703
2015-05-24,19.5,80.5,43.47953796386719
2015-05-24,20.5,73.5,38.1192741394043
2015-05-24,20.5,74.5,40.01277542114258
2015-05-24,20.5,75.5,41.14752960205078
2015-05-24,20.5,76.5,42.39352798461914
2015-05-24,20.5,77.5,42.987998962402344
2015-05-24,20.5,78.5,44.109310150146484
2015-05-24,20.5,79.5,43.78669738769531
2015-05-24,20.5,80.5,44.252620697021484
2015-05-24,21.5,74.5,40.818138122558594
2015-05-24,21.5,78.5,42.44609069824219
2015-05-24,21.5,79.5,42.490394592285156
2015-05-25,16.5,73.5,35.76476287841797
2015-05-25,17.5,73.5,35.36184310913086
2015-05-25,17.5,74.5,36.76245880126953
2015-05-25,17.5,75.5,39.02238464355469
2015-05-25,18.5,73.5,35.810062408447266
2015-05-25,18.5,74.5,37.64360427856445
2015-05-25,18.5,75.5,40.05297088623047
2015-05-25,18.5,76.5,41.68842315673828
2015-05-25,18.5,77.5,42.23197937011719
2015-05-25,19.5,73.5,36.864830017089844
2015-05-25,19.5,74.5,39.715049743652344
2015-05-25,19.5,75.5,40.48884963989258
2015-05-25,19.5,76.5,41.903873443603516
2015-05-25,19.5,77.5,43.355709075927734
2015-05-25,19.5,80.5,43.657047271728516
2015-05-25,20.5,73.5,37.91191864013672
2015-05-25,20.5,74.5,39.5118522644043
2015-05-25,20.5,75.5,40.873138427734375
2015-05-25,20.5,76.5,42.04188919067383
2015-05-25,20.5,77.5,42.57695007324219
2015-05-25,20.5,78.5,44.54640197753906
2015-05-25,20.5,79.5,44.26533508300781
2015-05-25,20.5,80.5,45.055450439453125
2015-05-25,21.5,74.5,40.24384307861328
2015-05-25,21.5,78.5,42.5491943359375
2015-05-25,21.5,79.5,42.97926330566406
2015-05-26,16.5,73.5,35.45296859741211
2015-05-26,17.5,73.5,35.25056457519531
2015-05-26,17.5,74.5,36.49085235595703
2015-05-26,17.5,75.5,38.93746566772461
2015-05-26,18.5,73.5,35.82698440551758
2015-05-26,18.5,74.5,37.62962341308594
2015-05-26,18.5,75.5,40.51890563964844
2015-05-26,18.5,76.5,42.54401779174805
2015-05-26,18.5,77.5,43.0157356262207
2015-05-26,19.5,73.5,37.134544372558594
2015-05-26,19.5,74.5,39.884273529052734
2015-05-26,19.5,75.5,41.11037063598633
2015-05-26,19.5,76.5,42.354408264160156
2015-05-26,19.5,77.5,43.78414535522461
2015-05-26,19.5,80.5,44.0192756652832
2015-05-26,20.5,73.5,37.74037170410156
2015-05-26,20.5,74.5,39.651973724365234
2015-05-26,20.5,75.5,41.15800476074219
2015-05-26,20.5,76.5,42.73383712768555
2015-05-26,20.5,77.5,43.28697967529297
2015-05-26,20.5,78.5,44.70399475097656
2015-05-26,20.5,79.5,44.51261520385742
2015-05-26,20.5,80.5,45.079463958740234
2015-05-26,21.5,74.5,40.42339324951172
2015-05-26,21.5,78.5,42.78732681274414
2015-05-26,21.5,79.5,43.09349822998047
2015-05-27,16.5,73.5,35.64652633666992
2015-05-27,17.5,73.5,35.4439697265625
2015-05-27,17.5,74.5,36.923770904541016
2015-05-27,17.5,75.5,39.921451568603516
2015-05-27,18.5,73.5,36.098609924316406
2015-05-27,18.5,74.5,38.22514343261719
2015-05-27,18.5,75.5,41.695919036865234
2015-05-27,18.5,76.5,43.64788818359375
2015-05-27,18.5,77.5,43.849369049072266
2015-05-27,19.5,73.5,36.80671310424805
2015-05-27,19.5,74.5,40.07828903198242
2015-05-27,19.5,75.5,41.947391510009766
2015-05-27,19.5,76.5,43.71474838256836
2015-05-27,19.5,77.5,44.925010681152344
2015-05-27,19.5,80.5,44.37486267089844
2015-05-27,20.5,73.5,37.656917572021484
2015-05-27,20.5,74.5,39.774261474609375
2015-05-27,20.5,75.5,41.83834457397461
2015-05-27,20.5,76.5,43.08432388305664
2015-05-27,20.5,77.5,43.89690399169922
2015-05-27,20.5,78.5,45.38108825683594
2015-05-27,20.5,79.5,45.060203552246094
2015-05-27,20.5,80.5,45.35408401489258
2015-05-27,21.5,74.5,40.28640365600586
2015-05-27,21.5,78.5,43.053131103515625
2015-05-27,21.5,79.5,43.50554275512695
2015-05-28,16.5,73.5,35.46470260620117
2015-05-28,17.5,73.5,35.54879379272461
2015-05-28,17.5,74.5,36.850833892822266
2015-05-28,17.5,75.5,38.906524658203125
2015-05-28,18.5,73.5,36.2412223815918
2015-05-28,18.5,74.5,38.168949127197266
2015-05-28,18.5,75.5,40.94793701171875
2015-05-28,18.5,76.5,42.55923843383789
2015-05-28,18.5,77.5,42.868186950683594
2015-05-28,19.5,73.5,37.372840881347656
2015-05-28,19.5,74.5,40.44540786743164
2015-05-28,19.5,75.5,42.06473159790039
2015-05-28,19.5,76.5,43.33161544799805
2015-05-28,19.5,77.5,44.523712158203125
2015-05-28,19.5,80.5,43.77237319946289
2015-05-28,20.5,73.5,38.26104736328125
2015-05-28,20.5,74.5,40.61858367919922
2015-05-28,20.5,75.5,42.353668212890625
2015-05-28,20.5,76.5,43.59773254394531
2015-05-28,20.5,77.5,44.11479568481445
2015-05-28,20.5,78.5,45.63967514038086
2015-05-28,20.5,79.5,45.35320281982422
2015-05-28,20.5,80.5,45.090232849121094
2015-05-28,21.5,74.5,40.81916427612305
2015-05-28,21.5,78.5,43.77249526977539
2015-05-28,21.5,79.5,44.09347152709961
2015-05-29,16.5,73.5,34.37301254272461
2015-05-29,17.5,73.5,35.170799255371094
2015-05-29,17.5,74.5,36.44520568847656
2015-05-29,17.5,75.5,38.716270446777344
2015-05-29,18.5,73.5,35.722206115722656
2015-05-29,18.5,74.5,37.76546859741211
2015-05-29,18.5,75.5,41.495479583740234
2015-05-29,18.5,76.5,43.54022979736328
2015-05-29,18.5,77.5,44.00368881225586
2015-05-29,19.5,73.5,36.87214660644531
2015-05-29,19.5,74.5,39.775054931640625
2015-05-29,19.5,75.5,42.182159423828125
2015-05-29,19.5,76.5,43.70406723022461
2015-05-29,19.5,77.5,44.979339599609375
2015-05-29,19.5,80.5,43.97510528564453
2015-05-29,20.5,73.5,38.04439163208008
2015-05-29,20.5,74.5,40.430198669433594
2015-05-29,20.5,75.5,42.12767028808594
2015-05-29,20.5,76.5,43.701446533203125
2015-05-29,20.5,77.5,44.30485916137695
2015-05-29,20.5,78.5,45.4737548828125
2015-05-29,20.5,79.5,45.2171516418457
2015-05-29,20.5,80.5,45.594024658203125
2015-05-29,21.5,74.5,41.01421356201172
2015-05-29,21.5,78.5,43.592735290527344
2015-05-29,21.5,79.5,43.913516998291016
2015-05-30,16.5,73.5,33.48638153076172
2015-05-30,17.5,73.5,33.0507698059082
2015-05-30,17.5,74.5,34.282501220703125
2015-05-30,17.5,75.5,36.762718200683594
2015-05-30,18.5,73.5,34.09514617919922
2015-05-30,18.5,74.5,35.276390075683594
2015-05-30,18.5,75.5,38.67053985595703
2015-05-30,18.5,76.5,41.0364990234375
2015-05-30,18.5,77.5,42.2144889831543
2015-05-30,19.5,73.5,36.25052261352539
2015-05-30,19.5,74.5,38.98988723754883
2015-05-30,19.5,75.5,40.63642883300781
2015-05-30,19.5,76.5,42.183712005615234
2015-05-30,19.5,77.5,43.89434814453125
2015-05-30,19.5,80.5,43.58751678466797
2015-05-30,20.5,73.5,37.60977554321289
2015-05-30,20.5,74.5,39.645076751708984
2015-05-30,20.5,75.5,41.41277313232422
2015-05-30,20.5,76.5,43.00839614868164
2015-05-30,20.5,77.5,43.79185485839844
2015-05-30,20.5,78.5,45.1832389831543
2015-05-30,20.5,79.5,45.24864196777344
2015-05-30,20.5,80.5,45.21415710449219
2015-05-30,21.5,74.5,40.8110237121582
2015-05-30,21.5,78.5,43.804481506347656
2015-05-30,21.5,79.5,44.275474548339844
2015-05-31,16.5,73.5,35.26836395263672
2015-05-31,17.5,73.5,35.265140533447266
2015-05-31,17.5,74.5,36.445159912109375
2015-05-31,17.5,75.5,39.23501205444336
2015-05-31,18.5,73.5,36.00511169433594
2015-05-31,18.5,74.5,37.75676345825195
2015-05-31,18.5,75.5,41.011741638183594
2015-05-31,18.5,76.5,42.87212371826172
2015-05-31,18.5,77.5,43.10234069824219
2015-05-31,19.5,73.5,37.570533752441406
2015-05-31,19.5,74.5,40.02334213256836
2015-05-31,19.5,75.5,41.73219680786133
2015-05-31,19.5,76.5,43.088523864746094
2015-05-31,19.5,77.5,44.52857208251953
2015-05-31,19.5,80.5,42.90270233154297
2015-05-31,20.5,73.5,38.42510986328125
2015-05-31,20.5,74.5,40.338130950927734
2015-05-31,20.5,75.5,42.176002502441406
2015-05-31,20.5,76.5,43.32029724121094
2015-05-31,20.5,77.5,44.00229263305664
2015-05-31,20.5,78.5,45.12861633300781
2015-05-31,20.5,79.5,44.445343017578125
2015-05-31,20.5,80.5,44.33202362060547
2015-05-31,21.5,74.5,41.2675895690918
2015-05-31,21.5,78.5,43.487060546875
2015-05-31,21.5,79.5,43.8783073425293
2015-06-01,16.5,73.5,32.29020690917969
2015-06-01,17.5,73.5,32.881256103515625
2015-06-01,17.5,74.5,33.875999450683594
2015-06-01,17.5,75.5,35.357208251953125
2015-06-01,18.5,73.5,34.52494430541992
2015-06-01,18.5,74.5,35.24635696411133
2015-06-01,18.5,75.5,37.64586639404297
2015-06-01,18.5,76.5,38.77198028564453
2015-06-01,18.5,77.5,37.94157409667969
2015-06-01,19.5,73.5,36.54517364501953
2015-06-01,19.5,74.5,39.044071197509766
2015-06-01,19.5,75.5,39.7470588684082
2015-06-01,19.5,76.5,40.0782356262207
2015-06-01,19.5,77.5,39.30842590332031
2015-06-01,19.5,80.5,36.873470306396484
2015-06-01,20.5,73.5,37.5419807434082
2015-06-01,20.5,74.5,39.36640930175781
2015-06-01,20.5,75.5,40.1023063659668
2015-06-01,20.5,76.5,41.08818435668945
2015-06-01,20.5,77.5,40.0289421081543
2015-06-01,20.5,78.5,40.290950775146484
2015-06-01,20.5,79.5,39.83195114135742
2015-06-01,20.5,80.5,38.51380920410156
2015-06-01,21.5,74.5,40.16680908203125
2015-06-01,21.5,78.5,39.6886100769043
2015-06-01,21.5,79.5,39.72197341918945
2015-06-02,16.5,73.5,34.03813552856445
2015-06-02,17.5,73.5,34.322975158691406
2015-06-02,17.5,74.5,35.27998733520508
2015-06-02,17.5,75.5,36.98814010620117
2015-06-02,18.5,73.5,35.517120361328125
2015-06-02,18.5,74.5,36.267295837402344
2015-06-02,18.5,75.5,38.61656188964844
2015-06-02,18.5,76.5,40.383811950683594
2015-06-02,18.5,77.5,40.3267822265625
2015-06-02,19.5,73.5,36.89766311645508
2015-06-02,19.5,74.5,39.14740753173828
2015-06-02,19.5,75.5,40.16219711303711
2015-06-02,19.5,76.5,41.002445220947266
2015-06-02,19.5,77.5,41.6747932434082
2015-06-02,19.5,80.5,39.42241668701172
2015-06-02,20.5,73.5,37.7297477722168
2015-06-02,20.5,74.5,39.21612548828125
2015-06-02,20.5,75.5,40.508392333984375
2015-06-02,20.5,76.5,41.430908203125
2015-06-02,20.5,77.5,41.31181335449219
2015-06-02,20.5,78.5,42.785335540771484
2015-06-02,20.5,79.5,42.408992767333984
2015-06-02,20.5,80.5,40.68121337890625
2015-06-02,21.5,74.5,39.80472946166992
2015-06-02,21.5,78.5,41.256561279296875
2015-06-02,21.5,79.5,41.61198806762695
2015-06-03,16.5,73.5,34.75547409057617
2015-06-03,17.5,73.5,34.91362762451172
2015-06-03,17.5,74.5,35.926795959472656
2015-06-03,17.5,75.5,38.153221130371094
2015-06-03,18.5,73.5,35.47734069824219
2015-06-03,18.5,74.5,36.997657775878906
2015-06-03,18.5,75.5,39.85497283935547
2015-06-03,18.5,76.5,40.565216064453125
2015-06-03,18.5,77.5,39.952877044677734
2015-06-03,19.5,73.5,36.691001892089844
2015-06-03,19.5,74.5,39.313655853271484
2015-06-03,19.5,75.5,40.58456802368164
2015-06-03,19.5,76.5,40.80767059326172
2015-06-03,19.5,77.5,40.86277770996094
2015-06-03,19.5,80.5,37.43288040161133
2015-06-03,20.5,73.5,37.56930160522461
2015-06-03,20.5,74.5,39.601253509521484
2015-06-03,20.5,75.5,40.463314056396484
2015-06-03,20.5,76.5,41.40449523925781
2015-06-03,20.5,77.5,40.811195373535156
2015-06-03,20.5,78.5,41.10924530029297
2015-06-03,20.5,79.5,39.996952056884766
2015-06-03,20.5,80.5,38.92304992675781
2015-06-03,21.5,74.5,39.728729248046875
2015-06-03,21.5,78.5,39.92033767700195
2015-06-03,21.5,79.5,39.49021530151367
2015-06-04,16.5,73.5,35.05739212036133
2015-06-04,17.5,73.5,35.130340576171875
2015-06-04,17.5,74.5,36.194847106933594
2015-06-04,17.5,75.5,38.56083297729492
2015-06-04,18.5,73.5,35.73217010498047
2015-06-04,18.5,74.5,37.354610443115234
2015-06-04,18.5,75.5,40.14689254760742
2015-06-04,18.5,76.5,41.01507568359375
2015-06-04,18.5,77.5,40.26220703125
2015-06-04,19.5,73.5,37.00605392456055
2015-06-04,19.5,74.5,39.091548919677734
2015-06-04,19.5,75.5,40.7303581237793
2015-06-04,19.5,76.5,41.25872039794922
2015-06-04,19.5,77.5,41.240413665771484
2015-06-04,19.5,80.5,37.790409088134766
2015-06-04,20.5,73.5,37.78582763671875
2015-06-04,20.5,74.5,39.39350509643555
2015-06-04,20.5,75.5,40.166141510009766
2015-06-04,20.5,76.5,41.436336517333984
2015-06-04,20.5,77.5,40.716678619384766
2015-06-04,20.5,78.5,42.1083984375
2015-06-04,20.5,79.5,41.44521713256836
2015-06-04,20.5,80.5,38.911251068115234
2015-06-04,21.5,74.5,39.54466247558594
2015-06-04,21.5,78.5,40.41162872314453
2015-06-04,21.5,79.5,40.60052490234375
2015-06-05,16.5,73.5,32.467506408691406
2015-06-05,17.5,73.5,32.10410690307617
2015-06-05,17.5,74.5,32.901790618896484
2015-06-05,17.5,75.5,35.27360916137695
2015-06-05,18.5,73.5,32.58856964111328
2015-06-05,18.5,74.5,33.88606643676758
2015-06-05,18.5,75.5,36.924110412597656
2015-06-05,18.5,76.5,38.33387756347656
2015-06-05,18.5,77.5,37.72386932373047
2015-06-05,19.5,73.5,34.55513000488281
2015-06-05,19.5,74.5,36.23484802246094
2015-06-05,19.5,75.5,38.02934646606445
2015-06-05,19.5,76.5,38.81822967529297
2015-06-05,19.5,77.5,39.14560317993164
2015-06-05,19.5,80.5,36.228153228759766
2015-06-05,20.5,73.5,36.491493225097656
2015-06-05,20.5,74.5,38.03739929199219
2015-06-05,20.5,75.5,38.45942306518555
2015-06-05,20.5,76.5,39.9621696472168
2015-06-05,20.5,77.5,39.35080337524414
2015-06-05,20.5,78.5,40.07354736328125
2015-06-05,20.5,79.5,39.46271514892578
2015-06-05,20.5,80.5,38.25344467163086
2015-06-05,21.5,74.5,39.797637939453125
2015-06-05,21.5,78.5,39.532569885253906
2015-06-05,21.5,79.5,39.22837448120117
2015-06-06,16.5,73.5,34.05979537963867
2015-06-06,17.5,73.5,33.690086364746094
2015-06-06,17.5,74.5,34.63634490966797
2015-06-06,17.5,75.5,36.305686950683594
2015-06-06,18.5,73.5,34.45071792602539
2015-06-06,18.5,74.5,35.46680450439453
2015-06-06,18.5,75.5,37.485660552978516
2015-06-06,18.5,76.5,38.55899429321289
2015-06-06,18.5,77.5,38.089107513427734
2015-06-06,19.5,73.5,35.8552131652832
2015-06-06,19.5,74.5,37.35992431640625
2015-06-06,19.5,75.5,38.32854080200195
2015-06-06,19.5,76.5,39.358211517333984
2015-06-06,19.5,77.5,40.074607849121094
2015-06-06,19.5,80.5,36.40408706665039
2015-06-06,20.5,73.5,36.94169235229492
2015-06-06,20.5,74.5,37.9967041015625
2015-06-06,20.5,75.5,38.633358001708984
2015-06-06,20.5,76.5,39.734153747558594
2015-06-06,20.5,77.5,40.033203125
2015-06-06,20.5,78.5,41.055240631103516
2015-06-06,20.5,79.5,40.43416976928711
2015-06-06,20.5,80.5,38.97528839111328
2015-06-06,21.5,74.5,38.68853759765625
2015-06-06,21.5,78.5,39.64411163330078
2015-06-06,21.5,79.5,40.162940979003906
2015-06-07,16.5,73.5,33.25474166870117
2015-06-07,17.5,73.5,33.27290725708008
2015-06-07,17.5,74.5,33.93117904663086
2015-06-07,17.5,75.5,35.73008728027344
2015-06-07,18.5,73.5,34.049072265625
2015-06-07,18.5,74.5,35.031314849853516
2015-06-07,18.5,75.5,37.33741760253906
2015-06-07,18.5,76.5,38.55904769897461
2015-06-07,18.5,77.5,37.74921798706055
2015-06-07,19.5,73.5,35.82978820800781
2015-06-07,19.5,74.5,37.20505142211914
2015-06-07,19.5,75.5,38.69690704345703
2015-06-07,19.5,76.5,39.719661712646484
2015-06-07,19.5,77.5,40.24974822998047
2015-06-07,19.5,80.5,36.52251434326172
2015-06-07,20.5,73.5,37.23196792602539
2015-06-07,20.5,74.5,38.320247650146484
2015-06-07,20.5,75.5,39.396568298339844
2015-06-07,20.5,76.5,40.819122314453125
2015-06-07,20.5,77.5,40.53734588623047
2015-06-07,20.5,78.5,40.84547805786133
2015-06-07,20.5,79.5,39.983245849609375
2015-06-07,20.5,80.5,38.64760208129883
2015-06-07,21.5,74.5,40.09235763549805
2015-06-07,21.5,78.5,39.87721252441406
2015-06-07,21.5,79.5,39.70341491699219
2015-06-08,16.5,73.5,32.041500091552734
2015-06-08,17.5,73.5,32.27333068847656
2015-06-08,17.5,74.5,33.025901794433594
2015-06-08,17.5,75.5,34.9210205078125
2015-06-08,18.5,73.5,33.04543685913086
2015-06-08,18.5,74.5,33.606082916259766
2015-06-08,18.5,75.5,36.244117736816406
2015-06-08,18.5,76.5,37.72236251831055
2015-06-08,18.5,77.5,37.62461853027344
2015-06-08,19.5,73.5,34.62555694580078
2015-06-08,19.5,74.5,35.99799728393555
2015-06-08,19.5,75.5,36.80656433105469
2015-06-08,19.5,76.5,37.90810012817383
2015-06-08,19.5,77.5,39.4687385559082
2015-06-08,19.5,80.5,37.36709213256836
2015-06-08,20.5,73.5,35.75368881225586
2015-06-08,20.5,74.5,36.58445358276367
2015-06-08,20.5,75.5,37.24631881713867
2015-06-08,20.5,76.5,38.70006561279297
2015-06-08,20.5,77.5,39.22757339477539
2015-06-08,20.5,78.5,40.377994537353516
2015-06-08,20.5,79.5,39.914283752441406
2015-06-08,20.5,80.5,38.970130920410156
2015-06-08,21.5,74.5,37.104644775390625
2015-06-08,21.5,78.5,39.365386962890625
2015-06-08,21.5,79.5,39.725257873535156
2015-06-09,16.5,73.5,31.297298431396484
2015-06-09,17.5,73.5,31.623973846435547
2015-06-09,17.5,74.5,32.443965911865234
2015-06-09,17.5,75.5,34.428306579589844
2015-06-09,18.5,73.5,32.769309997558594
2015-06-09,18.5,74.5,33.47753143310547
2015-06-09,18.5,75.5,35.74309539794922
2015-06-09,18.5,76.5,36.61542892456055
2015-06-09,18.5,77.5,36.17739486694336
2015-06-09,19.5,73.5,34.34695816040039
2015-06-09,19.5,74.5,35.53385925292969
2015-06-09,19.5,75.5,36.35381317138672
2015-06-09,19.5,76.5,36.77558898925781
2015-06-09,19.5,77.5,37.77537155151367
2015-06-09,19.5,80.5,35.377288818359375
2015-06-09,20.5,73.5,35.26469039916992
2015-06-09,20.5,74.5,36.07154846191406
2015-06-09,20.5,75.5,36.45042037963867
2015-06-09,20.5,76.5,37.45944595336914
2015-06-09,20.5,77.5,37.651954650878906
2015-06-09,20.5,78.5,38.693275451660156
2015-06-09,20.5,79.5,38.28914260864258
2015-06-09,20.5,80.5,38.42599868774414
2015-06-09,21.5,74.5,36.22071075439453
2015-06-09,21.5,78.5,38.23130798339844
2015-06-09,21.5,79.5,38.99980163574219
2015-06-10,16.5,73.5,32.32175064086914
2015-06-10,17.5,73.5,31.897891998291016
2015-06-10,17.5,74.5,32.73705291748047
2015-06-10,17.5,75.5,35.52867889404297
2015-06-10,18.5,73.5,32.629886627197266
2015-06-10,18.5,74.5,33.668235778808594
2015-06-10,18.5,75.5,36.837947845458984
2015-06-10,18.5,76.5,38.37913513183594
2015-06-10,18.5,77.5,38.706729888916016
2015-06-10,19.5,73.5,34.113006591796875
2015-06-10,19.5,74.5,35.78717041015625
2015-06-10,19.5,75.5,37.61370086669922
2015-06-10,19.5,76.5,38.764400482177734
2015-06-10,19.5,77.5,40.3050422668457
2015-06-10,19.5,80.5,38.95374298095703
2015-06-10,20.5,73.5,35.34429168701172
2015-06-10,20.5,74.5,36.534088134765625
2015-06-10,20.5,75.5,37.747859954833984
2015-06-10,20.5,76.5,39.20043182373047
2015-06-10,20.5,77.5,39.73637771606445
2015-06-10,20.5,78.5,40.949302673339844
2015-06-10,20.5,79.5,40.983497619628906
2015-06-10,20.5,80.5,41.19220733642578
2015-06-10,21.5,74.5,37.12672805786133
2015-06-10,21.5,78.5,39.68436050415039
2015-06-10,21.5,79.5,40.34452819824219
2015-06-11,16.5,73.5,32.518882751464844
2015-06-11,17.5,73.5,32.297386169433594
2015-06-11,17.5,74.5,33.135040283203125
2015-06-11,17.5,75.5,35.75161361694336
2015-06-11,18.5,73.5,32.3721923828125
2015-06-11,18.5,74.5,33.41710662841797
2015-06-11,18.5,75.5,36.19400405883789
2015-06-11,18.5,76.5,37.38985061645508
2015-06-11,18.5,77.5,38.52277755737305
2015-06-11,19.5,73.5,33.05348205566406
2015-06-11,19.5,74.5,33.85470962524414
2015-06-11,19.5,75.5,35.5169563293457
2015-06-11,19.5,76.5,36.28653335571289
2015-06-11,19.5,77.5,38.95684814453125
2015-06-11,19.5,80.5,39.34532928466797
2015-06-11,20.5,73.5,33.36117935180664
2015-06-11,20.5,74.5,34.31435012817383
2015-06-11,20.5,75.5,34.93535614013672
2015-06-11,20.5,76.5,36.08839416503906
2015-06-11,20.5,77.5,37.54620361328125
2015-06-11,20.5,78.5,39.34461975097656
2015-06-11,20.5,79.5,39.233192443847656
2015-06-11,20.5,80.5,39.540977478027344
2015-06-11,21.5,74.5,34.22972106933594
2015-06-11,21.5,78.5,36.962440490722656
2015-06-11,21.5,79.5,37.32760238647461
2015-06-12,16.5,73.5,29.87787628173828
2015-06-12,17.5,73.5,29.715694427490234
2015-06-12,17.5,74.5,30.673377990722656
2015-06-12,17.5,75.5,32.90398406982422
2015-06-12,18.5,73.5,30.273521423339844
2015-06-12,18.5,74.5,31.491436004638672
2015-06-12,18.5,75.5,33.96543502807617
2015-06-12,18.5,76.5,35.06273651123047
2015-06-12,18.5,77.5,35.00065612792969
2015-06-12,19.5,73.5,31.61492919921875
2015-06-12,19.5,74.5,33.32221984863281
2015-06-12,19.5,75.5,34.285396575927734
2015-06-12,19.5,76.5,35.38517761230469
2015-06-12,19.5,77.5,36.258968353271484
2015-06-12,19.5,80.5,34.54916763305664
2015-06-12,20.5,73.5,33.00446701049805
2015-06-12,20.5,74.5,34.33907699584961
2015-06-12,20.5,75.5,34.91779327392578
2015-06-12,20.5,76.5,36.145896911621094
2015-06-12,20.5,77.5,36.33552169799805
2015-06-12,20.5,78.5,36.5179328918457
2015-06-12,20.5,79.5,36.62685012817383
2015-06-12,20.5,80.5,36.172576904296875
2015-06-12,21.5,74.5,34.934364318847656
2015-06-12,21.5,78.5,35.50320816040039
2015-06-12,21.5,79.5,34.9271240234375
2015-06-13,16.5,73.5,29.899625778198242
2015-06-13,17.5,73.5,28.660228729248047
2015-06-13,17.5,74.5,29.870088577270508
2015-06-13,17.5,75.5,31.872303009033203
2015-06-13,18.5,73.5,27.886642456054688
2015-06-13,18.5,74.5,29.738433837890625
2015-06-13,18.5,75.5,31.751867294311523
2015-06-13,18.5,76.5,32.85681915283203
2015-06-13,18.5,77.5,33.18496322631836
2015-06-13,19.5,73.5,28.549793243408203
2015-06-13,19.5,74.5,30.03763198852539
2015-06-13,19.5,75.5,31.43514060974121
2015-06-13,19.5,76.5,32.425846099853516
2015-06-13,19.5,77.5,33.79409408569336
2015-06-13,19.5,80.5,32.802303314208984
2015-06-13,20.5,73.5,29.757205963134766
2015-06-13,20.5,74.5,30.736957550048828
2015-06-13,20.5,75.5,31.202266693115234
2015-06-13,20.5,76.5,32.2135124206543
2015-06-13,20.5,77.5,32.77950668334961
2015-06-13,20.5,78.5,34.36273193359375
2015-06-13,20.5,79.5,34.235145568847656
2015-06-13,20.5,80.5,33.52170181274414
2015-06-13,21.5,74.5,31.384750366210938
2015-06-13,21.5,78.5,32.4320182800293
2015-06-13,21.5,79.5,32.735984802246094
2015-06-14,16.5,73.5,27.965837478637695
2015-06-14,17.5,73.5,27.31535530090332
2015-06-14,17.5,74.5,28.417499542236328
2015-06-14,17.5,75.5,30.709035873413086
2015-06-14,18.5,73.5,28.050905227661133
2015-06-14,18.5,74.5,29.060712814331055
2015-06-14,18.5,75.5,32.000919342041016
2015-06-14,18.5,76.5,33.08740234375
2015-06-14,18.5,77.5,32.53935241699219
2015-06-14,19.5,73.5,29.50937843322754
2015-06-14,19.5,74.5,30.97579574584961
2015-06-14,19.5,75.5,32.64640808105469
2015-06-14,19.5,76.5,33.3304557800293
2015-06-14,19.5,77.5,33.73672866821289
2015-06-14,19.5,80.5,31.936620712280273
2015-06-14,20.5,73.5,31.197437286376953
2015-06-14,20.5,74.5,32.011470794677734
2015-06-14,20.5,75.5,33.06123352050781
2015-06-14,20.5,76.5,33.65190124511719
2015-06-14,20.5,77.5,33.48318099975586
2015-06-14,20.5,78.5,34.02899169921875
2015-06-14,20.5,79.5,33.96243667602539
2015-06-14,20.5,80.5,33.53990173339844
2015-06-14,21.5,74.5,32.945556640625
2015-06-14,21.5,78.5,33.104713439941406
2015-06-14,21.5,79.5,33.4721565246582
2015-06-15,16.5,73.5,29.72434425354004
2015-06-15,17.5,73.5,28.871726989746094
2015-06-15,17.5,74.5,29.69355010986328
2015-06-15,17.5,75.5,31.74502182006836
2015-06-15,18.5,73.5,28.70453453063965
2015-06-15,18.5,74.5,29.925071716308594
2015-06-15,18.5,75.5,32.261356353759766
2015-06-15,18.5,76.5,32.62532043457031
2015-06-15,18.5,77.5,32.428436279296875
2015-06-15,19.5,73.5,29.730531692504883
2015-06-15,19.5,74.5,31.288768768310547
2015-06-15,19.5,75.5,32.675994873046875
2015-06-15,19.5,76.5,33.49331283569336
2015-06-15,19.5,77.5,34.3300895690918
2015-06-15,19.5,80.5,32.65940856933594
2015-06-15,20.5,73.5,30.9979248046875
2015-06-15,20.5,74.5,31.76045036315918
2015-06-15,20.5,75.5,33.54827117919922
2015-06-15,20.5,76.5,34.43675994873047
2015-06-15,20.5,77.5,34.79342269897461
2015-06-15,20.5,78.5,35.7092170715332
2015-06-15,20.5,79.5,35.59211730957031
2015-06-15,20.5,80.5,34.8718147277832
2015-06-15,21.5,74.5,33.10516357421875
2015-06-15,21.5,78.5,34.67841720581055
2015-06-15,21.5,79.5,35.02631378173828
2015-06-16,16.5,73.5,29.969158172607422
2015-06-16,17.5,73.5,29.308137893676758
2015-06-16,17.5,74.5,30.02369499206543
2015-06-16,17.5,75.5,31.870925903320312
2015-06-16,18.5,73.5,29.531524658203125
2015-06-16,18.5,74.5,30.35288429260254
2015-06-16,18.5,75.5,32.71030807495117
2015-06-16,18.5,76.5,33.26365280151367
2015-06-16,18.5,77.5,33.15398406982422
2015-06-16,19.5,73.5,30.562746047973633
2015-06-16,19.5,74.5,31.8698787689209
2015-06-16,19.5,75.5,32.69512176513672
2015-06-16,19.5,76.5,34.061710357666016
2015-06-16,19.5,77.5,35.46845245361328
2015-06-16,19.5,80.5,32.739112854003906
2015-06-16,20.5,73.5,31.86271858215332
2015-06-16,20.5,74.5,32.43069076538086
2015-06-16,20.5,75.5,33.40811538696289
2015-06-16,20.5,76.5,34.28643035888672
2015-06-16,20.5,77.5,34.98871612548828
2015-06-16,20.5,78.5,35.846046447753906
2015-06-16,20.5,79.5,35.612998962402344
2015-06-16,20.5,80.5,34.90111541748047
2015-06-16,21.5,74.5,33.30290985107422
2015-06-16,21.5,78.5,34.16654586791992
2015-06-16,21.5,79.5,34.75348663330078
2015-06-17,16.5,73.5,29.57428550720215
2015-06-17,17.5,73.5,29.023157119750977
2015-06-17,17.5,74.5,29.89565658569336
2015-06-17,17.5,75.5,31.957326889038086
2015-06-17,18.5,73.5,29.462587356567383
2015-06-17,18.5,74.5,30.429405212402344
2015-06-17,18.5,75.5,33.0434684753418
2015-06-17,18.5,76.5,33.32566833496094
2015-06-17,18.5,77.5,32.28276443481445
2015-06-17,19.5,73.5,30.808849334716797
2015-06-17,19.5,74.5,32.12992477416992
2015-06-17,19.5,75.5,33.289146423339844
2015-06-17,19.5,76.5,33.615745544433594
2015-06-17,19.5,77.5,33.998695373535156
2015-06-17,19.5,80.5,31.316152572631836
2015-06-17,20.5,73.5,32.6770133972168
2015-06-17,20.5,74.5,33.380348205566406
2015-06-17,20.5,75.5,33.7808837890625
2015-06-17,20.5,76.5,34.18828201293945
2015-06-17,20.5,77.5,33.551361083984375
2015-06-17,20.5,78.5,34.29207229614258
2015-06-17,20.5,79.5,33.866554260253906
2015-06-17,20.5,80.5,34.053890228271484
2015-06-17,21.5,74.5,34.36605453491211
2015-06-17,21.5,78.5,33.883853912353516
2015-06-17,21.5,79.5,34.15818786621094
2015-06-18,16.5,73.5,27.4779052734375
2015-06-18,17.5,73.5,26.831851959228516
2015-06-18,17.5,74.5,27.473894119262695
2015-06-18,17.5,75.5,29.96422576904297
2015-06-18,18.5,73.5,28.01639175415039
2015-06-18,18.5,74.5,28.478126525878906
2015-06-18,18.5,75.5,31.324182510375977
2015-06-18,18.5,76.5,32.13701629638672
2015-06-18,18.5,77.5,32.0138053894043
2015-06-18,19.5,73.5,30.086837768554688
2015-06-18,19.5,74.5,30.954153060913086
2015-06-18,19.5,75.5,31.97582244873047
2015-06-18,19.5,76.5,32.95135498046875
2015-06-18,19.5,77.5,33.908782958984375
2015-06-18,19.5,80.5,32.636722564697266
2015-06-18,20.5,73.5,32.35482406616211
2015-06-18,20.5,74.5,32.570613861083984
2015-06-18,20.5,75.5,32.778446197509766
2015-06-18,20.5,76.5,33.38462829589844
2015-06-18,20.5,77.5,33.535099029541016
2015-06-18,20.5,78.5,34.733646392822266
2015-06-18,20.5,79.5,34.697105407714844
2015-06-18,20.5,80.5,35.19669723510742
2015-06-18,21.5,74.5,33.84635543823242
2015-06-18,21.5,78.5,34.23719787597656
2015-06-18,21.5,79.5,34.78052520751953
2015-06-19,16.5,73.5,27.306276321411133
2015-06-19,17.5,73.5,26.263172149658203
2015-06-19,17.5,74.5,26.935195922851562
2015-06-19,17.5,75.5,29.25819206237793
2015-06-19,18.5,73.5,26.767658233642578
2015-06-19,18.5,74.5,27.496749877929688
2015-06-19,18.5,75.5,30.67914581298828
2015-06-19,18.5,76.5,31.57942008972168
2015-06-19,18.5,77.5,31.26070785522461
2015-06-19,19.5,73.5,28.755752563476562
2015-06-19,19.5,74.5,30.00531005859375
2015-06-19,19.5,75.5,31.989961624145508
2015-06-19,19.5,76.5,32.48939514160156
2015-06-19,19.5,77.5,33.206424713134766
2015-06-19,19.5,80.5,32.015689849853516
2015-06-19,20.5,73.5,31.07958221435547
2015-06-19,20.5,74.5,31.637779235839844
2015-06-19,20.5,75.5,32.57392501831055
2015-06-19,20.5,76.5,33.21179962158203
2015-06-19,20.5,77.5,33.5865364074707
2015-06-19,20.5,78.5,34.104637145996094
2015-06-19,20.5,79.5,33.83647155761719
2015-06-19,20.5,80.5,34.38029861450195
2015-06-19,21.5,74.5,33.8318977355957
2015-06-19,21.5,78.5,34.070716857910156
2015-06-19,21.5,79.5,34.606048583984375
2015-06-20,16.5,73.5,27.45030975341797
2015-06-20,17.5,73.5,26.286014556884766
2015-06-20,17.5,74.5,27.394874572753906
2015-06-20,17.5,75.5,29.584396362304688
2015-06-20,18.5,73.5,26.991989135742188
2015-06-20,18.5,74.5,28.040916442871094
2015-06-20,18.5,75.5,31.605976104736328
2015-06-20,18.5,76.5,32.457191467285156
2015-06-20,18.5,77.5,31.305212020874023
2015-06-20,19.5,73.5,29.012943267822266
2015-06-20,19.5,74.5,30.44937515258789
2015-06-20,19.5,75.5,32.82219696044922
2015-06-20,19.5,76.5,33.52953338623047
2015-06-20,19.5,77.5,33.53165054321289
2015-06-20,19.5,80.5,30.0211181640625
2015-06-20,20.5,73.5,31.279237747192383
2015-06-20,20.5,74.5,32.116268157958984
2015-06-20,20.5,75.5,33.36007308959961
2015-06-20,20.5,76.5,34.18532943725586
2015-06-20,20.5,77.5,34.90434265136719
2015-06-20,20.5,78.5,35.06452560424805
2015-06-20,20.5,79.5,34.51729965209961
2015-06-20,20.5,80.5,33.60057067871094
2015-06-20,21.5,74.5,34.200477600097656
2015-06-20,21.5,78.5,35.27568817138672
2015-06-20,21.5,79.5,35.497802734375
2015-06-21,16.5,73.5,27.88393783569336
2015-06-21,17.5,73.5,26.74688148498535
2015-06-21,17.5,74.5,27.457338333129883
2015-06-21,17.5,75.5,28.469404220581055
2015-06-21,18.5,73.5,27.626462936401367
2015-06-21,18.5,74.5,28.302669525146484
2015-06-21,18.5,75.5,29.60549545288086
2015-06-21,18.5,76.5,29.603443145751953
2015-06-21,18.5,77.5,27.492042541503906
2015-06-21,19.5,73.5,29.68793487548828
2015-06-21,19.5,74.5,30.343610763549805
2015-06-21,19.5,75.5,31.874635696411133
2015-06-21,19.5,76.5,30.661161422729492
2015-06-21,19.5,77.5,29.474287033081055
2015-06-21,19.5,80.5,27.022232055664062
2015-06-21,20.5,73.5,31.90277671813965
2015-06-21,20.5,74.5,32.502479553222656
2015-06-21,20.5,75.5,31.85003662109375
2015-06-21,20.5,76.5,32.7319221496582
2015-06-21,20.5,77.5,30.636005401611328
2015-06-21,20.5,78.5,30.277429580688477
2015-06-21,20.5,79.5,30.197065353393555
2015-06-21,20.5,80.5,30.071025848388672
2015-06-21,21.5,74.5,34.71320724487305
2015-06-21,21.5,78.5,31.72833251953125
2015-06-21,21.5,79.5,32.074462890625
2015-06-22,16.5,73.5,29.32684898376465
2015-06-22,17.5,73.5,27.80967903137207
2015-06-22,17.5,74.5,28.741424560546875
2015-06-22,17.5,75.5,30.489709854125977
2015-06-22,18.5,73.5,27.64955711364746
2015-06-22,18.5,74.5,28.737106323242188
2015-06-22,18.5,75.5,30.605695724487305
2015-06-22,18.5,76.5,31.35855484008789
2015-06-22,18.5,77.5,30.583303451538086
2015-06-22,19.5,73.5,28.23883628845215
2015-06-22,19.5,74.5,29.598148345947266
2015-06-22,19.5,75.5,30.341428756713867
2015-06-22,19.5,76.5,29.998388290405273
2015-06-22,19.5,77.5,29.342041015625
2015-06-22,19.5,80.5,27.00697898864746
2015-06-22,20.5,73.5,29.59377670288086
2015-06-22,20.5,74.5,29.77215576171875
2015-06-22,20.5,75.5,29.416669845581055
2015-06-22,20.5,76.5,29.586410522460938
2015-06-22,20.5,77.5,28.495220184326172
2015-06-22,20.5,78.5,28.607969284057617
2015-06-22,20.5,79.5,28.360559463500977
2015-06-22,20.5,80.5,28.9049072265625
2015-06-22,21.5,74.5,31.28535270690918
2015-06-22,21.5,78.5,28.145524978637695
2015-06-22,21.5,79.5,28.96828842163086
2015-06-23,16.5,73.5,29.262374877929688
2015-06-23,17.5,73.5,27.586870193481445
2015-06-23,17.5,74.5,28.76509666442871
2015-06-23,17.5,75.5,30.967836380004883
2015-06-23,18.5,73.5,26.759628295898438
2015-06-23,18.5,74.5,28.487966537475586
2015-06-23,18.5,75.5,31.815444946289062
2015-06-23,18.5,76.5,33.16696548461914
2015-06-23,18.5,77.5,33.08672332763672
2015-06-23,19.5,73.5,27.664752960205078
2015-06-23,19.5,74.5,29.227943420410156
2015-06-23,19.5,75.5,31.053043365478516
2015-06-23,19.5,76.5,32.28053665161133
2015-06-23,19.5,77.5,32.757606506347656
2015-06-23,19.5,80.5,31.062681198120117
2015-06-23,20.5,73.5,28.75855255126953
2015-06-23,20.5,74.5,29.73949432373047
2015-06-23,20.5,75.5,31.032838821411133
2015-06-23,20.5,76.5,31.62632179260254
2015-06-23,20.5,77.5,32.17472457885742
2015-06-23,20.5,78.5,32.711761474609375
2015-06-23,20.5,79.5,32.25907516479492
2015-06-23,20.5,80.5,32.20356369018555
2015-06-23,21.5,74.5,31.355379104614258
2015-06-23,21.5,78.5,31.31093978881836
2015-06-23,21.5,79.5,31.763517379760742
2015-06-24,16.5,73.5,29.338396072387695
2015-06-24,17.5,73.5,27.7487850189209
2015-06-24,17.5,74.5,28.71268653869629
2015-06-24,17.5,75.5,31.008468627929688
2015-06-24,18.5,73.5,27.44260025024414
2015-06-24,18.5,74.5,28.755186080932617
2015-06-24,18.5,75.5,32.00848388671875
2015-06-24,18.5,76.5,33.15279769897461
2015-06-24,18.5,77.5,33.78398513793945
2015-06-24,19.5,73.5,28.40826416015625
2015-06-24,19.5,74.5,29.875688552856445
2015-06-24,19.5,75.5,31.72480583190918
2015-06-24,19.5,76.5,33.05551528930664
2015-06-24,19.5,77.5,33.72748947143555
2015-06-24,19.5,80.5,31.69710922241211
2015-06-24,20.5,73.5,28.712345123291016
2015-06-24,20.5,74.5,29.73924446105957
2015-06-24,20.5,75.5,31.5445556640625
2015-06-24,20.5,76.5,32.316776275634766
2015-06-24,20.5,77.5,32.69865417480469
2015-06-24,20.5,78.5,33.858787536621094
2015-06-24,20.5,79.5,33.344932556152344
2015-06-24,20.5,80.5,32.39211654663086
2015-06-24,21.5,74.5,30.0178279876709
2015-06-24,21.5,78.5,31.985626220703125
2015-06-24,21.5,79.5,32.78468322753906
2015-06-25,16.5,73.5,29.790807723999023
2015-06-25,17.5,73.5,28.473007202148438
2015-06-25,17.5,74.5,29.27364730834961
2015-06-25,17.5,75.5,31.20966148376465
2015-06-25,18.5,73.5,28.498170852661133
2015-06-25,18.5,74.5,29.402515411376953
2015-06-25,18.5,75.5,32.363670349121094
2015-06-25,18.5,76.5,33.73455810546875
2015-06-25,18.5,77.5,33.99043655395508
2015-06-25,19.5,73.5,29.757781982421875
2015-06-25,19.5,74.5,30.732513427734375
2015-06-25,19.5,75.5,32.187660217285156
2015-06-25,19.5,76.5,33.68196487426758
2015-06-25,19.5,77.5,34.188419342041016
2015-06-25,19.5,80.5,32.02056121826172
2015-06-25,20.5,73.5,31.1295108795166
2015-06-25,20.5,74.5,31.111202239990234
2015-06-25,20.5,75.5,31.80987548828125
2015-06-25,20.5,76.5,32.779876708984375
2015-06-25,20.5,77.5,33.06789016723633
2015-06-25,20.5,78.5,33.16008758544922
2015-06-25,20.5,79.5,32.59382629394531
2015-06-25,20.5,80.5,32.00727462768555
2015-06-25,21.5,74.5,31.67498779296875
2015-06-25,21.5,78.5,30.44232177734375
2015-06-25,21.5,79.5,30.450212478637695
2015-06-26,16.5,73.5,29.88412857055664
2015-06-26,17.5,73.5,28.624629974365234
2015-06-26,17.5,74.5,29.423368453979492
2015-06-26,17.5,75.5,31.259212493896484
2015-06-26,18.5,73.5,29.47007179260254
2015-06-26,18.5,74.5,29.86262321472168
2015-06-26,18.5,75.5,32.54011917114258
2015-06-26,18.5,76.5,33.97178649902344
2015-06-26,18.5,77.5,34.12971878051758
2015-06-26,19.5,73.5,30.737171173095703
2015-06-26,19.5,74.5,31.870519638061523
2015-06-26,19.5,75.5,33.27708435058594
2015-06-26,19.5,76.5,33.90536117553711
2015-06-26,19.5,77.5,34.5565071105957
2015-06-26,19.5,80.5,32.912750244140625
2015-06-26,20.5,73.5,32.44911575317383
2015-06-26,20.5,74.5,32.40056228637695
2015-06-26,20.5,75.5,33.37387466430664
2015-06-26,20.5,76.5,33.91477966308594
2015-06-26,20.5,77.5,33.854305267333984
2015-06-26,20.5,78.5,34.61355972290039
2015-06-26,20.5,79.5,34.108219146728516
2015-06-26,20.5,80.5,33.1944465637207
2015-06-26,21.5,74.5,33.25953674316406
2015-06-26,21.5,78.5,32.72935104370117
2015-06-26,21.5,79.5,32.35899353027344
2015-06-27,16.5,73.5,30.87900161743164
2015-06-27,17.5,73.5,29.76671028137207
2015-06-27,17.5,74.5,30.42745018005371
2015-06-27,17.5,75.5,32.5472297668457
2015-06-27,18.5,73.5,30.33698081970215
2015-06-27,18.5,74.5,30.785419464111328
2015-06-27,18.5,75.5,33.18412780761719
2015-06-27,18.5,76.5,34.12763977050781
2015-06-27,18.5,77.5,33.90127182006836
2015-06-27,19.5,73.5,31.303192138671875
2015-06-27,19.5,74.5,32.264305114746094
2015-06-27,19.5,75.5,33.56869125366211
2015-06-27,19.5,76.5,33.96355056762695
2015-06-27,19.5,77.5,34.20805358886719
2015-06-27,19.5,80.5,32.600948333740234
2015-06-27,20.5,73.5,33.25235366821289
2015-06-27,20.5,74.5,32.89861297607422
2015-06-27,20.5,75.5,33.73610305786133
2015-06-27,20.5,76.5,34.25716781616211
2015-06-27,20.5,77.5,33.626182556152344
2015-06-27,20.5,78.5,34.610904693603516
2015-06-27,20.5,79.5,33.92487716674805
2015-06-27,20.5,80.5,33.96674346923828
2015-06-27,21.5,74.5,33.86566162109375
2015-06-27,21.5,78.5,33.238868713378906
2015-06-27,21.5,79.5,33.21397399902344
2015-06-28,16.5,73.5,31.283203125
2015-06-28,17.5,73.5,30.139551162719727
2015-06-28,17.5,74.5,30.709125518798828
2015-06-28,17.5,75.5,33.21683883666992
2015-06-28,18.5,73.5,30.767324447631836
2015-06-28,18.5,74.5,31.27165412902832
2015-06-28,18.5,75.5,34.010433197021484
2015-06-28,18.5,76.5,35.00502014160156
2015-06-28,18.5,77.5,34.750919342041016
2015-06-28,19.5,73.5,31.761972427368164
2015-06-28,19.5,74.5,33.062721252441406
2015-06-28,19.5,75.5,34.578346252441406
2015-06-28,19.5,76.5,35.29084014892578
2015-06-28,19.5,77.5,34.858394622802734
2015-06-28,19.5,80.5,33.109214782714844
2015-06-28,20.5,73.5,33.450927734375
2015-06-28,20.5,74.5,33.59968185424805
2015-06-28,20.5,75.5,34.54584503173828
2015-06-28,20.5,76.5,35.10308074951172
2015-06-28,20.5,77.5,34.55345916748047
2015-06-28,20.5,78.5,34.80671691894531
2015-06-28,20.5,79.5,34.1181526184082
2015-06-28,20.5,80.5,33.63819885253906
2015-06-28,21.5,74.5,34.620826721191406
2015-06-28,21.5,78.5,33.651275634765625
2015-06-28,21.5,79.5,33.30430221557617
2015-06-29,16.5,73.5,31.76026153564453
2015-06-29,17.5,73.5,30.28317642211914
2015-06-29,17.5,74.5,31.157880783081055
2015-06-29,17.5,75.5,33.659610748291016
2015-06-29,18.5,73.5,30.524511337280273
2015-06-29,18.5,74.5,31.195362091064453
2015-06-29,18.5,75.5,34.000797271728516
2015-06-29,18.5,76.5,35.541568756103516
2015-06-29,18.5,77.5,35.523555755615234
2015-06-29,19.5,73.5,31.780651092529297
2015-06-29,19.5,74.5,32.64990997314453
2015-06-29,19.5,75.5,34.42855453491211
2015-06-29,19.5,76.5,35.29640197753906
2015-06-29,19.5,77.5,35.667476654052734
2015-06-29,19.5,80.5,33.50499725341797
2015-06-29,20.5,73.5,33.51383972167969
2015-06-29,20.5,74.5,33.48426055908203
2015-06-29,20.5,75.5,34.91572952270508
2015-06-29,20.5,76.5,35.30734634399414
2015-06-29,20.5,77.5,35.08494186401367
2015-06-29,20.5,78.5,35.38688659667969
2015-06-29,20.5,79.5,34.818450927734375
2015-06-29,20.5,80.5,33.34053039550781
2015-06-29,21.5,74.5,35.08637619018555
2015-06-29,21.5,78.5,33.5295524597168
2015-06-29,21.5,79.5,33.01046371459961
2015-06-30,16.5,73.5,30.48004150390625
2015-06-30,17.5,73.5,29.313440322875977
2015-06-30,17.5,74.5,30.052820205688477
2015-06-30,17.5,75.5,32.626251220703125
2015-06-30,18.5,73.5,30.00967788696289
2015-06-30,18.5,74.5,30.459339141845703
2015-06-30,18.5,75.5,33.90616226196289
2015-06-30,18.5,76.5,35.94572067260742
2015-06-30,18.5,77.5,35.92737579345703
2015-06-30,19.5,73.5,31.392547607421875
2015-06-30,19.5,74.5,33.06123352050781
2015-06-30,19.5,75.5,34.696266174316406
2015-06-30,19.5,76.5,36.05661392211914
2015-06-30,19.5,77.5,36.64380645751953
2015-06-30,19.5,80.5,33.36289978027344
2015-06-30,20.5,73.5,33.69732666015625
2015-06-30,20.5,74.5,33.680171966552734
2015-06-30,20.5,75.5,34.85451889038086
2015-06-30,20.5,76.5,35.85591506958008
2015-06-30,20.5,77.5,35.983123779296875
2015-06-30,20.5,78.5,36.33022689819336
2015-06-30,20.5,79.5,35.18659210205078
2015-06-30,20.5,80.5,33.7689323425293
2015-06-30,21.5,74.5,35.0044059753418
2015-06-30,21.5,78.5,34.07206726074219
2015-06-30,21.5,79.5,33.28573226928711
2015-07-01,16.5,73.5,30.146520614624023
2015-07-01,17.5,73.5,29.50331687927246
2015-07-01,17.5,74.5,30.228439331054688
2015-07-01,17.5,75.5,32.86109924316406
2015-07-01,18.5,73.5,30.586759567260742
2015-07-01,18.5,74.5,31.138004302978516
2015-07-01,18.5,75.5,34.10390090942383
2015-07-01,18.5,76.5,35.67369842529297
2015-07-01,18.5,77.5,35.11882781982422
2015-07-01,19.5,73.5,31.924610137939453
2015-07-01,19.5,74.5,33.043338775634766
2015-07-01,19.5,75.5,34.385772705078125
2015-07-01,19.5,76.5,35.49477005004883
2015-07-01,19.5,77.5,34.51687240600586
2015-07-01,19.5,80.5,31.629344940185547
2015-07-01,20.5,73.5,33.90752410888672
2015-07-01,20.5,74.5,33.898902893066406
2015-07-01,20.5,75.5,34.28691101074219
2015-07-01,20.5,76.5,35.08147048950195
2015-07-01,20.5,77.5,34.11247253417969
2015-07-01,20.5,78.5,34.13779067993164
2015-07-01,20.5,79.5,33.017242431640625
2015-07-01,20.5,80.5,31.694719314575195
2015-07-01,21.5,74.5,34.72010040283203
2015-07-01,21.5,78.5,32.206600189208984
2015-07-01,21.5,79.5,31.557836532592773
2015-07-02,16.5,73.5,31.4085693359375
2015-07-02,17.5,73.5,30.357135772705078
2015-07-02,17.5,74.5,31.061002731323242
2015-07-02,17.5,75.5,32.94314193725586
2015-07-02,18.5,73.5,31.1532039642334
2015-07-02,18.5,74.5,31.693086624145508
2015-07-02,18.5,75.5,33.73573303222656
2015-07-02,18.5,76.5,34.39949035644531
2015-07-02,18.5,77.5,33.55025863647461
2015-07-02,19.5,73.5,32.2761116027832
2015-07-02,19.5,74.5,33.390235900878906
2015-07-02,19.5,75.5,34.656951904296875
2015-07-02,19.5,76.5,34.608642578125
2015-07-02,19.5,77.5,33.93385696411133
2015-07-02,19.5,80.5,31.461179733276367
2015-07-02,20.5,73.5,34.03809356689453
2015-07-02,20.5,74.5,33.9942512512207
2015-07-02,20.5,75.5,34.53278350830078
2015-07-02,20.5,76.5,35.12232208251953
2015-07-02,20.5,77.5,34.08174133300781
2015-07-02,20.5,78.5,33.94773483276367
2015-07-02,20.5,79.5,33.26340103149414
2015-07-02,20.5,80.5,32.184078216552734
2015-07-02,21.5,74.5,34.6993293762207
2015-07-02,21.5,78.5,32.68281936645508
2015-07-02,21.5,79.5,32.266578674316406
2015-07-03,16.5,73.5,31.741741180419922
2015-07-03,17.5,73.5,30.66596794128418
2015-07-03,17.5,74.5,31.327865600585938
2015-07-03,17.5,75.5,34.107662200927734
2015-07-03,18.5,73.5,31.159914016723633
2015-07-03,18.5,74.5,31.83173942565918
2015-07-03,18.5,75.5,34.56575012207031
2015-07-03,18.5,76.5,35.96468734741211
2015-07-03,18.5,77.5,35.661643981933594
2015-07-03,19.5,73.5,32.396236419677734
2015-07-03,19.5,74.5,33.45443344116211
2015-07-03,19.5,75.5,35.041297912597656
2015-07-03,19.5,76.5,35.872474670410156
2015-07-03,19.5,77.5,35.69362258911133
2015-07-03,19.5,80.5,33.54202651977539
2015-07-03,20.5,73.5,33.99617385864258
2015-07-03,20.5,74.5,34.28190612792969
2015-07-03,20.5,75.5,35.19660949707031
2015-07-03,20.5,76.5,35.72062683105469
2015-07-03,20.5,77.5,35.42838668823242
2015-07-03,20.5,78.5,35.61484146118164
2015-07-03,20.5,79.5,34.74930191040039
2015-07-03,20.5,80.5,34.06282043457031
2015-07-03,21.5,74.5,34.92296600341797
2015-07-03,21.5,78.5,33.95695495605469
2015-07-03,21.5,79.5,33.30183410644531
2015-07-04,16.5,73.5,32.23086929321289
2015-07-04,17.5,73.5,30.885013580322266
2015-07-04,17.5,74.5,31.617189407348633
2015-07-04,17.5,75.5,34.58455276489258
2015-07-04,18.5,73.5,31.321178436279297
2015-07-04,18.5,74.5,32.10203552246094
2015-07-04,18.5,75.5,35.59383773803711
2015-07-04,18.5,76.5,37.06047439575195
2015-07-04,18.5,77.5,36.5009765625
2015-07-04,19.5,73.5,32.323509216308594
2015-07-04,19.5,74.5,33.85080337524414
2015-07-04,19.5,75.5,35.39057159423828
2015-07-04,19.5,76.5,36.19792938232422
2015-07-04,19.5,77.5,36.365821838378906
2015-07-04,19.5,80.5,34.17225646972656
2015-07-04,20.5,73.5,34.25413131713867
2015-07-04,20.5,74.5,34.15778732299805
2015-07-04,20.5,75.5,35.18247604370117
2015-07-04,20.5,76.5,35.774314880371094
2015-07-04,20.5,77.5,35.808345794677734
2015-07-04,20.5,78.5,35.90717315673828
2015-07-04,20.5,79.5,35.13984298706055
2015-07-04,20.5,80.5,34.37229919433594
2015-07-04,21.5,74.5,35.19865798950195
2015-07-04,21.5,78.5,34.06602478027344
2015-07-04,21.5,79.5,33.66975021362305
2015-07-05,16.5,73.5,31.608291625976562
2015-07-05,17.5,73.5,30.238908767700195
2015-07-05,17.5,74.5,30.910499572753906
2015-07-05,17.5,75.5,33.695499420166016
2015-07-05,18.5,73.5,30.914623260498047
2015-07-05,18.5,74.5,31.501319885253906
2015-07-05,18.5,75.5,34.667030334472656
2015-07-05,18.5,76.5,36.13764190673828
2015-07-05,18.5,77.5,36.17564392089844
2015-07-05,19.5,73.5,32.2880973815918
2015-07-05,19.5,74.5,33.44778823852539
2015-07-05,19.5,75.5,34.940128326416016
2015-07-05,19.5,76.5,35.972808837890625
2015-07-05,19.5,77.5,36.22145080566406
2015-07-05,19.5,80.5,34.02492141723633
2015-07-05,20.5,73.5,34.120872497558594
2015-07-05,20.5,74.5,33.92791748046875
2015-07-05,20.5,75.5,34.792842864990234
2015-07-05,20.5,76.5,35.36522674560547
2015-07-05,20.5,77.5,35.668724060058594
2015-07-05,20.5,78.5,35.786376953125
2015-07-05,20.5,79.5,35.254310607910156
2015-07-05,20.5,80.5,34.722679138183594
2015-07-05,21.5,74.5,34.863433837890625
2015-07-05,21.5,78.5,34.05970764160156
2015-07-05,21.5,79.5,33.638999938964844
2015-07-06,16.5,73.5,31.54674530029297
2015-07-06,17.5,73.5,30.094053268432617
2015-07-06,17.5,74.5,30.921552658081055
2015-07-06,17.5,75.5,33.33637237548828
2015-07-06,18.5,73.5,30.518436431884766
2015-07-06,18.5,74.5,31.09337615966797
2015-07-06,18.5,75.5,34.12681579589844
2015-07-06,18.5,76.5,35.56938934326172
2015-07-06,18.5,77.5,35.599002838134766
2015-07-06,19.5,73.5,31.722145080566406
2015-07-06,19.5,74.5,32.688114166259766
2015-07-06,19.5,75.5,34.1829719543457
2015-07-06,19.5,76.5,35.24754333496094
2015-07-06,19.5,77.5,35.73896789550781
2015-07-06,19.5,80.5,33.71141052246094
2015-07-06,20.5,73.5,33.08585739135742
2015-07-06,20.5,74.5,33.12863540649414
2015-07-06,20.5,75.5,34.11819839477539
2015-07-06,20.5,76.5,34.74562454223633
2015-07-06,20.5,77.5,34.97059631347656
2015-07-06,20.5,78.5,35.26889419555664
2015-07-06,20.5,79.5,34.68890380859375
2015-07-06,20.5,80.5,34.01091003417969
2015-07-06,21.5,74.5,33.666141510009766
2015-07-06,21.5,78.5,33.084903717041016
2015-07-06,21.5,79.5,32.599510192871094
2015-07-07,16.5,73.5,31.069664001464844
2015-07-07,17.5,73.5,29.705366134643555
2015-07-07,17.5,74.5,30.346515655517578
2015-07-07,17.5,75.5,32.9397087097168
2015-07-07,18.5,73.5,30.025178909301758
2015-07-07,18.5,74.5,30.548337936401367
2015-07-07,18.5,75.5,33.852535247802734
2015-07-07,18.5,76.5,35.516109466552734
2015-07-07,18.5,77.5,35.65383529663086
2015-07-07,19.5,73.5,31.059541702270508
2015-07-07,19.5,74.5,32.185203552246094
2015-07-07,19.5,75.5,33.815574645996094
2015-07-07,19.5,76.5,34.968223571777344
2015-07-07,19.5,77.5,35.66276550292969
2015-07-07,19.5,80.5,34.036170959472656
2015-07-07,20.5,73.5,32.748634338378906
2015-07-07,20.5,74.5,32.74554443359375
2015-07-07,20.5,75.5,33.97431945800781
2015-07-07,20.5,76.5,34.45029830932617
2015-07-07,20.5,77.5,34.9593505859375
2015-07-07,20.5,78.5,35.4351692199707
2015-07-07,20.5,79.5,34.9078369140625
2015-07-07,20.5,80.5,34.552825927734375
2015-07-07,21.5,74.5,33.61985397338867
2015-07-07,21.5,78.5,33.418601989746094
2015-07-07,21.5,79.5,32.888580322265625
2015-07-08,16.5,73.5,30.79178810119629
2015-07-08,17.5,73.5,29.77145767211914
2015-07-08,17.5,74.5,30.377452850341797
2015-07-08,17.5,75.5,32.9901008605957
2015-07-08,18.5,73.5,30.022653579711914
2015-07-08,18.5,74.5,30.637733459472656
2015-07-08,18.5,75.5,33.77573776245117
2015-07-08,18.5,76.5,35.324615478515625
2015-07-08,18.5,77.5,35.66086196899414
2015-07-08,19.5,73.5,30.753820419311523
2015-07-08,19.5,74.5,31.680496215820312
2015-07-08,19.5,75.5,33.205413818359375
2015-07-08,19.5,76.5,34.68191146850586
2015-07-08,19.5,77.5,35.42509841918945
2015-07-08,19.5,80.5,33.43720626831055
2015-07-08,20.5,73.5,32.05125427246094
2015-07-08,20.5,74.5,32.02497100830078
2015-07-08,20.5,75.5,33.36277389526367
2015-07-08,20.5,76.5,34.056304931640625
2015-07-08,20.5,77.5,34.359947204589844
2015-07-08,20.5,78.5,35.1312370300293
2015-07-08,20.5,79.5,34.849544525146484
2015-07-08,20.5,80.5,33.29402542114258
2015-07-08,21.5,74.5,32.85286331176758
2015-07-08,21.5,78.5,33.443580627441406
2015-07-08,21.5,79.5,33.10991668701172
2015-07-09,16.5,73.5,30.724445343017578
2015-07-09,17.5,73.5,29.74871826171875
2015-07-09,17.5,74.5,30.421533584594727
2015-07-09,17.5,75.5,33.0786247253418
2015-07-09,18.5,73.5,30.149038314819336
2015-07-09,18.5,74.5,30.60741424560547
2015-07-09,18.5,75.5,33.754669189453125
2015-07-09,18.5,76.5,35.05533981323242
2015-07-09,18.5,77.5,35.111061096191406
2015-07-09,19.5,73.5,31.000051498413086
2015-07-09,19.5,74.5,31.99756622314453
2015-07-09,19.5,75.5,33.43745422363281
2015-07-09,19.5,76.5,34.6071662902832
2015-07-09,19.5,77.5,34.96326446533203
2015-07-09,19.5,80.5,31.959720611572266
2015-07-09,20.5,73.5,33.16300964355469
2015-07-09,20.5,74.5,32.42694091796875
2015-07-09,20.5,75.5,33.394264221191406
2015-07-09,20.5,76.5,33.440528869628906
2015-07-09,20.5,77.5,33.41168212890625
2015-07-09,20.5,78.5,33.49884033203125
2015-07-09,20.5,79.5,32.07365798950195
2015-07-09,20.5,80.5,30.934097290039062
2015-07-09,21.5,74.5,33.48581314086914
2015-07-09,21.5,78.5,30.38275146484375
2015-07-09,21.5,79.5,29.171083450317383
2015-07-10,16.5,73.5,30.813186645507812
2015-07-10,17.5,73.5,29.518064498901367
2015-07-10,17.5,74.5,30.166460037231445
2015-07-10,17.5,75.5,32.63643264770508
2015-07-10,18.5,73.5,30.037641525268555
2015-07-10,18.5,74.5,30.408836364746094
2015-07-10,18.5,75.5,33.246253967285156
2015-07-10,18.5,76.5,35.25521469116211
2015-07-10,18.5,77.5,34.89639663696289
2015-07-10,19.5,73.5,31.014028549194336
2015-07-10,19.5,74.5,31.904014587402344
2015-07-10,19.5,75.5,33.8294792175293
2015-07-10,19.5,76.5,34.31619644165039
2015-07-10,19.5,77.5,33.28749465942383
2015-07-10,19.5,80.5,29.473169326782227
2015-07-10,20.5,73.5,33.244468688964844
2015-07-10,20.5,74.5,32.853240966796875
2015-07-10,20.5,75.5,33.23379135131836
2015-07-10,20.5,76.5,33.8630485534668
2015-07-10,20.5,77.5,32.65878677368164
2015-07-10,20.5,78.5,31.737598419189453
2015-07-10,20.5,79.5,30.404521942138672
2015-07-10,20.5,80.5,28.81917381286621
2015-07-10,21.5,74.5,33.919960021972656
2015-07-10,21.5,78.5,29.715560913085938
2015-07-10,21.5,79.5,28.06047821044922
2015-07-11,16.5,73.5,30.500850677490234
2015-07-11,17.5,73.5,29.210208892822266
2015-07-11,17.5,74.5,29.887741088867188
2015-07-11,17.5,75.5,32.388023376464844
2015-07-11,18.5,73.5,29.946144104003906
2015-07-11,18.5,74.5,30.29132843017578
2015-07-11,18.5,75.5,33.11958312988281
2015-07-11,18.5,76.5,35.2649040222168
2015-07-11,18.5,77.5,35.446468353271484
2015-07-11,19.5,73.5,31.04458999633789
2015-07-11,19.5,74.5,31.979175567626953
2015-07-11,19.5,75.5,33.781944274902344
2015-07-11,19.5,76.5,34.48571014404297
2015-07-11,19.5,77.5,34.41729736328125
2015-07-11,19.5,80.5,31.745798110961914
2015-07-11,20.5,73.5,32.88502883911133
2015-07-11,20.5,74.5,32.544891357421875
2015-07-11,20.5,75.5,33.01213073730469
2015-07-11,20.5,76.5,33.849220275878906
2015-07-11,20.5,77.5,33.38392639160156
2015-07-11,20.5,78.5,32.83619689941406
2015-07-11,20.5,79.5,32.20565414428711
2015-07-11,20.5,80.5,30.44096565246582
2015-07-11,21.5,74.5,33.392494201660156
2015-07-11,21.5,78.5,29.220069885253906
2015-07-11,21.5,79.5,28.28508949279785
2015-07-12,16.5,73.5,31.501731872558594
2015-07-12,17.5,73.5,30.23029327392578
2015-07-12,17.5,74.5,30.731830596923828
2015-07-12,17.5,75.5,33.49832534790039
2015-07-12,18.5,73.5,30.772010803222656
2015-07-12,18.5,74.5,31.226802825927734
2015-07-12,18.5,75.5,34.544593811035156
2015-07-12,18.5,76.5,36.539939880371094
2015-07-12,18.5,77.5,36.59855270385742
2015-07-12,19.5,73.5,31.964475631713867
2015-07-12,19.5,74.5,33.09840393066406
2015-07-12,19.5,75.5,34.810218811035156
2015-07-12,19.5,76.5,36.112667083740234
2015-07-12,19.5,77.5,36.034645080566406
2015-07-12,19.5,80.5,33.70930480957031
2015-07-12,20.5,73.5,33.82904815673828
2015-07-12,20.5,74.5,33.66173553466797
2015-07-12,20.5,75.5,34.93862533569336
2015-07-12,20.5,76.5,35.61931610107422
2015-07-12,20.5,77.5,35.48610305786133
2015-07-12,20.5,78.5,35.051116943359375
2015-07-12,20.5,79.5,34.454505920410156
2015-07-12,20.5,80.5,32.9965934753418
2015-07-12,21.5,74.5,34.61444854736328
2015-07-12,21.5,78.5,32.57573318481445
2015-07-12,21.5,79.5,31.991771697998047
2015-07-13,16.5,73.5,31.822729110717773
2015-07-13,17.5,73.5,30.754793167114258
2015-07-13,17.5,74.5,31.645496368408203
2015-07-13,17.5,75.5,34.47651290893555
2015-07-13,18.5,73.5,31.627290725708008
2015-07-13,18.5,74.5,32.26443862915039
2015-07-13,18.5,75.5,35.456451416015625
2015-07-13,18.5,76.5,36.74197006225586
2015-07-13,18.5,77.5,36.60702133178711
2015-07-13,19.5,73.5,32.89435577392578
2015-07-13,19.5,74.5,33.9969367980957
2015-07-13,19.5,75.5,35.909385681152344
2015-07-13,19.5,76.5,36.53709030151367
2015-07-13,19.5,77.5,36.27585220336914
2015-07-13,19.5,80.5,34.436038970947266
2015-07-13,20.5,73.5,34.20174789428711
2015-07-13,20.5,74.5,34.72895431518555
2015-07-13,20.5,75.5,36.11619186401367
2015-07-13,20.5,76.5,36.63546371459961
2015-07-13,20.5,77.5,36.2449951171875
2015-07-13,20.5,78.5,35.90565872192383
2015-07-13,20.5,79.5,35.294532775878906
2015-07-13,20.5,80.5,34.17908477783203
2015-07-13,21.5,74.5,35.42171859741211
2015-07-13,21.5,78.5,34.10675811767578
2015-07-13,21.5,79.5,33.50630569458008
2015-07-14,16.5,73.5,32.349735260009766
2015-07-14,17.5,73.5,31.305313110351562
2015-07-14,17.5,74.5,31.909969329833984
2015-07-14,17.5,75.5,34.991580963134766
2015-07-14,18.5,73.5,32.02928161621094
2015-07-14,18.5,74.5,32.68132400512695
2015-07-14,18.5,75.5,36.168277740478516
2015-07-14,18.5,76.5,37.51168441772461
2015-07-14,18.5,77.5,37.269683837890625
2015-07-14,19.5,73.5,32.67847442626953
2015-07-14,19.5,74.5,34.445865631103516
2015-07-14,19.5,75.5,36.74410629272461
2015-07-14,19.5,76.5,37.46863555908203
2015-07-14,19.5,77.5,37.458377838134766
2015-07-14,19.5,80.5,34.77992248535156
2015-07-14,20.5,73.5,34.74214172363281
2015-07-14,20.5,74.5,34.971351623535156
2015-07-14,20.5,75.5,36.123199462890625
2015-07-14,20.5,76.5,36.99383544921875
2015-07-14,20.5,77.5,36.87158203125
2015-07-14,20.5,78.5,37.0339469909668
2015-07-14,20.5,79.5,35.99545669555664
2015-07-14,20.5,80.5,35.248958587646484
2015-07-14,21.5,74.5,35.84841537475586
2015-07-14,21.5,78.5,35.01637268066406
2015-07-14,21.5,79.5,34.464942932128906
2015-07-15,16.5,73.5,31.34388542175293
2015-07-15,17.5,73.5,30.334365844726562
2015-07-15,17.5,74.5,31.04047966003418
2015-07-15,17.5,75.5,33.15435791015625
2015-07-15,18.5,73.5,31.289264678955078
2015-07-15,18.5,74.5,31.65567970275879
2015-07-15,18.5,75.5,34.33683395385742
2015-07-15,18.5,76.5,35.10865783691406
2015-07-15,18.5,77.5,35.19896697998047
2015-07-15,19.5,73.5,32.31803894042969
2015-07-15,19.5,74.5,33.409889221191406
2015-07-15,19.5,75.5,35.28950500488281
2015-07-15,19.5,76.5,35.79189682006836
2015-07-15,19.5,77.5,36.07526397705078
2015-07-15,19.5,80.5,34.32044982910156
2015-07-15,20.5,73.5,34.3939323425293
2015-07-15,20.5,74.5,34.19154357910156
2015-07-15,20.5,75.5,35.320030212402344
2015-07-15,20.5,76.5,36.06391143798828
2015-07-15,20.5,77.5,36.23341751098633
2015-07-15,20.5,78.5,36.09196472167969
2015-07-15,20.5,79.5,35.302032470703125
2015-07-15,20.5,80.5,35.076416015625
2015-07-15,21.5,74.5,35.21849060058594
2015-07-15,21.5,78.5,34.458984375
2015-07-15,21.5,79.5,34.19871139526367
2015-07-16,16.5,73.5,30.51204490661621
2015-07-16,17.5,73.5,29.40349006652832
2015-07-16,17.5,74.5,30.139986038208008
2015-07-16,17.5,75.5,32.29356384277344
2015-07-16,18.5,73.5,30.347408294677734
2015-07-16,18.5,74.5,30.672225952148438
2015-07-16,18.5,75.5,33.67442321777344
2015-07-16,18.5,76.5,35.986751556396484
2015-07-16,18.5,77.5,35.93032455444336
2015-07-16,19.5,73.5,31.887577056884766
2015-07-16,19.5,74.5,32.66269302368164
2015-07-16,19.5,75.5,34.71358871459961
2015-07-16,19.5,76.5,36.10630798339844
2015-07-16,19.5,77.5,36.63330078125
2015-07-16,19.5,80.5,34.432228088378906
2015-07-16,20.5,73.5,33.632110595703125
2015-07-16,20.5,74.5,33.78857421875
2015-07-16,20.5,75.5,35.321285247802734
2015-07-16,20.5,76.5,36.18528366088867
2015-07-16,20.5,77.5,36.43681335449219
2015-07-16,20.5,78.5,36.68154525756836
2015-07-16,20.5,79.5,35.513816833496094
2015-07-16,20.5,80.5,34.789894104003906
2015-07-16,21.5,74.5,34.80049514770508
2015-07-16,21.5,78.5,34.50666427612305
2015-07-16,21.5,79.5,33.32550811767578
2015-07-17,16.5,73.5,30.097434997558594
2015-07-17,17.5,73.5,28.761579513549805
2015-07-17,17.5,74.5,29.361709594726562
2015-07-17,17.5,75.5,31.617109298706055
2015-07-17,18.5,73.5,29.759906768798828
2015-07-17,18.5,74.5,30.204105377197266
2015-07-17,18.5,75.5,32.64072799682617
2015-07-17,18.5,76.5,34.56486511230469
2015-07-17,18.5,77.5,35.04875183105469
2015-07-17,19.5,73.5,31.073375701904297
2015-07-17,19.5,74.5,32.05371856689453
2015-07-17,19.5,75.5,33.8169059753418
2015-07-17,19.5,76.5,34.89493942260742
2015-07-17,19.5,77.5,35.19197082519531
2015-07-17,19.5,80.5,33.5240364074707
2015-07-17,20.5,73.5,33.282127380371094
2015-07-17,20.5,74.5,33.215213775634766
2015-07-17,20.5,75.5,33.91499328613281
2015-07-17,20.5,76.5,34.80961227416992
2015-07-17,20.5,77.5,34.99992752075195
2015-07-17,20.5,78.5,35.254730224609375
2015-07-17,20.5,79.5,34.672298431396484
2015-07-17,20.5,80.5,33.08677673339844
2015-07-17,21.5,74.5,34.29857635498047
2015-07-17,21.5,78.5,33.02322006225586
2015-07-17,21.5,79.5,32.30424880981445
2015-07-18,16.5,73.5,30.248546600341797
2015-07-18,17.5,73.5,28.533790588378906
2015-07-18,17.5,74.5,29.2396240234375
2015-07-18,17.5,75.5,31.350135803222656
2015-07-18,18.5,73.5,29.350421905517578
2015-07-18,18.5,74.5,29.490032196044922
2015-07-18,18.5,75.5,32.442527770996094
2015-07-18,18.5,76.5,34.17086410522461
2015-07-18,18.5,77.5,34.673213958740234
2015-07-18,19.5,73.5,30.729812622070312
2015-07-18,19.5,74.5,31.42902946472168
2015-07-18,19.5,75.5,33.34766387939453
2015-07-18,19.5,76.5,33.95391845703125
2015-07-18,19.5,77.5,34.49977111816406
2015-07-18,19.5,80.5,32.64222717285156
2015-07-18,20.5,73.5,32.667564392089844
2015-07-18,20.5,74.5,32.48762130737305
2015-07-18,20.5,75.5,32.916748046875
2015-07-18,20.5,76.5,33.63469314575195
2015-07-18,20.5,77.5,33.52626037597656
2015-07-18,20.5,78.5,33.33074188232422
2015-07-18,20.5,79.5,32.84814453125
2015-07-18,20.5,80.5,32.369056701660156
2015-07-18,21.5,74.5,32.629783630371094
2015-07-18,21.5,78.5,29.9913330078125
2015-07-18,21.5,79.5,30.224760055541992
2015-07-19,16.5,73.5,30.16252899169922
2015-07-19,17.5,73.5,28.66153907775879
2015-07-19,17.5,74.5,29.190515518188477
2015-07-19,17.5,75.5,31.250980377197266
2015-07-19,18.5,73.5,29.090730667114258
2015-07-19,18.5,74.5,29.43171501159668
2015-07-19,18.5,75.5,30.9719295501709
2015-07-19,18.5,76.5,32.22684097290039
2015-07-19,18.5,77.5,32.671077728271484
2015-07-19,19.5,73.5,29.8823299407959
2015-07-19,19.5,74.5,30.218856811523438
2015-07-19,19.5,75.5,31.168184280395508
2015-07-19,19.5,76.5,31.339324951171875
2015-07-19,19.5,77.5,31.275970458984375
2015-07-19,19.5,80.5,30.263090133666992
2015-07-19,20.5,73.5,30.967750549316406
2015-07-19,20.5,74.5,30.769540786743164
2015-07-19,20.5,75.5,30.291160583496094
2015-07-19,20.5,76.5,30.161836624145508
2015-07-19,20.5,77.5,30.115020751953125
2015-07-19,20.5,78.5,30.10447883605957
2015-07-19,20.5,79.5,29.857994079589844
2015-07-19,20.5,80.5,30.54719352722168
2015-07-19,21.5,74.5,29.89010238647461
2015-07-19,21.5,78.5,28.086217880249023
2015-07-19,21.5,79.5,28.673370361328125
2015-07-20,16.5,73.5,30.220348358154297
2015-07-20,17.5,73.5,28.49483871459961
2015-07-20,17.5,74.5,29.05949592590332
2015-07-20,17.5,75.5,31.332815170288086
2015-07-20,18.5,73.5,28.839685440063477
2015-07-20,18.5,74.5,29.173044204711914
2015-07-20,18.5,75.5,30.993127822875977
2015-07-20,18.5,76.5,32.117042541503906
2015-07-20,18.5,77.5,32.422813415527344
2015-07-20,19.5,73.5,29.45748519897461
2015-07-20,19.5,74.5,29.624263763427734
2015-07-20,19.5,75.5,30.337175369262695
2015-07-20,19.5,76.5,30.017566680908203
2015-07-20,19.5,77.5,29.953020095825195
2015-07-20,19.5,80.5,30.172441482543945
2015-07-20,20.5,73.5,30.55956268310547
2015-07-20,20.5,74.5,29.74163818359375
2015-07-20,20.5,75.5,28.97762107849121
2015-07-20,20.5,76.5,29.678211212158203
2015-07-20,20.5,77.5,28.356557846069336
2015-07-20,20.5,78.5,29.306814193725586
2015-07-20,20.5,79.5,29.350330352783203
2015-07-20,20.5,80.5,30.280292510986328
2015-07-20,21.5,74.5,29.25824737548828
2015-07-20,21.5,78.5,27.263444900512695
2015-07-20,21.5,79.5,28.0950870513916
2015-07-21,16.5,73.5,29.676166534423828
2015-07-21,17.5,73.5,27.545940399169922
2015-07-21,17.5,74.5,28.06034278869629
2015-07-21,17.5,75.5,30.42775535583496
2015-07-21,18.5,73.5,27.65053367614746
2015-07-21,18.5,74.5,28.531471252441406
2015-07-21,18.5,75.5,30.765499114990234
2015-07-21,18.5,76.5,32.36518859863281
2015-07-21,18.5,77.5,32.34056854248047
2015-07-21,19.5,73.5,28.943546295166016
2015-07-21,19.5,74.5,29.446937561035156
2015-07-21,19.5,75.5,30.84241485595703
2015-07-21,19.5,76.5,31.56824493408203
2015-07-21,19.5,77.5,31.54550552368164
2015-07-21,19.5,80.5,31.298545837402344
2015-07-21,20.5,73.5,30.219850540161133
2015-07-21,20.5,74.5,29.592090606689453
2015-07-21,20.5,75.5,30.053165435791016
2015-07-21,20.5,76.5,30.799240112304688
2015-07-21,20.5,77.5,30.467784881591797
2015-07-21,20.5,78.5,31.226001739501953
2015-07-21,20.5,79.5,31.100566864013672
2015-07-21,20.5,80.5,31.611438751220703
2015-07-21,21.5,74.5,30.573848724365234
2015-07-21,21.5,78.5,29.167444229125977
2015-07-21,21.5,79.5,30.1488094329834
2015-07-22,16.5,73.5,29.762441635131836
2015-07-22,17.5,73.5,27.719547271728516
2015-07-22,17.5,74.5,28.28278160095215
2015-07-22,17.5,75.5,30.539161682128906
2015-07-22,18.5,73.5,27.790199279785156
2015-07-22,18.5,74.5,28.462282180786133
2015-07-22,18.5,75.5,31.110754013061523
2015-07-22,18.5,76.5,32.17889404296875
2015-07-22,18.5,77.5,32.099063873291016
2015-07-22,19.5,73.5,29.011890411376953
2015-07-22,19.5,74.5,29.95179557800293
2015-07-22,19.5,75.5,31.961162567138672
2015-07-22,19.5,76.5,32.34097671508789
2015-07-22,19.5,77.5,32.595558166503906
2015-07-22,19.5,80.5,31.167552947998047
2015-07-22,20.5,73.5,30.210556030273438
2015-07-22,20.5,74.5,30.215145111083984
2015-07-22,20.5,75.5,31.64773178100586
2015-07-22,20.5,76.5,32.15406799316406
2015-07-22,20.5,77.5,32.380828857421875
2015-07-22,20.5,78.5,32.21961975097656
2015-07-22,20.5,79.5,31.82154655456543
2015-07-22,20.5,80.5,32.67280578613281
2015-07-22,21.5,74.5,30.470867156982422
2015-07-22,21.5,78.5,31.323518753051758
2015-07-22,21.5,79.5,31.64859390258789
2015-07-23,16.5,73.5,29.73540687561035
2015-07-23,17.5,73.5,28.131668090820312
2015-07-23,17.5,74.5,29.113561630249023
2015-07-23,17.5,75.5,31.70698356628418
2015-07-23,18.5,73.5,28.5550537109375
2015-07-23,18.5,74.5,29.087873458862305
2015-07-23,18.5,75.5,32.325050354003906
2015-07-23,18.5,76.5,33.10310363769531
2015-07-23,18.5,77.5,32.6297492980957
2015-07-23,19.5,73.5,29.64421844482422
2015-07-23,19.5,74.5,30.741039276123047
2015-07-23,19.5,75.5,32.556556701660156
2015-07-23,19.5,76.5,32.58649444580078
2015-07-23,19.5,77.5,31.960159301757812
2015-07-23,19.5,80.5,30.262256622314453
2015-07-23,20.5,73.5,31.249061584472656
2015-07-23,20.5,74.5,31.006328582763672
2015-07-23,20.5,75.5,31.757354736328125
2015-07-23,20.5,76.5,31.9517879486084
2015-07-23,20.5,77.5,31.37530517578125
2015-07-23,20.5,78.5,30.53192138671875
2015-07-23,20.5,79.5,30.230710983276367
2015-07-23,20.5,80.5,30.228321075439453
2015-07-23,21.5,74.5,32.07645034790039
2015-07-23,21.5,78.5,28.896228790283203
2015-07-23,21.5,79.5,28.803043365478516
2015-07-24,16.5,73.5,28.295963287353516
2015-07-24,17.5,73.5,27.37626075744629
2015-07-24,17.5,74.5,28.074037551879883
2015-07-24,17.5,75.5,31.092510223388672
2015-07-24,18.5,73.5,28.200550079345703
2015-07-24,18.5,74.5,28.794384002685547
2015-07-24,18.5,75.5,32.23827362060547
2015-07-24,18.5,76.5,33.6597900390625
2015-07-24,18.5,77.5,33.55916213989258
2015-07-24,19.5,73.5,29.39061737060547
2015-07-24,19.5,74.5,30.255348205566406
2015-07-24,19.5,75.5,31.773345947265625
2015-07-24,19.5,76.5,32.61543655395508
2015-07-24,19.5,77.5,32.53317642211914
2015-07-24,19.5,80.5,31.021137237548828
2015-07-24,20.5,73.5,31.060895919799805
2015-07-24,20.5,74.5,30.53165626525879
2015-07-24,20.5,75.5,31.12760353088379
2015-07-24,20.5,76.5,31.225072860717773
2015-07-24,20.5,77.5,31.18838882446289
2015-07-24,20.5,78.5,31.01947784423828
2015-07-24,20.5,79.5,30.519821166992188
2015-07-24,20.5,80.5,31.059757232666016
2015-07-24,21.5,74.5,31.692895889282227
2015-07-24,21.5,78.5,28.376558303833008
2015-07-24,21.5,79.5,28.662179946899414
2015-07-25,16.5,73.5,28.552593231201172
2015-07-25,17.5,73.5,27.739276885986328
2015-07-25,17.5,74.5,28.22560691833496
2015-07-25,17.5,75.5,30.83049201965332
2015-07-25,18.5,73.5,28.280424118041992
2015-07-25,18.5,74.5,28.589740753173828
2015-07-25,18.5,75.5,31.329204559326172
2015-07-25,18.5,76.5,32.61027526855469
2015-07-25,18.5,77.5,33.32235336303711
2015-07-25,19.5,73.5,28.905155181884766
2015-07-25,19.5,74.5,29.365022659301758
2015-07-25,19.5,75.5,30.235116958618164
2015-07-25,19.5,76.5,31.04930305480957
2015-07-25,19.5,77.5,31.277929306030273
2015-07-25,19.5,80.5,31.13471794128418
2015-07-25,20.5,73.5,29.492481231689453
2015-07-25,20.5,74.5,29.110498428344727
2015-07-25,20.5,75.5,29.242807388305664
2015-07-25,20.5,76.5,29.26930046081543
2015-07-25,20.5,77.5,29.552141189575195
2015-07-25,20.5,78.5,30.448762893676758
2015-07-25,20.5,79.5,30.415584564208984
2015-07-25,20.5,80.5,31.471864700317383
2015-07-25,21.5,74.5,28.630624771118164
2015-07-25,21.5,78.5,27.684429168701172
2015-07-25,21.5,79.5,28.37084197998047
2015-07-26,16.5,73.5,29.56535530090332
2015-07-26,17.5,73.5,28.137296676635742
2015-07-26,17.5,74.5,28.735687255859375
2015-07-26,17.5,75.5,30.88585662841797
2015-07-26,18.5,73.5,28.23426628112793
2015-07-26,18.5,74.5,28.882184982299805
2015-07-26,18.5,75.5,31.3376407623291
2015-07-26,18.5,76.5,33.01165008544922
2015-07-26,18.5,77.5,33.057010650634766
2015-07-26,19.5,73.5,29.44710922241211
2015-07-26,19.5,74.5,30.031028747558594
2015-07-26,19.5,75.5,31.414358139038086
2015-07-26,19.5,76.5,32.11249923706055
2015-07-26,19.5,77.5,32.17927169799805
2015-07-26,19.5,80.5,30.890531539916992
2015-07-26,20.5,73.5,29.540599822998047
2015-07-26,20.5,74.5,29.26727294921875
2015-07-26,20.5,75.5,30.028284072875977
2015-07-26,20.5,76.5,30.765079498291016
2015-07-26,20.5,77.5,31.056442260742188
2015-07-26,20.5,78.5,30.98430633544922
2015-07-26,20.5,79.5,30.83297348022461
2015-07-26,20.5,80.5,31.164369583129883
2015-07-26,21.5,74.5,28.900619506835938
2015-07-26,21.5,78.5,28.173940658569336
2015-07-26,21.5,79.5,28.583145141601562
2015-07-27,16.5,73.5,29.370731353759766
2015-07-27,17.5,73.5,28.205791473388672
2015-07-27,17.5,74.5,28.781208038330078
2015-07-27,17.5,75.5,31.376361846923828
2015-07-27,18.5,73.5,27.7811222076416
2015-07-27,18.5,74.5,28.43003273010254
2015-07-27,18.5,75.5,31.42032241821289
2015-07-27,18.5,76.5,33.019615173339844
2015-07-27,18.5,77.5,33.341651916503906
2015-07-27,19.5,73.5,28.34084701538086
2015-07-27,19.5,74.5,28.558961868286133
2015-07-27,19.5,75.5,29.763813018798828
2015-07-27,19.5,76.5,30.956729888916016
2015-07-27,19.5,77.5,32.11664581298828
2015-07-27,19.5,80.5,31.64609146118164
2015-07-27,20.5,73.5,28.296018600463867
2015-07-27,20.5,74.5,28.02199363708496
2015-07-27,20.5,75.5,28.683170318603516
2015-07-27,20.5,76.5,28.899795532226562
2015-07-27,20.5,77.5,29.94138526916504
2015-07-27,20.5,78.5,30.458642959594727
2015-07-27,20.5,79.5,30.896873474121094
2015-07-27,20.5,80.5,31.775976181030273
2015-07-27,21.5,74.5,27.604354858398438
2015-07-27,21.5,78.5,28.136869430541992
2015-07-27,21.5,79.5,28.941116333007812
2015-07-28,16.5,73.5,29.933517456054688
2015-07-28,17.5,73.5,28.266836166381836
2015-07-28,17.5,74.5,28.8940486907959
2015-07-28,17.5,75.5,31.7204647064209
2015-07-28,18.5,73.5,28.190261840820312
2015-07-28,18.5,74.5,28.68621253967285
2015-07-28,18.5,75.5,32.050872802734375
2015-07-28,18.5,76.5,33.86545181274414
2015-07-28,18.5,77.5,34.92498779296875
2015-07-28,19.5,73.5,28.80718231201172
2015-07-28,19.5,74.5,29.72492027282715
2015-07-28,19.5,75.5,31.303003311157227
2015-07-28,19.5,76.5,32.88629150390625
2015-07-28,19.5,77.5,33.82909393310547
2015-07-28,19.5,80.5,32.759315490722656
2015-07-28,20.5,73.5,29.081356048583984
2015-07-28,20.5,74.5,29.125085830688477
2015-07-28,20.5,75.5,30.64647102355957
2015-07-28,20.5,76.5,31.502037048339844
2015-07-28,20.5,77.5,32.640010833740234
2015-07-28,20.5,78.5,33.37055206298828
2015-07-28,20.5,79.5,32.66421890258789
2015-07-28,20.5,80.5,33.168827056884766
2015-07-28,21.5,74.5,28.685073852539062
2015-07-28,21.5,78.5,30.295690536499023
2015-07-28,21.5,79.5,30.716142654418945
2015-07-29,16.5,73.5,29.773054122924805
2015-07-29,17.5,73.5,28.11809730529785
2015-07-29,17.5,74.5,28.843650817871094
2015-07-29,17.5,75.5,31.5541934967041
2015-07-29,18.5,73.5,27.73316764831543
2015-07-29,18.5,74.5,28.371198654174805
2015-07-29,18.5,75.5,31.762096405029297
2015-07-29,18.5,76.5,33.6240119934082
2015-07-29,18.5,77.5,34.5191650390625
2015-07-29,19.5,73.5,28.527917861938477
2015-07-29,19.5,74.5,29.356698989868164
2015-07-29,19.5,75.5,30.97580337524414
2015-07-29,19.5,76.5,32.440486907958984
2015-07-29,19.5,77.5,33.39869689941406
2015-07-29,19.5,80.5,33.12617874145508
2015-07-29,20.5,73.5,29.354652404785156
2015-07-29,20.5,74.5,28.953378677368164
2015-07-29,20.5,75.5,30.234689712524414
2015-07-29,20.5,76.5,30.951833724975586
2015-07-29,20.5,77.5,32.216732025146484
2015-07-29,20.5,78.5,33.223880767822266
2015-07-29,20.5,79.5,32.82571792602539
2015-07-29,20.5,80.5,33.43746566772461
2015-07-29,21.5,74.5,29.101036071777344
2015-07-29,21.5,78.5,30.237356185913086
2015-07-29,21.5,79.5,30.96167755126953
2015-07-30,16.5,73.5,29.680946350097656
2015-07-30,17.5,73.5,27.797014236450195
2015-07-30,17.5,74.5,28.669065475463867
2015-07-30,17.5,75.5,30.69876480102539
2015-07-30,18.5,73.5,27.95513343811035
2015-07-30,18.5,74.5,28.46678352355957
2015-07-30,18.5,75.5,30.800960540771484
2015-07-30,18.5,76.5,32.11299133300781
2015-07-30,18.5,77.5,32.70719528198242
2015-07-30,19.5,73.5,29.12895965576172
2015-07-30,19.5,74.5,30.021865844726562
2015-07-30,19.5,75.5,31.285369873046875
2015-07-30,19.5,76.5,31.86844253540039
2015-07-30,19.5,77.5,32.51173782348633
2015-07-30,19.5,80.5,32.19645309448242
2015-07-30,20.5,73.5,30.446104049682617
2015-07-30,20.5,74.5,30.48512840270996
2015-07-30,20.5,75.5,31.184843063354492
2015-07-30,20.5,76.5,31.92696189880371
2015-07-30,20.5,77.5,32.146793365478516
2015-07-30,20.5,78.5,32.48106384277344
2015-07-30,20.5,79.5,32.370643615722656
2015-07-30,20.5,80.5,32.90946578979492
2015-07-30,21.5,74.5,31.000289916992188
2015-07-30,21.5,78.5,30.657970428466797
2015-07-30,21.5,79.5,30.96930503845215
2015-07-31,16.5,73.5,28.681074142456055
2015-07-31,17.5,73.5,27.694204330444336
2015-07-31,17.5,74.5,28.31048583984375
2015-07-31,17.5,75.5,30.25527572631836
2015-07-31,18.5,73.5,28.14971160888672
2015-07-31,18.5,74.5,28.470766067504883
2015-07-31,18.5,75.5,31.58354949951172
2015-07-31,18.5,76.5,33.382728576660156
2015-07-31,18.5,77.5,33.82121276855469
2015-07-31,19.5,73.5,29.74955177307129
2015-07-31,19.5,74.5,30.94503402709961
2015-07-31,19.5,75.5,32.321109771728516
2015-07-31,19.5,76.5,33.12860107421875
2015-07-31,19.5,77.5,33.663299560546875
2015-07-31,19.5,80.5,32.843421936035156
2015-07-31,20.5,73.5,31.582611083984375
2015-07-31,20.5,74.5,31.20002555847168
2015-07-31,20.5,75.5,32.08565139770508
2015-07-31,20.5,76.5,32.54558181762695
2015-07-31,20.5,77.5,33.06985092163086
2015-07-31,20.5,78.5,33.34701919555664
2015-07-31,20.5,79.5,32.56716537475586
2015-07-31,20.5,80.5,32.878074645996094
2015-07-31,21.5,74.5,31.69135856628418
2015-07-31,21.5,78.5,30.912525177001953
2015-07-31,21.5,79.5,30.647586822509766
2015-08-01,16.5,73.5,30.212848663330078
2015-08-01,17.5,73.5,29.028152465820312
2015-08-01,17.5,74.5,29.736167907714844
2015-08-01,17.5,75.5,32.19942855834961
2015-08-01,18.5,73.5,29.525150299072266
2015-08-01,18.5,74.5,30.21910285949707
2015-08-01,18.5,75.5,33.04844665527344
2015-08-01,18.5,76.5,34.49250030517578
2015-08-01,18.5,77.5,34.39403533935547
2015-08-01,19.5,73.5,30.392053604125977
2015-08-01,19.5,74.5,31.281953811645508
2015-08-01,19.5,75.5,32.81084060668945
2015-08-01,19.5,76.5,33.599185943603516
2015-08-01,19.5,77.5,33.972862243652344
2015-08-01,19.5,80.5,32.815494537353516
2015-08-01,20.5,73.5,32.017887115478516
2015-08-01,20.5,74.5,31.56572723388672
2015-08-01,20.5,75.5,32.3444709777832
2015-08-01,20.5,76.5,32.755836486816406
2015-08-01,20.5,77.5,32.96940612792969
2015-08-01,20.5,78.5,33.62356185913086
2015-08-01,20.5,79.5,33.002960205078125
2015-08-01,20.5,80.5,33.34230422973633
2015-08-01,21.5,74.5,31.704957962036133
2015-08-01,21.5,78.5,31.121713638305664
2015-08-01,21.5,79.5,31.267475128173828
2015-08-02,16.5,73.5,30.597381591796875
2015-08-02,17.5,73.5,29.355449676513672
2015-08-02,17.5,74.5,30.038408279418945
2015-08-02,17.5,75.5,32.68862533569336
2015-08-02,18.5,73.5,29.7603702545166
2015-08-02,18.5,74.5,30.186973571777344
2015-08-02,18.5,75.5,32.8148307800293
2015-08-02,18.5,76.5,33.97018051147461
2015-08-02,18.5,77.5,33.91433334350586
2015-08-02,19.5,73.5,30.272737503051758
2015-08-02,19.5,74.5,30.91067886352539
2015-08-02,19.5,75.5,32.23065948486328
2015-08-02,19.5,76.5,33.211524963378906
2015-08-02,19.5,77.5,33.5302734375
2015-08-02,19.5,80.5,32.71002197265625
2015-08-02,20.5,73.5,31.604360580444336
2015-08-02,20.5,74.5,31.09034538269043
2015-08-02,20.5,75.5,31.710933685302734
2015-08-02,20.5,76.5,32.19681930541992
2015-08-02,20.5,77.5,32.30957794189453
2015-08-02,20.5,78.5,32.84334182739258
2015-08-02,20.5,79.5,32.595401763916016
2015-08-02,20.5,80.5,33.11614990234375
2015-08-02,21.5,74.5,31.2484073638916
2015-08-02,21.5,78.5,30.567365646362305
2015-08-02,21.5,79.5,31.267784118652344
2015-08-03,16.5,73.5,30.380260467529297
2015-08-03,17.5,73.5,28.711408615112305
2015-08-03,17.5,74.5,29.396987915039062
2015-08-03,17.5,75.5,31.983755111694336
2015-08-03,18.5,73.5,29.334272384643555
2015-08-03,18.5,74.5,29.73391342163086
2015-08-03,18.5,75.5,31.902061462402344
2015-08-03,18.5,76.5,33.04578399658203
2015-08-03,18.5,77.5,33.60491180419922
2015-08-03,19.5,73.5,29.971277236938477
2015-08-03,19.5,74.5,30.253673553466797
2015-08-03,19.5,75.5,31.11142921447754
2015-08-03,19.5,76.5,31.731338500976562
2015-08-03,19.5,77.5,31.663986206054688
2015-08-03,19.5,80.5,31.503026962280273
2015-08-03,20.5,73.5,31.30562400817871
2015-08-03,20.5,74.5,30.52351188659668
2015-08-03,20.5,75.5,30.418142318725586
2015-08-03,20.5,76.5,30.232553482055664
2015-08-03,20.5,77.5,29.9423885345459
2015-08-03,20.5,78.5,30.283105850219727
2015-08-03,20.5,79.5,29.91099739074707
2015-08-03,20.5,80.5,29.67086410522461
2015-08-03,21.5,74.5,30.892534255981445
2015-08-03,21.5,78.5,27.153257369995117
2015-08-03,21.5,79.5,26.697513580322266
2015-08-04,16.5,73.5,29.457181930541992
2015-08-04,17.5,73.5,27.41171646118164
2015-08-04,17.5,74.5,28.02495574951172
2015-08-04,17.5,75.5,29.779394149780273
2015-08-04,18.5,73.5,26.705894470214844
2015-08-04,18.5,74.5,26.856956481933594
2015-08-04,18.5,75.5,28.014013290405273
2015-08-04,18.5,76.5,29.318552017211914
2015-08-04,18.5,77.5,28.7419490814209
2015-08-04,19.5,73.5,27.458053588867188
2015-08-04,19.5,74.5,26.83554458618164
2015-08-04,19.5,75.5,26.955520629882812
2015-08-04,19.5,76.5,26.4931583404541
2015-08-04,19.5,77.5,26.419530868530273
2015-08-04,19.5,80.5,27.928340911865234
2015-08-04,20.5,73.5,28.25826072692871
2015-08-04,20.5,74.5,27.38991928100586
2015-08-04,20.5,75.5,25.89862632751465
2015-08-04,20.5,76.5,25.4150390625
2015-08-04,20.5,77.5,25.421110153198242
2015-08-04,20.5,78.5,26.188875198364258
2015-08-04,20.5,79.5,26.307876586914062
2015-08-04,20.5,80.5,27.526569366455078
2015-08-04,21.5,74.5,27.846149444580078
2015-08-04,21.5,78.5,24.895771026611328
2015-08-04,21.5,79.5,25.359785079956055
2015-08-05,16.5,73.5,29.309810638427734
2015-08-05,17.5,73.5,27.292192459106445
2015-08-05,17.5,74.5,28.217626571655273
2015-08-05,17.5,75.5,30.28621482849121
2015-08-05,18.5,73.5,26.431541442871094
2015-08-05,18.5,74.5,27.287546157836914
2015-08-05,18.5,75.5,27.941577911376953
2015-08-05,18.5,76.5,29.26988410949707
2015-08-05,18.5,77.5,30.30104637145996
2015-08-05,19.5,73.5,26.558300018310547
2015-08-05,19.5,74.5,26.239622116088867
2015-08-05,19.5,75.5,26.308855056762695
2015-08-05,19.5,76.5,26.26200294494629
2015-08-05,19.5,77.5,25.941146850585938
2015-08-05,19.5,80.5,27.939130783081055
2015-08-05,20.5,73.5,28.213834762573242
2015-08-05,20.5,74.5,26.60332679748535
2015-08-05,20.5,75.5,25.166702270507812
2015-08-05,20.5,76.5,25.622451782226562
2015-08-05,20.5,77.5,25.120563507080078
2015-08-05,20.5,78.5,26.67385482788086
2015-08-05,20.5,79.5,26.990825653076172
2015-08-05,20.5,80.5,27.71779441833496
2015-08-05,21.5,74.5,27.393945693969727
2015-08-05,21.5,78.5,25.64069938659668
2015-08-05,21.5,79.5,25.644790649414062
2015-08-06,16.5,73.5,29.865659713745117
2015-08-06,17.5,73.5,27.69189453125
2015-08-06,17.5,74.5,28.53936004638672
2015-08-06,17.5,75.5,30.78001594543457
2015-08-06,18.5,73.5,27.045745849609375
2015-08-06,18.5,74.5,27.729597091674805
2015-08-06,18.5,75.5,29.44171905517578
2015-08-06,18.5,76.5,30.199596405029297
2015-08-06,18.5,77.5,30.317636489868164
2015-08-06,19.5,73.5,28.05675506591797
2015-08-06,19.5,74.5,27.88499641418457
2015-08-06,19.5,75.5,28.472272872924805
2015-08-06,19.5,76.5,28.34953498840332
2015-08-06,19.5,77.5,27.74149513244629
2015-08-06,19.5,80.5,28.0034236907959
2015-08-06,20.5,73.5,29.54163360595703
2015-08-06,20.5,74.5,28.40920066833496
2015-08-06,20.5,75.5,27.521202087402344
2015-08-06,20.5,76.5,27.91060447692871
2015-08-06,20.5,77.5,27.52640151977539
2015-08-06,20.5,78.5,28.13405990600586
2015-08-06,20.5,79.5,27.997594833374023
2015-08-06,20.5,80.5,28.32034683227539
2015-08-06,21.5,74.5,29.17523956298828
2015-08-06,21.5,78.5,27.033851623535156
2015-08-06,21.5,79.5,27.582937240600586
2015-08-07,16.5,73.5,29.98320198059082
2015-08-07,17.5,73.5,28.35706901550293
2015-08-07,17.5,74.5,28.92912483215332
2015-08-07,17.5,75.5,31.231565475463867
2015-08-07,18.5,73.5,28.89624786376953
2015-08-07,18.5,74.5,29.07353401184082
2015-08-07,18.5,75.5,31.079872131347656
2015-08-07,18.5,76.5,32.42862319946289
2015-08-07,18.5,77.5,32.17053985595703
2015-08-07,19.5,73.5,29.739673614501953
2015-08-07,19.5,74.5,29.87113380432129
2015-08-07,19.5,75.5,30.82238006591797
2015-08-07,19.5,76.5,31.109392166137695
2015-08-07,19.5,77.5,31.22433090209961
2015-08-07,19.5,80.5,29.858598709106445
2015-08-07,20.5,73.5,31.005590438842773
2015-08-07,20.5,74.5,30.1976261138916
2015-08-07,20.5,75.5,30.16263771057129
2015-08-07,20.5,76.5,30.438617706298828
2015-08-07,20.5,77.5,30.416584014892578
2015-08-07,20.5,78.5,30.86688232421875
2015-08-07,20.5,79.5,30.41431999206543
2015-08-07,20.5,80.5,30.341678619384766
2015-08-07,21.5,74.5,30.912248611450195
2015-08-07,21.5,78.5,29.439023971557617
2015-08-07,21.5,79.5,30.168519973754883
2015-08-08,16.5,73.5,29.798500061035156
2015-08-08,17.5,73.5,27.98101806640625
2015-08-08,17.5,74.5,28.507251739501953
2015-08-08,17.5,75.5,30.76730728149414
2015-08-08,18.5,73.5,28.350313186645508
2015-08-08,18.5,74.5,28.502962112426758
2015-08-08,18.5,75.5,30.763946533203125
2015-08-08,18.5,76.5,32.05730056762695
2015-08-08,18.5,77.5,31.635427474975586
2015-08-08,19.5,73.5,29.59343147277832
2015-08-08,19.5,74.5,29.96152687072754
2015-08-08,19.5,75.5,31.02787208557129
2015-08-08,19.5,76.5,31.270586013793945
2015-08-08,19.5,77.5,30.904932022094727
2015-08-08,19.5,80.5,30.304689407348633
2015-08-08,20.5,73.5,31.315706253051758
2015-08-08,20.5,74.5,30.503618240356445
2015-08-08,20.5,75.5,30.863933563232422
2015-08-08,20.5,76.5,30.993555068969727
2015-08-08,20.5,77.5,30.791954040527344
2015-08-08,20.5,78.5,31.092723846435547
2015-08-08,20.5,79.5,30.672462463378906
2015-08-08,20.5,80.5,31.040019989013672
2015-08-08,21.5,74.5,31.37535285949707
2015-08-08,21.5,78.5,29.55791664123535
2015-08-08,21.5,79.5,30.265443801879883
2015-08-09,16.5,73.5,29.41236686706543
2015-08-09,17.5,73.5,27.772336959838867
2015-08-09,17.5,74.5,28.444805145263672
2015-08-09,17.5,75.5,30.852277755737305
2015-08-09,18.5,73.5,28.278392791748047
2015-08-09,18.5,74.5,28.57840347290039
2015-08-09,18.5,75.5,31.02025032043457
2015-08-09,18.5,76.5,31.16399574279785
2015-08-09,18.5,77.5,30.801315307617188
2015-08-09,19.5,73.5,29.199857711791992
2015-08-09,19.5,74.5,29.551231384277344
2015-08-09,19.5,75.5,30.72416114807129
2015-08-09,19.5,76.5,30.321638107299805
2015-08-09,19.5,77.5,30.168231964111328
2015-08-09,19.5,80.5,29.604997634887695
2015-08-09,20.5,73.5,30.636764526367188
2015-08-09,20.5,74.5,29.79676628112793
2015-08-09,20.5,75.5,30.308391571044922
2015-08-09,20.5,76.5,30.386388778686523
2015-08-09,20.5,77.5,29.675731658935547
2015-08-09,20.5,78.5,30.5296688079834
2015-08-09,20.5,79.5,30.182525634765625
2015-08-09,20.5,80.5,31.568862915039062
2015-08-09,21.5,74.5,30.872634887695312
2015-08-09,21.5,78.5,29.4339599609375
2015-08-09,21.5,79.5,31.036500930786133
2015-08-10,16.5,73.5,28.550710678100586
2015-08-10,17.5,73.5,26.960176467895508
2015-08-10,17.5,74.5,27.532360076904297
2015-08-10,17.5,75.5,30.026466369628906
2015-08-10,18.5,73.5,27.956865310668945
2015-08-10,18.5,74.5,28.205059051513672
2015-08-10,18.5,75.5,30.789283752441406
2015-08-10,18.5,76.5,32.00127029418945
2015-08-10,18.5,77.5,32.0721549987793
2015-08-10,19.5,73.5,29.2504940032959
2015-08-10,19.5,74.5,29.961666107177734
2015-08-10,19.5,75.5,31.4768123626709
2015-08-10,19.5,76.5,31.795085906982422
2015-08-10,19.5,77.5,31.862220764160156
2015-08-10,19.5,80.5,32.027374267578125
2015-08-10,20.5,73.5,31.152055740356445
2015-08-10,20.5,74.5,30.298852920532227
2015-08-10,20.5,75.5,31.056291580200195
2015-08-10,20.5,76.5,31.346324920654297
2015-08-10,20.5,77.5,31.049179077148438
2015-08-10,20.5,78.5,32.23054885864258
2015-08-10,20.5,79.5,31.55940818786621
2015-08-10,20.5,80.5,32.945743560791016
2015-08-10,21.5,74.5,31.16324234008789
2015-08-10,21.5,78.5,30.32802391052246
2015-08-10,21.5,79.5,31.283926010131836
2015-08-11,16.5,73.5,29.853139877319336
2015-08-11,17.5,73.5,28.028350830078125
2015-08-11,17.5,74.5,28.621910095214844
2015-08-11,17.5,75.5,30.735990524291992
2015-08-11,18.5,73.5,28.203256607055664
2015-08-11,18.5,74.5,28.348087310791016
2015-08-11,18.5,75.5,30.380937576293945
2015-08-11,18.5,76.5,31.291284561157227
2015-08-11,18.5,77.5,31.335847854614258
2015-08-11,19.5,73.5,29.086803436279297
2015-08-11,19.5,74.5,29.364776611328125
2015-08-11,19.5,75.5,30.2597713470459
2015-08-11,19.5,76.5,30.367279052734375
2015-08-11,19.5,77.5,30.422439575195312
2015-08-11,19.5,80.5,30.790735244750977
2015-08-11,20.5,73.5,30.63278579711914
2015-08-11,20.5,74.5,29.632844924926758
2015-08-11,20.5,75.5,29.69569206237793
2015-08-11,20.5,76.5,29.909496307373047
2015-08-11,20.5,77.5,30.074844360351562
2015-08-11,20.5,78.5,31.02294158935547
2015-08-11,20.5,79.5,30.546213150024414
2015-08-11,20.5,80.5,31.29861068725586
2015-08-11,21.5,74.5,30.279701232910156
2015-08-11,21.5,78.5,29.38287353515625
2015-08-11,21.5,79.5,30.001205444335938
2015-08-12,16.5,73.5,29.262004852294922
2015-08-12,17.5,73.5,27.421947479248047
2015-08-12,17.5,74.5,27.846920013427734
2015-08-12,17.5,75.5,28.762393951416016
2015-08-12,18.5,73.5,27.541261672973633
2015-08-12,18.5,74.5,27.47210121154785
2015-08-12,18.5,75.5,27.962430953979492
2015-08-12,18.5,76.5,28.646564483642578
2015-08-12,18.5,77.5,28.253501892089844
2015-08-12,19.5,73.5,28.091379165649414
2015-08-12,19.5,74.5,28.443246841430664
2015-08-12,19.5,75.5,28.75980567932129
2015-08-12,19.5,76.5,28.732200622558594
2015-08-12,19.5,77.5,29.400754928588867
2015-08-12,19.5,80.5,29.62042999267578
2015-08-12,20.5,73.5,29.730709075927734
2015-08-12,20.5,74.5,28.770841598510742
2015-08-12,20.5,75.5,28.357107162475586
2015-08-12,20.5,76.5,29.07235336303711
2015-08-12,20.5,77.5,29.669965744018555
2015-08-12,20.5,78.5,31.087968826293945
2015-08-12,20.5,79.5,30.965490341186523
2015-08-12,20.5,80.5,31.665334701538086
2015-08-12,21.5,74.5,29.42654800415039
2015-08-12,21.5,78.5,29.75938606262207
2015-08-12,21.5,79.5,30.72883415222168
2015-08-13,16.5,73.5,29.72467041015625
2015-08-13,17.5,73.5,27.786964416503906
2015-08-13,17.5,74.5,28.176395416259766
2015-08-13,17.5,75.5,29.282045364379883
2015-08-13,18.5,73.5,27.8946590423584
2015-08-13,18.5,74.5,27.88848876953125
2015-08-13,18.5,75.5,27.947101593017578
2015-08-13,18.5,76.5,28.260683059692383
2015-08-13,18.5,77.5,27.60435676574707
2015-08-13,19.5,73.5,29.45819854736328
2015-08-13,19.5,74.5,28.971704483032227
2015-08-13,19.5,75.5,28.555728912353516
2015-08-13,19.5,76.5,27.520599365234375
2015-08-13,19.5,77.5,26.1105899810791
2015-08-13,19.5,80.5,26.761409759521484
2015-08-13,20.5,73.5,30.843063354492188
2015-08-13,20.5,74.5,29.17735481262207
2015-08-13,20.5,75.5,27.835378646850586
2015-08-13,20.5,76.5,28.001264572143555
2015-08-13,20.5,77.5,26.83637809753418
2015-08-13,20.5,78.5,27.282474517822266
2015-08-13,20.5,79.5,27.265731811523438
2015-08-13,20.5,80.5,28.41285514831543
2015-08-13,21.5,74.5,30.129491806030273
2015-08-13,21.5,78.5,26.81300163269043
2015-08-13,21.5,79.5,28.164363861083984
2015-08-14,16.5,73.5,30.660715103149414
2015-08-14,17.5,73.5,29.030536651611328
2015-08-14,17.5,74.5,29.566585540771484
2015-08-14,17.5,75.5,31.96772575378418
2015-08-14,18.5,73.5,28.88920783996582
2015-08-14,18.5,74.5,29.388765335083008
2015-08-14,18.5,75.5,31.59433937072754
2015-08-14,18.5,76.5,32.351619720458984
2015-08-14,18.5,77.5,31.626148223876953
2015-08-14,19.5,73.5,29.17444610595703
2015-08-14,19.5,74.5,29.488676071166992
2015-08-14,19.5,75.5,30.306974411010742
2015-08-14,19.5,76.5,30.871868133544922
2015-08-14,19.5,77.5,30.71844482421875
2015-08-14,19.5,80.5,29.879301071166992
2015-08-14,20.5,73.5,30.453468322753906
2015-08-14,20.5,74.5,29.514434814453125
2015-08-14,20.5,75.5,29.67627716064453
2015-08-14,20.5,76.5,29.482505798339844
2015-08-14,20.5,77.5,29.189149856567383
2015-08-14,20.5,78.5,29.868961334228516
2015-08-14,20.5,79.5,29.76026725769043
2015-08-14,20.5,80.5,30.721216201782227
2015-08-14,21.5,74.5,30.134748458862305
2015-08-14,21.5,78.5,28.113496780395508
2015-08-14,21.5,79.5,28.87311553955078
2015-08-15,16.5,73.5,30.830520629882812
2015-08-15,17.5,73.5,29.129972457885742
2015-08-15,17.5,74.5,29.68743896484375
2015-08-15,17.5,75.5,32.3648567199707
2015-08-15,18.5,73.5,28.844314575195312
2015-08-15,18.5,74.5,29.627952575683594
2015-08-15,18.5,75.5,32.51383590698242
2015-08-15,18.5,76.5,33.48743438720703
2015-08-15,18.5,77.5,32.99575424194336
2015-08-15,19.5,73.5,29.834930419921875
2015-08-15,19.5,74.5,30.45998191833496
2015-08-15,19.5,75.5,31.676259994506836
2015-08-15,19.5,76.5,32.21625518798828
2015-08-15,19.5,77.5,32.29770278930664
2015-08-15,19.5,80.5,31.62519073486328
2015-08-15,20.5,73.5,31.270042419433594
2015-08-15,20.5,74.5,30.58133316040039
2015-08-15,20.5,75.5,31.13823699951172
2015-08-15,20.5,76.5,31.05463409423828
2015-08-15,20.5,77.5,31.126365661621094
2015-08-15,20.5,78.5,31.584569931030273
2015-08-15,20.5,79.5,31.086910247802734
2015-08-15,20.5,80.5,32.154380798339844
2015-08-15,21.5,74.5,31.2762508392334
2015-08-15,21.5,78.5,29.088409423828125
2015-08-15,21.5,79.5,29.987436294555664
2015-08-16,16.5,73.5,30.67105484008789
2015-08-16,17.5,73.5,28.935483932495117
2015-08-16,17.5,74.5,29.559051513671875
2015-08-16,17.5,75.5,31.474735260009766
2015-08-16,18.5,73.5,29.27006721496582
2015-08-16,18.5,74.5,29.66238021850586
2015-08-16,18.5,75.5,31.694679260253906
2015-08-16,18.5,76.5,31.777637481689453
2015-08-16,18.5,77.5,30.376432418823242
2015-08-16,19.5,73.5,30.222434997558594
2015-08-16,19.5,74.5,30.73088264465332
2015-08-16,19.5,75.5,31.856054306030273
2015-08-16,19.5,76.5,31.706974029541016
2015-08-16,19.5,77.5,31.461843490600586
2015-08-16,19.5,80.5,29.803119659423828
2015-08-16,20.5,73.5,31.881914138793945
2015-08-16,20.5,74.5,31.130380630493164
2015-08-16,20.5,75.5,31.468530654907227
2015-08-16,20.5,76.5,31.36209487915039
2015-08-16,20.5,77.5,31.149879455566406
2015-08-16,20.5,78.5,31.249284744262695
2015-08-16,20.5,79.5,30.52076530456543
2015-08-16,20.5,80.5,30.749589920043945
2015-08-16,21.5,74.5,31.272144317626953
2015-08-16,21.5,78.5,29.647918701171875
2015-08-16,21.5,79.5,29.822786331176758
2015-08-17,16.5,73.5,31.23612403869629
2015-08-17,17.5,73.5,29.43174934387207
2015-08-17,17.5,74.5,29.97514533996582
2015-08-17,17.5,75.5,32.433799743652344
2015-08-17,18.5,73.5,29.65399169921875
2015-08-17,18.5,74.5,30.0222225189209
2015-08-17,18.5,75.5,32.244041442871094
2015-08-17,18.5,76.5,33.17781448364258
2015-08-17,18.5,77.5,32.6248779296875
2015-08-17,19.5,73.5,30.315731048583984
2015-08-17,19.5,74.5,30.586076736450195
2015-08-17,19.5,75.5,31.906108856201172
2015-08-17,19.5,76.5,31.990663528442383
2015-08-17,19.5,77.5,32.17197036743164
2015-08-17,19.5,80.5,31.46778678894043
2015-08-17,20.5,73.5,31.797048568725586
2015-08-17,20.5,74.5,31.004465103149414
2015-08-17,20.5,75.5,31.41797637939453
2015-08-17,20.5,76.5,31.634910583496094
2015-08-17,20.5,77.5,31.627685546875
2015-08-17,20.5,78.5,31.527698516845703
2015-08-17,20.5,79.5,31.400846481323242
2015-08-17,20.5,80.5,31.49958610534668
2015-08-17,21.5,74.5,31.59090232849121
2015-08-17,21.5,78.5,29.99845314025879
2015-08-17,21.5,79.5,30.238147735595703
2015-08-18,16.5,73.5,31.63376808166504
2015-08-18,17.5,73.5,29.967613220214844
2015-08-18,17.5,74.5,30.545503616333008
2015-08-18,17.5,75.5,33.188232421875
2015-08-18,18.5,73.5,30.311464309692383
2015-08-18,18.5,74.5,30.547950744628906
2015-08-18,18.5,75.5,32.916622161865234
2015-08-18,18.5,76.5,33.81972122192383
2015-08-18,18.5,77.5,33.266441345214844
2015-08-18,19.5,73.5,30.934528350830078
2015-08-18,19.5,74.5,31.12493324279785
2015-08-18,19.5,75.5,32.39973068237305
2015-08-18,19.5,76.5,32.909183502197266
2015-08-18,19.5,77.5,32.82572555541992
2015-08-18,19.5,80.5,31.830869674682617
2015-08-18,20.5,73.5,32.351165771484375
2015-08-18,20.5,74.5,31.552396774291992
2015-08-18,20.5,75.5,31.703269958496094
2015-08-18,20.5,76.5,31.754079818725586
2015-08-18,20.5,77.5,31.796142578125
2015-08-18,20.5,78.5,31.870010375976562
2015-08-18,20.5,79.5,31.51105308532715
2015-08-18,20.5,80.5,32.025634765625
2015-08-18,21.5,74.5,31.54084014892578
2015-08-18,21.5,78.5,29.700305938720703
2015-08-18,21.5,79.5,29.752960205078125
2015-08-19,16.5,73.5,32.292240142822266
2015-08-19,17.5,73.5,30.676549911499023
2015-08-19,17.5,74.5,31.264541625976562
2015-08-19,17.5,75.5,33.94072341918945
2015-08-19,18.5,73.5,31.037067413330078
2015-08-19,18.5,74.5,31.318336486816406
2015-08-19,18.5,75.5,33.71939468383789
2015-08-19,18.5,76.5,35.05894088745117
2015-08-19,18.5,77.5,34.63531494140625
2015-08-19,19.5,73.5,31.838998794555664
2015-08-19,19.5,74.5,32.01933288574219
2015-08-19,19.5,75.5,33.82722091674805
2015-08-19,19.5,76.5,33.80397415161133
2015-08-19,19.5,77.5,33.184303283691406
2015-08-19,19.5,80.5,32.35727310180664
2015-08-19,20.5,73.5,33.045372009277344
2015-08-19,20.5,74.5,32.454444885253906
2015-08-19,20.5,75.5,32.720733642578125
2015-08-19,20.5,76.5,33.11664962768555
2015-08-19,20.5,77.5,32.5389518737793
2015-08-19,20.5,78.5,32.85552215576172
2015-08-19,20.5,79.5,32.4471435546875
2015-08-19,20.5,80.5,32.565128326416016
2015-08-19,21.5,74.5,32.7453498840332
2015-08-19,21.5,78.5,31.040407180786133
2015-08-19,21.5,79.5,30.987674713134766
2015-08-20,16.5,73.5,31.05103302001953
2015-08-20,17.5,73.5,29.87599754333496
2015-08-20,17.5,74.5,30.551090240478516
2015-08-20,17.5,75.5,31.907758712768555
2015-08-20,18.5,73.5,30.808876037597656
2015-08-20,18.5,74.5,30.64008331298828
2015-08-20,18.5,75.5,32.32632064819336
2015-08-20,18.5,76.5,32.614437103271484
2015-08-20,18.5,77.5,31.587345123291016
2015-08-20,19.5,73.5,32.13200759887695
2015-08-20,19.5,74.5,32.503746032714844
2015-08-20,19.5,75.5,33.47621154785156
2015-08-20,19.5,76.5,32.993751525878906
2015-08-20,19.5,77.5,32.57481002807617
2015-08-20,19.5,80.5,31.6037654876709
2015-08-20,20.5,73.5,33.2244987487793
2015-08-20,20.5,74.5,32.76958465576172
2015-08-20,20.5,75.5,32.9217643737793
2015-08-20,20.5,76.5,33.44668197631836
2015-08-20,20.5,77.5,32.60383987426758
2015-08-20,20.5,78.5,32.555721282958984
2015-08-20,20.5,79.5,31.99132537841797
2015-08-20,20.5,80.5,32.38247299194336
2015-08-20,21.5,74.5,32.89137268066406
2015-08-20,21.5,78.5,31.229206085205078
2015-08-20,21.5,79.5,31.35235023498535
2015-08-21,16.5,73.5,30.694135665893555
2015-08-21,17.5,73.5,29.29802894592285
2015-08-21,17.5,74.5,29.951263427734375
2015-08-21,17.5,75.5,31.965435028076172
2015-08-21,18.5,73.5,30.01336097717285
2015-08-21,18.5,74.5,30.328365325927734
2015-08-21,18.5,75.5,32.28554153442383
2015-08-21,18.5,76.5,33.03915786743164
2015-08-21,18.5,77.5,32.15077590942383
2015-08-21,19.5,73.5,30.944772720336914
2015-08-21,19.5,74.5,31.4520263671875
2015-08-21,19.5,75.5,32.575950622558594
2015-08-21,19.5,76.5,32.65768051147461
2015-08-21,19.5,77.5,32.40324783325195
2015-08-21,19.5,80.5,31.632736206054688
2015-08-21,20.5,73.5,32.55754852294922
2015-08-21,20.5,74.5,31.8565731048584
2015-08-21,20.5,75.5,32.20517349243164
2015-08-21,20.5,76.5,32.34772491455078
2015-08-21,20.5,77.5,31.921417236328125
2015-08-21,20.5,78.5,32.34020233154297
2015-08-21,20.5,79.5,32.027381896972656
2015-08-21,20.5,80.5,32.06814956665039
2015-08-21,21.5,74.5,32.291316986083984
2015-08-21,21.5,78.5,30.73612403869629
2015-08-21,21.5,79.5,31.19310760498047
2015-08-22,16.5,73.5,29.98537826538086
2015-08-22,17.5,73.5,28.62886619567871
2015-08-22,17.5,74.5,29.28643035888672
2015-08-22,17.5,75.5,31.315811157226562
2015-08-22,18.5,73.5,29.0889892578125
2015-08-22,18.5,74.5,29.365020751953125
2015-08-22,18.5,75.5,31.571603775024414
2015-08-22,18.5,76.5,32.35708236694336
2015-08-22,18.5,77.5,31.931428909301758
2015-08-22,19.5,73.5,30.4826717376709
2015-08-22,19.5,74.5,30.77880859375
2015-08-22,19.5,75.5,31.630626678466797
2015-08-22,19.5,76.5,31.908790588378906
2015-08-22,19.5,77.5,32.132633209228516
2015-08-22,19.5,80.5,30.685474395751953
2015-08-22,20.5,73.5,32.10883712768555
2015-08-22,20.5,74.5,31.379806518554688
2015-08-22,20.5,75.5,31.390094757080078
2015-08-22,20.5,76.5,31.38272476196289
2015-08-22,20.5,77.5,31.423494338989258
2015-08-22,20.5,78.5,31.92710304260254
2015-08-22,20.5,79.5,31.590702056884766
2015-08-22,20.5,80.5,31.740694046020508
2015-08-22,21.5,74.5,31.96192169189453
2015-08-22,21.5,78.5,29.97266960144043
2015-08-22,21.5,79.5,30.283048629760742
2015-08-23,16.5,73.5,30.657533645629883
2015-08-23,17.5,73.5,29.356515884399414
2015-08-23,17.5,74.5,29.90479278564453
2015-08-23,17.5,75.5,32.21037292480469
2015-08-23,18.5,73.5,29.5585880279541
2015-08-23,18.5,74.5,29.9626407623291
2015-08-23,18.5,75.5,32.72242736816406
2015-08-23,18.5,76.5,33.47080993652344
2015-08-23,18.5,77.5,32.972042083740234
2015-08-23,19.5,73.5,30.605731964111328
2015-08-23,19.5,74.5,30.99295997619629
2015-08-23,19.5,75.5,32.33881759643555
2015-08-23,19.5,76.5,33.133785247802734
2015-08-23,19.5,77.5,33.0705451965332
2015-08-23,19.5,80.5,31.655736923217773
2015-08-23,20.5,73.5,32.5538444519043
2015-08-23,20.5,74.5,31.817102432250977
2015-08-23,20.5,75.5,32.16907501220703
2015-08-23,20.5,76.5,32.32249069213867
2015-08-23,20.5,77.5,32.33797836303711
2015-08-23,20.5,78.5,32.75737380981445
2015-08-23,20.5,79.5,32.14666748046875
2015-08-23,20.5,80.5,32.159217834472656
2015-08-23,21.5,74.5,32.658424377441406
2015-08-23,21.5,78.5,30.834470748901367
2015-08-23,21.5,79.5,30.993873596191406
2015-08-24,16.5,73.5,30.748809814453125
2015-08-24,17.5,73.5,29.57316017150879
2015-08-24,17.5,74.5,30.15991973876953
2015-08-24,17.5,75.5,32.317935943603516
2015-08-24,18.5,73.5,30.353681564331055
2015-08-24,18.5,74.5,30.641000747680664
2015-08-24,18.5,75.5,32.83970260620117
2015-08-24,18.5,76.5,34.02979278564453
2015-08-24,18.5,77.5,33.5563850402832
2015-08-24,19.5,73.5,31.24726104736328
2015-08-24,19.5,74.5,31.660282135009766
2015-08-24,19.5,75.5,32.96150207519531
2015-08-24,19.5,76.5,33.623008728027344
2015-08-24,19.5,77.5,33.43598556518555
2015-08-24,19.5,80.5,32.44586944580078
2015-08-24,20.5,73.5,33.18062973022461
2015-08-24,20.5,74.5,32.419471740722656
2015-08-24,20.5,75.5,32.8270149230957
2015-08-24,20.5,76.5,33.17852783203125
2015-08-24,20.5,77.5,32.811492919921875
2015-08-24,20.5,78.5,33.12318420410156
2015-08-24,20.5,79.5,32.7562255859375
2015-08-24,20.5,80.5,32.84579849243164
2015-08-24,21.5,74.5,33.2402229309082
2015-08-24,21.5,78.5,31.298988342285156
2015-08-24,21.5,79.5,31.626075744628906
2015-08-25,16.5,73.5,30.481765747070312
2015-08-25,17.5,73.5,29.029773712158203
2015-08-25,17.5,74.5,29.616127014160156
2015-08-25,17.5,75.5,31.908706665039062
2015-08-25,18.5,73.5,29.27349090576172
2015-08-25,18.5,74.5,30.015705108642578
2015-08-25,18.5,75.5,32.31426239013672
2015-08-25,18.5,76.5,33.73291778564453
2015-08-25,18.5,77.5,33.508541107177734
2015-08-25,19.5,73.5,30.265470504760742
2015-08-25,19.5,74.5,30.83042335510254
2015-08-25,19.5,75.5,32.706146240234375
2015-08-25,19.5,76.5,33.14762496948242
2015-08-25,19.5,77.5,33.18886184692383
2015-08-25,19.5,80.5,32.8818473815918
2015-08-25,20.5,73.5,32.28415298461914
2015-08-25,20.5,74.5,31.707778930664062
2015-08-25,20.5,75.5,32.63349914550781
2015-08-25,20.5,76.5,33.211116790771484
2015-08-25,20.5,77.5,32.870079040527344
2015-08-25,20.5,78.5,33.107112884521484
2015-08-25,20.5,79.5,32.89854049682617
2015-08-25,20.5,80.5,33.2462043762207
2015-08-25,21.5,74.5,33.51253128051758
2015-08-25,21.5,78.5,31.623043060302734
2015-08-25,21.5,79.5,31.503984451293945
2015-08-26,16.5,73.5,29.46608543395996
2015-08-26,17.5,73.5,28.48807144165039
2015-08-26,17.5,74.5,28.937902450561523
2015-08-26,17.5,75.5,30.864940643310547
2015-08-26,18.5,73.5,29.914268493652344
2015-08-26,18.5,74.5,29.9981689453125
2015-08-26,18.5,75.5,32.09893035888672
2015-08-26,18.5,76.5,33.36214828491211
2015-08-26,18.5,77.5,33.23188781738281
2015-08-26,19.5,73.5,31.34402084350586
2015-08-26,19.5,74.5,31.785995483398438
2015-08-26,19.5,75.5,32.93955993652344
2015-08-26,19.5,76.5,33.51310348510742
2015-08-26,19.5,77.5,33.63951110839844
2015-08-26,19.5,80.5,31.663434982299805
2015-08-26,20.5,73.5,33.2000617980957
2015-08-26,20.5,74.5,32.520633697509766
2015-08-26,20.5,75.5,33.33911895751953
2015-08-26,20.5,76.5,33.74131774902344
2015-08-26,20.5,77.5,33.33521270751953
2015-08-26,20.5,78.5,33.51911163330078
2015-08-26,20.5,79.5,33.03916931152344
2015-08-26,20.5,80.5,32.36219024658203
2015-08-26,21.5,74.5,33.441864013671875
2015-08-26,21.5,78.5,32.220706939697266
2015-08-26,21.5,79.5,32.60309982299805
2015-08-27,16.5,73.5,30.034189224243164
2015-08-27,17.5,73.5,28.882904052734375
2015-08-27,17.5,74.5,29.524171829223633
2015-08-27,17.5,75.5,31.330820083618164
2015-08-27,18.5,73.5,29.83366584777832
2015-08-27,18.5,74.5,30.237537384033203
2015-08-27,18.5,75.5,31.844823837280273
2015-08-27,18.5,76.5,32.85407257080078
2015-08-27,18.5,77.5,32.084598541259766
2015-08-27,19.5,73.5,30.815635681152344
2015-08-27,19.5,74.5,31.003082275390625
2015-08-27,19.5,75.5,32.38704299926758
2015-08-27,19.5,76.5,32.57001876831055
2015-08-27,19.5,77.5,31.396577835083008
2015-08-27,19.5,80.5,29.93859100341797
2015-08-27,20.5,73.5,32.234535217285156
2015-08-27,20.5,74.5,31.6878719329834
2015-08-27,20.5,75.5,31.965425491333008
2015-08-27,20.5,76.5,32.387542724609375
2015-08-27,20.5,77.5,31.12555694580078
2015-08-27,20.5,78.5,30.81691551208496
2015-08-27,20.5,79.5,30.51741600036621
2015-08-27,20.5,80.5,30.321346282958984
2015-08-27,21.5,74.5,32.792911529541016
2015-08-27,21.5,78.5,29.75731086730957
2015-08-27,21.5,79.5,30.106243133544922
2015-08-28,16.5,73.5,29.162960052490234
2015-08-28,17.5,73.5,27.551530838012695
2015-08-28,17.5,74.5,28.63445281982422
2015-08-28,17.5,75.5,30.711153030395508
2015-08-28,18.5,73.5,28.067832946777344
2015-08-28,18.5,74.5,28.437149047851562
2015-08-28,18.5,75.5,30.610227584838867
2015-08-28,18.5,76.5,31.411636352539062
2015-08-28,18.5,77.5,31.278423309326172
2015-08-28,19.5,73.5,29.638938903808594
2015-08-28,19.5,74.5,29.680557250976562
2015-08-28,19.5,75.5,30.84364128112793
2015-08-28,19.5,76.5,31.11504554748535
2015-08-28,19.5,77.5,30.710275650024414
2015-08-28,19.5,80.5,29.854568481445312
2015-08-28,20.5,73.5,31.312864303588867
2015-08-28,20.5,74.5,31.047027587890625
2015-08-28,20.5,75.5,31.032289505004883
2015-08-28,20.5,76.5,31.317750930786133
2015-08-28,20.5,77.5,30.621204376220703
2015-08-28,20.5,78.5,30.937467575073242
2015-08-28,20.5,79.5,31.094120025634766
2015-08-28,20.5,80.5,30.61479377746582
2015-08-28,21.5,74.5,32.39795684814453
2015-08-28,21.5,78.5,30.407793045043945
2015-08-28,21.5,79.5,30.151792526245117
2015-08-29,16.5,73.5,29.603836059570312
2015-08-29,17.5,73.5,27.914840698242188
2015-08-29,17.5,74.5,28.5325984954834
2015-08-29,17.5,75.5,30.366849899291992
2015-08-29,18.5,73.5,28.571287155151367
2015-08-29,18.5,74.5,28.867027282714844
2015-08-29,18.5,75.5,30.76569175720215
2015-08-29,18.5,76.5,30.977998733520508
2015-08-29,18.5,77.5,30.42965316772461
2015-08-29,19.5,73.5,30.226972579956055
2015-08-29,19.5,74.5,30.508865356445312
2015-08-29,19.5,75.5,31.528377532958984
2015-08-29,19.5,76.5,30.768157958984375
2015-08-29,19.5,77.5,30.454275131225586
2015-08-29,19.5,80.5,29.984540939331055
2015-08-29,20.5,73.5,31.961997985839844
2015-08-29,20.5,74.5,31.311155319213867
2015-08-29,20.5,75.5,31.304025650024414
2015-08-29,20.5,76.5,31.259319305419922
2015-08-29,20.5,77.5,30.317607879638672
2015-08-29,20.5,78.5,30.663888931274414
2015-08-29,20.5,79.5,30.06847381591797
2015-08-29,20.5,80.5,30.80137062072754
2015-08-29,21.5,74.5,32.04396057128906
2015-08-29,21.5,78.5,29.57744598388672
2015-08-29,21.5,79.5,29.763898849487305
2015-08-30,16.5,73.5,30.18594741821289
2015-08-30,17.5,73.5,28.288833618164062
2015-08-30,17.5,74.5,28.920961380004883
2015-08-30,17.5,75.5,31.393768310546875
2015-08-30,18.5,73.5,28.463348388671875
2015-08-30,18.5,74.5,29.23390007019043
2015-08-30,18.5,75.5,31.78614616394043
2015-08-30,18.5,76.5,32.383155822753906
2015-08-30,18.5,77.5,31.662517547607422
2015-08-30,19.5,73.5,29.6783390045166
2015-08-30,19.5,74.5,30.07673454284668
2015-08-30,19.5,75.5,31.635433197021484
2015-08-30,19.5,76.5,31.716991424560547
2015-08-30,19.5,77.5,30.836353302001953
2015-08-30,19.5,80.5,29.700576782226562
2015-08-30,20.5,73.5,31.399925231933594
2015-08-30,20.5,74.5,30.74108123779297
2015-08-30,20.5,75.5,31.0369815826416
2015-08-30,20.5,76.5,31.20769500732422
2015-08-30,20.5,77.5,30.225208282470703
2015-08-30,20.5,78.5,30.042078018188477
2015-08-30,20.5,79.5,29.316802978515625
2015-08-30,20.5,80.5,29.94131088256836
2015-08-30,21.5,74.5,32.08711242675781
2015-08-30,21.5,78.5,28.465356826782227
2015-08-30,21.5,79.5,28.125568389892578
2015-08-31,16.5,73.5,30.60149383544922
2015-08-31,17.5,73.5,29.25945472717285
2015-08-31,17.5,74.5,29.856647491455078
2015-08-31,17.5,75.5,31.692577362060547
2015-08-31,18.5,73.5,29.6638126373291
2015-08-31,18.5,74.5,30.03219223022461
2015-08-31,18.5,75.5,32.11703109741211
2015-08-31,18.5,76.5,32.832847595214844
2015-08-31,18.5,77.5,32.4226188659668
2015-08-31,19.5,73.5,30.326641082763672
2015-08-31,19.5,74.5,31.046186447143555
2015-08-31,19.5,75.5,32.092140197753906
2015-08-31,19.5,76.5,32.20671081542969
2015-08-31,19.5,77.5,31.997615814208984
2015-08-31,19.5,80.5,30.728925704956055
2015-08-31,20.5,73.5,31.37309455871582
2015-08-31,20.5,74.5,30.774784088134766
2015-08-31,20.5,75.5,31.36811065673828
2015-08-31,20.5,76.5,31.664175033569336
2015-08-31,20.5,77.5,31.57170295715332
2015-08-31,20.5,78.5,31.546199798583984
2015-08-31,20.5,79.5,30.65828514099121
2015-08-31,20.5,80.5,30.537546157836914
2015-08-31,21.5,74.5,31.291948318481445
2015-08-31,21.5,78.5,29.66036605834961
2015-08-31,21.5,79.5,29.72132682800293
2015-09-01,16.5,73.5,30.663360595703125
2015-09-01,17.5,73.5,29.449247360229492
2015-09-01,17.5,74.5,29.94657325744629
2015-09-01,17.5,75.5,32.37946701049805
2015-09-01,18.5,73.5,30.209423065185547
2015-09-01,18.5,74.5,30.477108001708984
2015-09-01,18.5,75.5,32.91097640991211
2015-09-01,18.5,76.5,33.78668975830078
2015-09-01,18.5,77.5,33.17736053466797
2015-09-01,19.5,73.5,30.948833465576172
2015-09-01,19.5,74.5,31.470184326171875
2015-09-01,19.5,75.5,32.564762115478516
2015-09-01,19.5,76.5,33.02882385253906
2015-09-01,19.5,77.5,32.920310974121094
2015-09-01,19.5,80.5,31.549894332885742
2015-09-01,20.5,73.5,32.54219055175781
2015-09-01,20.5,74.5,31.499418258666992
2015-09-01,20.5,75.5,31.803251266479492
2015-09-01,20.5,76.5,31.9359188079834
2015-09-01,20.5,77.5,32.11637496948242
2015-09-01,20.5,78.5,32.409423828125
2015-09-01,20.5,79.5,32.006813049316406
2015-09-01,20.5,80.5,32.12995147705078
2015-09-01,21.5,74.5,31.90033531188965
2015-09-01,21.5,78.5,30.618303298950195
2015-09-01,21.5,79.5,30.99105453491211
2015-09-02,16.5,73.5,30.757160186767578
2015-09-02,17.5,73.5,29.542205810546875
2015-09-02,17.5,74.5,30.17253875732422
2015-09-02,17.5,75.5,32.50296401977539
2015-09-02,18.5,73.5,29.969449996948242
2015-09-02,18.5,74.5,30.491863250732422
2015-09-02,18.5,75.5,32.802154541015625
2015-09-02,18.5,76.5,33.91301345825195
2015-09-02,18.5,77.5,33.68871307373047
2015-09-02,19.5,73.5,30.922197341918945
2015-09-02,19.5,74.5,31.455059051513672
2015-09-02,19.5,75.5,32.654178619384766
2015-09-02,19.5,76.5,32.91423034667969
2015-09-02,19.5,77.5,33.0593147277832
2015-09-02,19.5,80.5,32.219058990478516
2015-09-02,20.5,73.5,32.236019134521484
2015-09-02,20.5,74.5,31.6406192779541
2015-09-02,20.5,75.5,32.03004455566406
2015-09-02,20.5,76.5,32.28514862060547
2015-09-02,20.5,77.5,32.41764450073242
2015-09-02,20.5,78.5,33.1639289855957
2015-09-02,20.5,79.5,32.74118423461914
2015-09-02,20.5,80.5,32.390235900878906
2015-09-02,21.5,74.5,32.33558654785156
2015-09-02,21.5,78.5,31.16883659362793
2015-09-02,21.5,79.5,31.04208755493164
2015-09-03,16.5,73.5,31.500024795532227
2015-09-03,17.5,73.5,30.318883895874023
2015-09-03,17.5,74.5,30.99112892150879
2015-09-03,17.5,75.5,33.5231819152832
2015-09-03,18.5,73.5,30.846393585205078
2015-09-03,18.5,74.5,31.518217086791992
2015-09-03,18.5,75.5,34.26679992675781
2015-09-03,18.5,76.5,35.06170654296875
2015-09-03,18.5,77.5,34.52324295043945
2015-09-03,19.5,73.5,31.658084869384766
2015-09-03,19.5,74.5,32.449485778808594
2015-09-03,19.5,75.5,33.730873107910156
2015-09-03,19.5,76.5,34.38458251953125
2015-09-03,19.5,77.5,33.363258361816406
2015-09-03,19.5,80.5,32.3448486328125
2015-09-03,20.5,73.5,32.813053131103516
2015-09-03,20.5,74.5,32.184810638427734
2015-09-03,20.5,75.5,33.20721435546875
2015-09-03,20.5,76.5,33.32749938964844
2015-09-03,20.5,77.5,32.489410400390625
2015-09-03,20.5,78.5,32.92387771606445
2015-09-03,20.5,79.5,32.25435256958008
2015-09-03,20.5,80.5,32.119041442871094
2015-09-03,21.5,74.5,32.824485778808594
2015-09-03,21.5,78.5,30.845863342285156
2015-09-03,21.5,79.5,31.1483211517334
2015-09-04,16.5,73.5,32.81237030029297
2015-09-04,17.5,73.5,31.36026382446289
2015-09-04,17.5,74.5,31.99593162536621
2015-09-04,17.5,75.5,35.01588821411133
2015-09-04,18.5,73.5,31.485206604003906
2015-09-04,18.5,74.5,32.13486862182617
2015-09-04,18.5,75.5,34.820594787597656
2015-09-04,18.5,76.5,34.98637771606445
2015-09-04,18.5,77.5,34.94288635253906
2015-09-04,19.5,73.5,32.0142707824707
2015-09-04,19.5,74.5,32.3969841003418
2015-09-04,19.5,75.5,33.628265380859375
2015-09-04,19.5,76.5,33.723121643066406
2015-09-04,19.5,77.5,33.444915771484375
2015-09-04,19.5,80.5,32.8608283996582
2015-09-04,20.5,73.5,32.9999885559082
2015-09-04,20.5,74.5,32.290199279785156
2015-09-04,20.5,75.5,32.64918899536133
2015-09-04,20.5,76.5,32.76415252685547
2015-09-04,20.5,77.5,32.358970642089844
2015-09-04,20.5,78.5,33.1073112487793
2015-09-04,20.5,79.5,32.527671813964844
2015-09-04,20.5,80.5,32.97111892700195
2015-09-04,21.5,74.5,33.244537353515625
2015-09-04,21.5,78.5,31.23213005065918
2015-09-04,21.5,79.5,31.741188049316406
2015-09-05,16.5,73.5,33.349361419677734
2015-09-05,17.5,73.5,31.826208114624023
2015-09-05,17.5,74.5,32.8382453918457
2015-09-05,17.5,75.5,35.0333251953125
2015-09-05,18.5,73.5,31.729740142822266
2015-09-05,18.5,74.5,32.61317825317383
2015-09-05,18.5,75.5,34.533287048339844
2015-09-05,18.5,76.5,35.105934143066406
2015-09-05,18.5,77.5,34.926429748535156
2015-09-05,19.5,73.5,32.41710662841797
2015-09-05,19.5,74.5,32.54679870605469
2015-09-05,19.5,75.5,34.54634094238281
2015-09-05,19.5,76.5,34.31888198852539
2015-09-05,19.5,77.5,34.17584228515625
2015-09-05,19.5,80.5,33.015235900878906
2015-09-05,20.5,73.5,33.47405242919922
2015-09-05,20.5,74.5,33.119789123535156
2015-09-05,20.5,75.5,33.849117279052734
2015-09-05,20.5,76.5,34.193389892578125
2015-09-05,20.5,77.5,33.85465621948242
2015-09-05,20.5,78.5,34.124263763427734
2015-09-05,20.5,79.5,33.32608413696289
2015-09-05,20.5,80.5,33.523536682128906
2015-09-05,21.5,74.5,33.855350494384766
2015-09-05,21.5,78.5,32.4605827331543
2015-09-05,21.5,79.5,32.4141845703125
2015-09-06,16.5,73.5,32.234893798828125
2015-09-06,17.5,73.5,30.88461685180664
2015-09-06,17.5,74.5,31.470415115356445
2015-09-06,17.5,75.5,33.19152069091797
2015-09-06,18.5,73.5,31.210248947143555
2015-09-06,18.5,74.5,31.50782012939453
2015-09-06,18.5,75.5,33.17972946166992
2015-09-06,18.5,76.5,33.72185134887695
2015-09-06,18.5,77.5,33.70017623901367
2015-09-06,19.5,73.5,32.124488830566406
2015-09-06,19.5,74.5,32.14354705810547
2015-09-06,19.5,75.5,33.79840087890625
2015-09-06,19.5,76.5,33.53926086425781
2015-09-06,19.5,77.5,33.77018356323242
2015-09-06,19.5,80.5,33.169315338134766
2015-09-06,20.5,73.5,32.944026947021484
2015-09-06,20.5,74.5,32.59156036376953
2015-09-06,20.5,75.5,33.543949127197266
2015-09-06,20.5,76.5,33.671329498291016
2015-09-06,20.5,77.5,33.57979202270508
2015-09-06,20.5,78.5,33.777565002441406
2015-09-06,20.5,79.5,33.257080078125
2015-09-06,20.5,80.5,33.62346267700195
2015-09-06,21.5,74.5,33.73902893066406
2015-09-06,21.5,78.5,32.572452545166016
2015-09-06,21.5,79.5,32.658042907714844
2015-09-07,16.5,73.5,31.210247039794922
2015-09-07,17.5,73.5,29.455642700195312
2015-09-07,17.5,74.5,30.06368064880371
2015-09-07,17.5,75.5,31.330041885375977
2015-09-07,18.5,73.5,30.715152740478516
2015-09-07,18.5,74.5,30.272850036621094
2015-09-07,18.5,75.5,31.305702209472656
2015-09-07,18.5,76.5,31.549808502197266
2015-09-07,18.5,77.5,31.99471664428711
2015-09-07,19.5,73.5,32.15396499633789
2015-09-07,19.5,74.5,32.26970672607422
2015-09-07,19.5,75.5,33.18989944458008
2015-09-07,19.5,76.5,32.59783935546875
2015-09-07,19.5,77.5,33.08030700683594
2015-09-07,19.5,80.5,32.22579574584961
2015-09-07,20.5,73.5,33.117549896240234
2015-09-07,20.5,74.5,32.7718391418457
2015-09-07,20.5,75.5,32.975982666015625
2015-09-07,20.5,76.5,33.25823974609375
2015-09-07,20.5,77.5,33.233154296875
2015-09-07,20.5,78.5,33.201751708984375
2015-09-07,20.5,79.5,32.68477249145508
2015-09-07,20.5,80.5,32.984092712402344
2015-09-07,21.5,74.5,33.348304748535156
2015-09-07,21.5,78.5,31.75314712524414
2015-09-07,21.5,79.5,31.823293685913086
2015-09-08,16.5,73.5,30.31993293762207
2015-09-08,17.5,73.5,29.295549392700195
2015-09-08,17.5,74.5,29.95523452758789
2015-09-08,17.5,75.5,31.565975189208984
2015-09-08,18.5,73.5,30.205820083618164
2015-09-08,18.5,74.5,30.159358978271484
2015-09-08,18.5,75.5,31.673866271972656
2015-09-08,18.5,76.5,32.024253845214844
2015-09-08,18.5,77.5,32.4246826171875
2015-09-08,19.5,73.5,31.85093116760254
2015-09-08,19.5,74.5,31.86473274230957
2015-09-08,19.5,75.5,32.68352508544922
2015-09-08,19.5,76.5,32.51228332519531
2015-09-08,19.5,77.5,33.01539611816406
2015-09-08,19.5,80.5,32.53644561767578
2015-09-08,20.5,73.5,32.69053268432617
2015-09-08,20.5,74.5,32.51699447631836
2015-09-08,20.5,75.5,32.552669525146484
2015-09-08,20.5,76.5,32.70683288574219
2015-09-08,20.5,77.5,32.888160705566406
2015-09-08,20.5,78.5,32.81739807128906
2015-09-08,20.5,79.5,32.548675537109375
2015-09-08,20.5,80.5,33.65576934814453
2015-09-08,21.5,74.5,33.3917236328125
2015-09-08,21.5,78.5,31.613357543945312
2015-09-08,21.5,79.5,31.76445960998535
2015-09-09,16.5,73.5,29.978565216064453
2015-09-09,17.5,73.5,28.5643310546875
2015-09-09,17.5,74.5,29.41014289855957
2015-09-09,17.5,75.5,30.925600051879883
2015-09-09,18.5,73.5,29.038150787353516
2015-09-09,18.5,74.5,29.279390335083008
2015-09-09,18.5,75.5,31.20880889892578
2015-09-09,18.5,76.5,31.759750366210938
2015-09-09,18.5,77.5,32.05276107788086
2015-09-09,19.5,73.5,30.42562484741211
2015-09-09,19.5,74.5,30.52568817138672
2015-09-09,19.5,75.5,31.770950317382812
2015-09-09,19.5,76.5,32.2468147277832
2015-09-09,19.5,77.5,32.881126403808594
2015-09-09,19.5,80.5,32.69137191772461
2015-09-09,20.5,73.5,31.686676025390625
2015-09-09,20.5,74.5,31.572101593017578
2015-09-09,20.5,75.5,31.692886352539062
2015-09-09,20.5,76.5,32.16436004638672
2015-09-09,20.5,77.5,33.00642013549805
2015-09-09,20.5,78.5,33.24824905395508
2015-09-09,20.5,79.5,32.92965316772461
2015-09-09,20.5,80.5,33.340816497802734
2015-09-09,21.5,74.5,33.01914596557617
2015-09-09,21.5,78.5,32.01291275024414
2015-09-09,21.5,79.5,32.35282897949219
2015-09-10,16.5,73.5,29.74420928955078
2015-09-10,17.5,73.5,28.32073974609375
2015-09-10,17.5,74.5,28.814725875854492
2015-09-10,17.5,75.5,30.331819534301758
2015-09-10,18.5,73.5,29.2038631439209
2015-09-10,18.5,74.5,29.165084838867188
2015-09-10,18.5,75.5,31.067157745361328
2015-09-10,18.5,76.5,31.511581420898438
2015-09-10,18.5,77.5,31.72942352294922
2015-09-10,19.5,73.5,31.261478424072266
2015-09-10,19.5,74.5,31.44222068786621
2015-09-10,19.5,75.5,32.527549743652344
2015-09-10,19.5,76.5,32.43809127807617
2015-09-10,19.5,77.5,33.08959197998047
2015-09-10,19.5,80.5,32.79056930541992
2015-09-10,20.5,73.5,32.81453323364258
2015-09-10,20.5,74.5,32.45478057861328
2015-09-10,20.5,75.5,32.87312698364258
2015-09-10,20.5,76.5,33.56581115722656
2015-09-10,20.5,77.5,33.525970458984375
2015-09-10,20.5,78.5,33.87274169921875
2015-09-10,20.5,79.5,33.63710403442383
2015-09-10,20.5,80.5,34.03720474243164
2015-09-10,21.5,74.5,34.15547180175781
2015-09-10,21.5,78.5,32.935302734375
2015-09-10,21.5,79.5,33.164466857910156
2015-09-11,16.5,73.5,30.506235122680664
2015-09-11,17.5,73.5,29.60279655456543
2015-09-11,17.5,74.5,30.135807037353516
2015-09-11,17.5,75.5,31.861215591430664
2015-09-11,18.5,73.5,30.517536163330078
2015-09-11,18.5,74.5,30.604894638061523
2015-09-11,18.5,75.5,32.96492385864258
2015-09-11,18.5,76.5,33.449623107910156
2015-09-11,18.5,77.5,33.11928176879883
2015-09-11,19.5,73.5,32.20479965209961
2015-09-11,19.5,74.5,32.658050537109375
2015-09-11,19.5,75.5,33.9320182800293
2015-09-11,19.5,76.5,34.2345085144043
2015-09-11,19.5,77.5,34.97943115234375
2015-09-11,19.5,80.5,33.354305267333984
2015-09-11,20.5,73.5,34.07807922363281
2015-09-11,20.5,74.5,33.68067932128906
2015-09-11,20.5,75.5,34.190895080566406
2015-09-11,20.5,76.5,34.69412612915039
2015-09-11,20.5,77.5,34.95669174194336
2015-09-11,20.5,78.5,35.08108139038086
2015-09-11,20.5,79.5,34.53985595703125
2015-09-11,20.5,80.5,34.28993606567383
2015-09-11,21.5,74.5,35.06966781616211
2015-09-11,21.5,78.5,33.76822280883789
2015-09-11,21.5,79.5,33.72383499145508
2015-09-12,16.5,73.5,31.08643341064453
2015-09-12,17.5,73.5,30.083457946777344
2015-09-12,17.5,74.5,30.621286392211914
2015-09-12,17.5,75.5,31.755834579467773
2015-09-12,18.5,73.5,30.99696922302246
2015-09-12,18.5,74.5,31.025142669677734
2015-09-12,18.5,75.5,32.87439727783203
2015-09-12,18.5,76.5,32.76689529418945
2015-09-12,18.5,77.5,31.939952850341797
2015-09-12,19.5,73.5,32.273643493652344
2015-09-12,19.5,74.5,32.8932991027832
2015-09-12,19.5,75.5,33.98434066772461
2015-09-12,19.5,76.5,34.06340408325195
2015-09-12,19.5,77.5,33.934730529785156
2015-09-12,19.5,80.5,31.73777961730957
2015-09-12,20.5,73.5,34.02589416503906
2015-09-12,20.5,74.5,34.00898361206055
2015-09-12,20.5,75.5,34.598976135253906
2015-09-12,20.5,76.5,35.029563903808594
2015-09-12,20.5,77.5,34.304107666015625
2015-09-12,20.5,78.5,33.96566390991211
2015-09-12,20.5,79.5,33.143184661865234
2015-09-12,20.5,80.5,32.98725891113281
2015-09-12,21.5,74.5,35.41006088256836
2015-09-12,21.5,78.5,33.1829948425293
2015-09-12,21.5,79.5,33.043880462646484
2015-09-13,16.5,73.5,31.01458168029785
2015-09-13,17.5,73.5,29.70322608947754
2015-09-13,17.5,74.5,30.32744026184082
2015-09-13,17.5,75.5,31.695636749267578
2015-09-13,18.5,73.5,30.362565994262695
2015-09-13,18.5,74.5,30.418807983398438
2015-09-13,18.5,75.5,31.795597076416016
2015-09-13,18.5,76.5,32.588172912597656
2015-09-13,18.5,77.5,32.67845153808594
2015-09-13,19.5,73.5,31.367435455322266
2015-09-13,19.5,74.5,31.894590377807617
2015-09-13,19.5,75.5,32.68473434448242
2015-09-13,19.5,76.5,32.839988708496094
2015-09-13,19.5,77.5,33.508670806884766
2015-09-13,19.5,80.5,31.94649887084961
2015-09-13,20.5,73.5,32.88795852661133
2015-09-13,20.5,74.5,32.18950653076172
2015-09-13,20.5,75.5,33.10111618041992
2015-09-13,20.5,76.5,33.71593475341797
2015-09-13,20.5,77.5,33.590084075927734
2015-09-13,20.5,78.5,34.427188873291016
2015-09-13,20.5,79.5,33.807159423828125
2015-09-13,20.5,80.5,33.4894905090332
2015-09-13,21.5,74.5,33.89921569824219
2015-09-13,21.5,78.5,32.934967041015625
2015-09-13,21.5,79.5,33.43971633911133
2015-09-14,16.5,73.5,30.672595977783203
2015-09-14,17.5,73.5,29.46919822692871
2015-09-14,17.5,74.5,30.19668960571289
2015-09-14,17.5,75.5,31.472942352294922
2015-09-14,18.5,73.5,29.730255126953125
2015-09-14,18.5,74.5,30.0374698638916
2015-09-14,18.5,75.5,31.340194702148438
2015-09-14,18.5,76.5,31.825815200805664
2015-09-14,18.5,77.5,31.338075637817383
2015-09-14,19.5,73.5,30.541597366333008
2015-09-14,19.5,74.5,30.726245880126953
2015-09-14,19.5,75.5,31.895483016967773
2015-09-14,19.5,76.5,31.660951614379883
2015-09-14,19.5,77.5,32.47189712524414
2015-09-14,19.5,80.5,31.965669631958008
2015-09-14,20.5,73.5,32.181209564208984
2015-09-14,20.5,74.5,31.59344482421875
2015-09-14,20.5,75.5,31.85870933532715
2015-09-14,20.5,76.5,32.31404495239258
2015-09-14,20.5,77.5,32.42563247680664
2015-09-14,20.5,78.5,33.070838928222656
2015-09-14,20.5,79.5,32.68507766723633
2015-09-14,20.5,80.5,33.18977737426758
2015-09-14,21.5,74.5,33.2530403137207
2015-09-14,21.5,78.5,32.143333435058594
2015-09-14,21.5,79.5,32.40980911254883
2015-09-15,16.5,73.5,29.389820098876953
2015-09-15,17.5,73.5,28.47675132751465
2015-09-15,17.5,74.5,29.247055053710938
2015-09-15,17.5,75.5,30.552976608276367
2015-09-15,18.5,73.5,29.162994384765625
2015-09-15,18.5,74.5,29.4559383392334
2015-09-15,18.5,75.5,31.07128143310547
2015-09-15,18.5,76.5,31.18189811706543
2015-09-15,18.5,77.5,30.51116180419922
2015-09-15,19.5,73.5,30.02783966064453
2015-09-15,19.5,74.5,30.6732120513916
2015-09-15,19.5,75.5,31.670400619506836
2015-09-15,19.5,76.5,31.701204299926758
2015-09-15,19.5,77.5,32.52107238769531
2015-09-15,19.5,80.5,30.913082122802734
2015-09-15,20.5,73.5,31.51017951965332
2015-09-15,20.5,74.5,31.152990341186523
2015-09-15,20.5,75.5,32.06513214111328
2015-09-15,20.5,76.5,32.52069091796875
2015-09-15,20.5,77.5,32.4359016418457
2015-09-15,20.5,78.5,32.996517181396484
2015-09-15,20.5,79.5,32.5543212890625
2015-09-15,20.5,80.5,31.845035552978516
2015-09-15,21.5,74.5,32.78129577636719
2015-09-15,21.5,78.5,32.13142013549805
2015-09-15,21.5,79.5,32.37948226928711
2015-09-16,16.5,73.5,28.304433822631836
2015-09-16,17.5,73.5,27.709924697875977
2015-09-16,17.5,74.5,28.437114715576172
2015-09-16,17.5,75.5,30.070655822753906
2015-09-16,18.5,73.5,29.323219299316406
2015-09-16,18.5,74.5,29.121013641357422
2015-09-16,18.5,75.5,31.011873245239258
2015-09-16,18.5,76.5,31.213388442993164
2015-09-16,18.5,77.5,30.881027221679688
2015-09-16,19.5,73.5,30.913166046142578
2015-09-16,19.5,74.5,31.305288314819336
2015-09-16,19.5,75.5,31.945634841918945
2015-09-16,19.5,76.5,31.84284782409668
2015-09-16,19.5,77.5,31.701980590820312
2015-09-16,19.5,80.5,29.18035888671875
2015-09-16,20.5,73.5,32.5822868347168
2015-09-16,20.5,74.5,32.20830154418945
2015-09-16,20.5,75.5,32.39248275756836
2015-09-16,20.5,76.5,32.595272064208984
2015-09-16,20.5,77.5,32.047550201416016
2015-09-16,20.5,78.5,31.72235870361328
2015-09-16,20.5,79.5,30.982685089111328
2015-09-16,20.5,80.5,30.11619758605957
2015-09-16,21.5,74.5,34.08818435668945
2015-09-16,21.5,78.5,30.991783142089844
2015-09-16,21.5,79.5,31.204498291015625
2015-09-17,16.5,73.5,29.544963836669922
2015-09-17,17.5,73.5,28.59120750427246
2015-09-17,17.5,74.5,29.24874496459961
2015-09-17,17.5,75.5,30.582416534423828
2015-09-17,18.5,73.5,29.288497924804688
2015-09-17,18.5,74.5,29.429534912109375
2015-09-17,18.5,75.5,30.2074031829834
2015-09-17,18.5,76.5,30.034852981567383
2015-09-17,18.5,77.5,28.93007469177246
2015-09-17,19.5,73.5,30.397628784179688
2015-09-17,19.5,74.5,30.60378074645996
2015-09-17,19.5,75.5,30.32088851928711
2015-09-17,19.5,76.5,29.27264404296875
2015-09-17,19.5,77.5,27.974227905273438
2015-09-17,19.5,80.5,27.42015266418457
2015-09-17,20.5,73.5,32.00688934326172
2015-09-17,20.5,74.5,31.270286560058594
2015-09-17,20.5,75.5,29.824283599853516
2015-09-17,20.5,76.5,29.50820541381836
2015-09-17,20.5,77.5,27.720504760742188
2015-09-17,20.5,78.5,27.41061782836914
2015-09-17,20.5,79.5,27.25196647644043
2015-09-17,20.5,80.5,28.22817611694336
2015-09-17,21.5,74.5,32.59284973144531
2015-09-17,21.5,78.5,26.978124618530273
2015-09-17,21.5,79.5,27.54644775390625
2015-09-18,16.5,73.5,29.37443733215332
2015-09-18,17.5,73.5,27.518659591674805
2015-09-18,17.5,74.5,28.062625885009766
2015-09-18,17.5,75.5,29.572772979736328
2015-09-18,18.5,73.5,26.26788330078125
2015-09-18,18.5,74.5,27.179126739501953
2015-09-18,18.5,75.5,27.99555778503418
2015-09-18,18.5,76.5,28.719371795654297
2015-09-18,18.5,77.5,30.554780960083008
2015-09-18,19.5,73.5,26.61835479736328
2015-09-18,19.5,74.5,26.659671783447266
2015-09-18,19.5,75.5,26.482587814331055
2015-09-18,19.5,76.5,26.97236442565918
2015-09-18,19.5,77.5,29.470508575439453
2015-09-18,19.5,80.5,30.75619125366211
2015-09-18,20.5,73.5,28.454992294311523
2015-09-18,20.5,74.5,27.063282012939453
2015-09-18,20.5,75.5,26.4207820892334
2015-09-18,20.5,76.5,26.775070190429688
2015-09-18,20.5,77.5,27.65699005126953
2015-09-18,20.5,78.5,29.469890594482422
2015-09-18,20.5,79.5,30.12692642211914
2015-09-18,20.5,80.5,31.49761962890625
2015-09-18,21.5,74.5,29.039337158203125
2015-09-18,21.5,78.5,28.383926391601562
2015-09-18,21.5,79.5,29.24247169494629
2015-09-19,16.5,73.5,30.93104362487793
2015-09-19,17.5,73.5,29.516571044921875
2015-09-19,17.5,74.5,30.21758270263672
2015-09-19,17.5,75.5,31.53632164001465
2015-09-19,18.5,73.5,28.200742721557617
2015-09-19,18.5,74.5,29.885208129882812
2015-09-19,18.5,75.5,31.27347755432129
2015-09-19,18.5,76.5,31.961978912353516
2015-09-19,18.5,77.5,32.32025146484375
2015-09-19,19.5,73.5,28.178199768066406
2015-09-19,19.5,74.5,29.236831665039062
2015-09-19,19.5,75.5,30.05434799194336
2015-09-19,19.5,76.5,31.626140594482422
2015-09-19,19.5,77.5,32.41449737548828
2015-09-19,19.5,80.5,31.17115020751953
2015-09-19,20.5,73.5,28.055864334106445
2015-09-19,20.5,74.5,28.275142669677734
2015-09-19,20.5,75.5,29.477943420410156
2015-09-19,20.5,76.5,30.372236251831055
2015-09-19,20.5,77.5,31.66813087463379
2015-09-19,20.5,78.5,32.22360610961914
2015-09-19,20.5,79.5,31.54096031188965
2015-09-19,20.5,80.5,32.192073822021484
2015-09-19,21.5,74.5,28.082115173339844
2015-09-19,21.5,78.5,30.349620819091797
2015-09-19,21.5,79.5,31.032756805419922
2015-09-20,16.5,73.5,29.916215896606445
2015-09-20,17.5,73.5,28.51372718811035
2015-09-20,17.5,74.5,29.559179306030273
2015-09-20,17.5,75.5,30.78865623474121
2015-09-20,18.5,73.5,27.616256713867188
2015-09-20,18.5,74.5,28.952974319458008
2015-09-20,18.5,75.5,31.039649963378906
2015-09-20,18.5,76.5,31.935461044311523
2015-09-20,18.5,77.5,31.61431121826172
2015-09-20,19.5,73.5,27.930004119873047
2015-09-20,19.5,74.5,29.024005889892578
2015-09-20,19.5,75.5,30.293560028076172
2015-09-20,19.5,76.5,31.9371280670166
2015-09-20,19.5,77.5,32.29279327392578
2015-09-20,19.5,80.5,29.595394134521484
2015-09-20,20.5,73.5,27.92753028869629
2015-09-20,20.5,74.5,28.740135192871094
2015-09-20,20.5,75.5,30.505691528320312
2015-09-20,20.5,76.5,31.334096908569336
2015-09-20,20.5,77.5,32.26419448852539
2015-09-20,20.5,78.5,32.567996978759766
2015-09-20,20.5,79.5,31.737642288208008
2015-09-20,20.5,80.5,30.631561279296875
2015-09-20,21.5,74.5,29.249252319335938
2015-09-20,21.5,78.5,30.959035873413086
2015-09-20,21.5,79.5,31.242237091064453
2015-09-21,16.5,73.5,30.081945419311523
2015-09-21,17.5,73.5,29.14310646057129
2015-09-21,17.5,74.5,29.86748504638672
2015-09-21,17.5,75.5,31.051395416259766
2015-09-21,18.5,73.5,29.425397872924805
2015-09-21,18.5,74.5,29.89825439453125
2015-09-21,18.5,75.5,31.52552032470703
2015-09-21,18.5,76.5,32.368019104003906
2015-09-21,18.5,77.5,32.169898986816406
2015-09-21,19.5,73.5,29.931486129760742
2015-09-21,19.5,74.5,30.993371963500977
2015-09-21,19.5,75.5,31.56283950805664
2015-09-21,19.5,76.5,32.39419174194336
2015-09-21,19.5,77.5,33.09869384765625
2015-09-21,19.5,80.5,31.927766799926758
2015-09-21,20.5,73.5,30.230989456176758
2015-09-21,20.5,74.5,30.485628128051758
2015-09-21,20.5,75.5,31.93275260925293
2015-09-21,20.5,76.5,32.64040756225586
2015-09-21,20.5,77.5,32.88649368286133
2015-09-21,20.5,78.5,33.42328643798828
2015-09-21,20.5,79.5,32.62712097167969
2015-09-21,20.5,80.5,31.88868522644043
2015-09-21,21.5,74.5,30.983455657958984
2015-09-21,21.5,78.5,31.550273895263672
2015-09-21,21.5,79.5,31.54584503173828
2015-09-22,16.5,73.5,31.09986114501953
2015-09-22,17.5,73.5,29.83515739440918
2015-09-22,17.5,74.5,30.76531219482422
2015-09-22,17.5,75.5,32.129180908203125
2015-09-22,18.5,73.5,29.741369247436523
2015-09-22,18.5,74.5,30.35405731201172
2015-09-22,18.5,75.5,31.8638916015625
2015-09-22,18.5,76.5,32.93866729736328
2015-09-22,18.5,77.5,33.33784484863281
2015-09-22,19.5,73.5,30.37139320373535
2015-09-22,19.5,74.5,30.921648025512695
2015-09-22,19.5,75.5,31.541412353515625
2015-09-22,19.5,76.5,32.77957534790039
2015-09-22,19.5,77.5,33.48326873779297
2015-09-22,19.5,80.5,32.95146179199219
2015-09-22,20.5,73.5,31.710281372070312
2015-09-22,20.5,74.5,31.45136070251465
2015-09-22,20.5,75.5,31.7302303314209
2015-09-22,20.5,76.5,32.304359436035156
2015-09-22,20.5,77.5,32.987953186035156
2015-09-22,20.5,78.5,33.53268814086914
2015-09-22,20.5,79.5,33.17341232299805
2015-09-22,20.5,80.5,33.27376937866211
2015-09-22,21.5,74.5,32.10555648803711
2015-09-22,21.5,78.5,31.729310989379883
2015-09-22,21.5,79.5,31.897661209106445
2015-09-23,16.5,73.5,32.05512237548828
2015-09-23,17.5,73.5,30.931421279907227
2015-09-23,17.5,74.5,31.831470489501953
2015-09-23,17.5,75.5,33.6544303894043
2015-09-23,18.5,73.5,30.66475486755371
2015-09-23,18.5,74.5,31.535839080810547
2015-09-23,18.5,75.5,33.29490661621094
2015-09-23,18.5,76.5,33.96737289428711
2015-09-23,18.5,77.5,34.158817291259766
2015-09-23,19.5,73.5,31.230518341064453
2015-09-23,19.5,74.5,31.847782135009766
2015-09-23,19.5,75.5,32.395626068115234
2015-09-23,19.5,76.5,33.17226028442383
2015-09-23,19.5,77.5,33.63701629638672
2015-09-23,19.5,80.5,33.048126220703125
2015-09-23,20.5,73.5,32.169551849365234
2015-09-23,20.5,74.5,31.96731948852539
2015-09-23,20.5,75.5,31.965560913085938
2015-09-23,20.5,76.5,32.39664840698242
2015-09-23,20.5,77.5,32.73906707763672
2015-09-23,20.5,78.5,33.30144119262695
2015-09-23,20.5,79.5,32.800048828125
2015-09-23,20.5,80.5,33.227027893066406
2015-09-23,21.5,74.5,32.64583969116211
2015-09-23,21.5,78.5,31.229202270507812
2015-09-23,21.5,79.5,31.360431671142578
2015-09-24,16.5,73.5,32.81974411010742
2015-09-24,17.5,73.5,31.36115837097168
2015-09-24,17.5,74.5,32.41012191772461
2015-09-24,17.5,75.5,34.02111053466797
2015-09-24,18.5,73.5,31.005672454833984
2015-09-24,18.5,74.5,32.0782356262207
2015-09-24,18.5,75.5,33.154693603515625
2015-09-24,18.5,76.5,33.86385726928711
2015-09-24,18.5,77.5,34.24576950073242
2015-09-24,19.5,73.5,31.04189109802246
2015-09-24,19.5,74.5,31.60739517211914
2015-09-24,19.5,75.5,32.30067443847656
2015-09-24,19.5,76.5,32.797401428222656
2015-09-24,19.5,77.5,33.32109069824219
2015-09-24,19.5,80.5,33.764217376708984
2015-09-24,20.5,73.5,31.645700454711914
2015-09-24,20.5,74.5,31.43329429626465
2015-09-24,20.5,75.5,31.772424697875977
2015-09-24,20.5,76.5,32.18657684326172
2015-09-24,20.5,77.5,32.53449630737305
2015-09-24,20.5,78.5,33.24843215942383
2015-09-24,20.5,79.5,33.216285705566406
2015-09-24,20.5,80.5,33.50861740112305
2015-09-24,21.5,74.5,32.42474365234375
2015-09-24,21.5,78.5,31.60010528564453
2015-09-24,21.5,79.5,32.04265594482422
2015-09-25,16.5,73.5,32.64496612548828
2015-09-25,17.5,73.5,31.577064514160156
2015-09-25,17.5,74.5,32.1800537109375
2015-09-25,17.5,75.5,33.95518112182617
2015-09-25,18.5,73.5,31.552717208862305
2015-09-25,18.5,74.5,32.36529541015625
2015-09-25,18.5,75.5,33.33261489868164
2015-09-25,18.5,76.5,33.73328399658203
2015-09-25,18.5,77.5,34.225337982177734
2015-09-25,19.5,73.5,31.728437423706055
2015-09-25,19.5,74.5,32.100589752197266
2015-09-25,19.5,75.5,32.59967803955078
2015-09-25,19.5,76.5,33.32019805908203
2015-09-25,19.5,77.5,33.3298225402832
2015-09-25,19.5,80.5,33.3105354309082
2015-09-25,20.5,73.5,32.372314453125
2015-09-25,20.5,74.5,31.969406127929688
2015-09-25,20.5,75.5,32.21868133544922
2015-09-25,20.5,76.5,32.50566482543945
2015-09-25,20.5,77.5,32.333866119384766
2015-09-25,20.5,78.5,33.1497688293457
2015-09-25,20.5,79.5,32.7611083984375
2015-09-25,20.5,80.5,33.526527404785156
2015-09-25,21.5,74.5,33.0927619934082
2015-09-25,21.5,78.5,31.38688087463379
2015-09-25,21.5,79.5,31.444032669067383
2015-09-26,16.5,73.5,32.23582458496094
2015-09-26,17.5,73.5,31.385709762573242
2015-09-26,17.5,74.5,32.06137466430664
2015-09-26,17.5,75.5,33.156578063964844
2015-09-26,18.5,73.5,31.16720199584961
2015-09-26,18.5,74.5,31.619159698486328
2015-09-26,18.5,75.5,32.85421371459961
2015-09-26,18.5,76.5,32.524620056152344
2015-09-26,18.5,77.5,32.27602005004883
2015-09-26,19.5,73.5,31.450960159301758
2015-09-26,19.5,74.5,31.81625747680664
2015-09-26,19.5,75.5,32.28234100341797
2015-09-26,19.5,76.5,32.479026794433594
2015-09-26,19.5,77.5,32.91853713989258
2015-09-26,19.5,80.5,32.20309066772461
2015-09-26,20.5,73.5,31.978355407714844
2015-09-26,20.5,74.5,31.485422134399414
2015-09-26,20.5,75.5,31.88151741027832
2015-09-26,20.5,76.5,32.13101577758789
2015-09-26,20.5,77.5,32.212913513183594
2015-09-26,20.5,78.5,32.485206604003906
2015-09-26,20.5,79.5,32.07861328125
2015-09-26,20.5,80.5,33.15428924560547
2015-09-26,21.5,74.5,32.66266632080078
2015-09-26,21.5,78.5,30.97869300842285
2015-09-26,21.5,79.5,31.26493263244629
2015-09-27,16.5,73.5,32.97356414794922
2015-09-27,17.5,73.5,31.973737716674805
2015-09-27,17.5,74.5,32.78055191040039
2015-09-27,17.5,75.5,34.301578521728516
2015-09-27,18.5,73.5,31.610803604125977
2015-09-27,18.5,74.5,32.4454231262207
2015-09-27,18.5,75.5,34.07454299926758
2015-09-27,18.5,76.5,33.5883674621582
2015-09-27,18.5,77.5,33.35941696166992
2015-09-27,19.5,73.5,31.71409797668457
2015-09-27,19.5,74.5,32.15340805053711
2015-09-27,19.5,75.5,32.97929382324219
2015-09-27,19.5,76.5,33.218658447265625
2015-09-27,19.5,77.5,33.578025817871094
2015-09-27,19.5,80.5,32.5806770324707
2015-09-27,20.5,73.5,32.285057067871094
2015-09-27,20.5,74.5,31.994163513183594
2015-09-27,20.5,75.5,32.70026397705078
2015-09-27,20.5,76.5,32.9974365234375
2015-09-27,20.5,77.5,32.997169494628906
2015-09-27,20.5,78.5,33.29929733276367
2015-09-27,20.5,79.5,32.70835876464844
2015-09-27,20.5,80.5,33.2782096862793
2015-09-27,21.5,74.5,33.01927947998047
2015-09-27,21.5,78.5,31.685401916503906
2015-09-27,21.5,79.5,32.063472747802734
2015-09-28,16.5,73.5,33.2721061706543
2015-09-28,17.5,73.5,32.39873504638672
2015-09-28,17.5,74.5,33.08420181274414
2015-09-28,17.5,75.5,34.29216003417969
2015-09-28,18.5,73.5,32.234371185302734
2015-09-28,18.5,74.5,32.874916076660156
2015-09-28,18.5,75.5,34.09881591796875
2015-09-28,18.5,76.5,33.539573669433594
2015-09-28,18.5,77.5,33.15163040161133
2015-09-28,19.5,73.5,32.72142028808594
2015-09-28,19.5,74.5,33.17384338378906
2015-09-28,19.5,75.5,33.628379821777344
2015-09-28,19.5,76.5,33.565765380859375
2015-09-28,19.5,77.5,33.85857391357422
2015-09-28,19.5,80.5,32.9405403137207
2015-09-28,20.5,73.5,33.17120361328125
2015-09-28,20.5,74.5,33.0533561706543
2015-09-28,20.5,75.5,33.30155944824219
2015-09-28,20.5,76.5,33.57090377807617
2015-09-28,20.5,77.5,33.40439224243164
2015-09-28,20.5,78.5,33.49129104614258
2015-09-28,20.5,79.5,32.8714714050293
2015-09-28,20.5,80.5,33.662628173828125
2015-09-28,21.5,74.5,33.724449157714844
2015-09-28,21.5,78.5,32.20276641845703
2015-09-28,21.5,79.5,32.651180267333984
2015-09-29,16.5,73.5,33.931915283203125
2015-09-29,17.5,73.5,33.25949478149414
2015-09-29,17.5,74.5,33.854305267333984
2015-09-29,17.5,75.5,34.440826416015625
2015-09-29,18.5,73.5,33.29945755004883
2015-09-29,18.5,74.5,33.75223159790039
2015-09-29,18.5,75.5,34.23147201538086
2015-09-29,18.5,76.5,34.14879608154297
2015-09-29,18.5,77.5,33.415950775146484
2015-09-29,19.5,73.5,33.74155044555664
2015-09-29,19.5,74.5,33.954105377197266
2015-09-29,19.5,75.5,34.4827880859375
2015-09-29,19.5,76.5,34.28622055053711
2015-09-29,19.5,77.5,34.24977493286133
2015-09-29,19.5,80.5,33.290340423583984
2015-09-29,20.5,73.5,34.69136047363281
2015-09-29,20.5,74.5,34.37843704223633
2015-09-29,20.5,75.5,34.20594024658203
2015-09-29,20.5,76.5,34.656593322753906
2015-09-29,20.5,77.5,33.93901824951172
2015-09-29,20.5,78.5,33.89809036254883
2015-09-29,20.5,79.5,33.37023162841797
2015-09-29,20.5,80.5,33.87582778930664
2015-09-29,21.5,74.5,35.314701080322266
2015-09-29,21.5,78.5,32.699161529541016
2015-09-29,21.5,79.5,32.76042556762695
2015-09-30,16.5,73.5,33.7928352355957
2015-09-30,17.5,73.5,33.30908203125
2015-09-30,17.5,74.5,33.8207893371582
2015-09-30,17.5,75.5,34.00091552734375
2015-09-30,18.5,73.5,33.51280975341797
2015-09-30,18.5,74.5,33.39532470703125
2015-09-30,18.5,75.5,33.62318420410156
2015-09-30,18.5,76.5,33.430965423583984
2015-09-30,18.5,77.5,32.99384689331055
2015-09-30,19.5,73.5,34.52366638183594
2015-09-30,19.5,74.5,34.160865783691406
2015-09-30,19.5,75.5,34.10774612426758
2015-09-30,19.5,76.5,33.92347717285156
2015-09-30,19.5,77.5,34.207542419433594
2015-09-30,19.5,80.5,32.65329360961914
2015-09-30,20.5,73.5,35.378692626953125
2015-09-30,20.5,74.5,34.918426513671875
2015-09-30,20.5,75.5,34.09786605834961
2015-09-30,20.5,76.5,34.321739196777344
2015-09-30,20.5,77.5,34.114139556884766
2015-09-30,20.5,78.5,33.8464241027832
2015-09-30,20.5,79.5,33.2287712097168
2015-09-30,20.5,80.5,33.08139419555664
2015-09-30,21.5,74.5,35.76134490966797
2015-09-30,21.5,78.5,32.593082427978516
2015-09-30,21.5,79.5,32.685367584228516
2015-10-01,16.5,73.5,33.26473617553711
2015-10-01,17.5,73.5,32.7980842590332
2015-10-01,17.5,74.5,33.19864273071289
2015-10-01,17.5,75.5,33.85191345214844
2015-10-01,18.5,73.5,33.79843521118164
2015-10-01,18.5,74.5,33.3320426940918
2015-10-01,18.5,75.5,33.97126007080078
2015-10-01,18.5,76.5,33.808895111083984
2015-10-01,18.5,77.5,33.05178451538086
2015-10-01,19.5,73.5,34.85609436035156
2015-10-01,19.5,74.5,34.423805236816406
2015-10-01,19.5,75.5,34.42845916748047
2015-10-01,19.5,76.5,34.474708557128906
2015-10-01,19.5,77.5,34.507530212402344
2015-10-01,19.5,80.5,33.0694465637207
2015-10-01,20.5,73.5,35.82240295410156
2015-10-01,20.5,74.5,35.051361083984375
2015-10-01,20.5,75.5,34.53770446777344
2015-10-01,20.5,76.5,34.845821380615234
2015-10-01,20.5,77.5,33.69171905517578
2015-10-01,20.5,78.5,34.112876892089844
2015-10-01,20.5,79.5,33.30137252807617
2015-10-01,20.5,80.5,33.970741271972656
2015-10-01,21.5,74.5,36.148555755615234
2015-10-01,21.5,78.5,32.504844665527344
2015-10-01,21.5,79.5,32.79413986206055
2015-10-02,16.5,73.5,31.21753692626953
2015-10-02,17.5,73.5,30.849868774414062
2015-10-02,17.5,74.5,31.39946746826172
2015-10-02,17.5,75.5,32.73668670654297
2015-10-02,18.5,73.5,31.567419052124023
2015-10-02,18.5,74.5,31.82781982421875
2015-10-02,18.5,75.5,33.654544830322266
2015-10-02,18.5,76.5,34.112545013427734
2015-10-02,18.5,77.5,33.729434967041016
2015-10-02,19.5,73.5,32.78069305419922
2015-10-02,19.5,74.5,33.1353759765625
2015-10-02,19.5,75.5,33.723697662353516
2015-10-02,19.5,76.5,34.417213439941406
2015-10-02,19.5,77.5,34.76062774658203
2015-10-02,19.5,80.5,33.281314849853516
2015-10-02,20.5,73.5,34.85161209106445
2015-10-02,20.5,74.5,34.23434829711914
2015-10-02,20.5,75.5,34.36182403564453
2015-10-02,20.5,76.5,34.83950424194336
2015-10-02,20.5,77.5,34.233577728271484
2015-10-02,20.5,78.5,34.0745964050293
2015-10-02,20.5,79.5,33.549560546875
2015-10-02,20.5,80.5,34.43457794189453
2015-10-02,21.5,74.5,36.061126708984375
2015-10-02,21.5,78.5,32.86842727661133
2015-10-02,21.5,79.5,33.066184997558594
2015-10-03,16.5,73.5,31.139591217041016
2015-10-03,17.5,73.5,31.0065860748291
2015-10-03,17.5,74.5,31.510587692260742
2015-10-03,17.5,75.5,32.68927001953125
2015-10-03,18.5,73.5,31.27881622314453
2015-10-03,18.5,74.5,31.591718673706055
2015-10-03,18.5,75.5,33.22806167602539
2015-10-03,18.5,76.5,34.10578155517578
2015-10-03,18.5,77.5,33.85128402709961
2015-10-03,19.5,73.5,32.57374572753906
2015-10-03,19.5,74.5,33.08843231201172
2015-10-03,19.5,75.5,33.756874084472656
2015-10-03,19.5,76.5,34.65034866333008
2015-10-03,19.5,77.5,34.96022033691406
2015-10-03,19.5,80.5,33.95918655395508
2015-10-03,20.5,73.5,34.210853576660156
2015-10-03,20.5,74.5,33.97068786621094
2015-10-03,20.5,75.5,34.84315872192383
2015-10-03,20.5,76.5,35.04756164550781
2015-10-03,20.5,77.5,34.71356964111328
2015-10-03,20.5,78.5,34.84517288208008
2015-10-03,20.5,79.5,34.424171447753906
2015-10-03,20.5,80.5,34.80461120605469
2015-10-03,21.5,74.5,35.17526626586914
2015-10-03,21.5,78.5,33.562191009521484
2015-10-03,21.5,79.5,33.695472717285156
2015-10-04,16.5,73.5,30.807239532470703
2015-10-04,17.5,73.5,29.997150421142578
2015-10-04,17.5,74.5,30.492826461791992
2015-10-04,17.5,75.5,31.63311004638672
2015-10-04,18.5,73.5,30.181215286254883
2015-10-04,18.5,74.5,30.731185913085938
2015-10-04,18.5,75.5,32.50886917114258
2015-10-04,18.5,76.5,33.3231201171875
2015-10-04,18.5,77.5,33.0594482421875
2015-10-04,19.5,73.5,31.429792404174805
2015-10-04,19.5,74.5,31.93720817565918
2015-10-04,19.5,75.5,32.899505615234375
2015-10-04,19.5,76.5,33.89461135864258
2015-10-04,19.5,77.5,34.632625579833984
2015-10-04,19.5,80.5,33.18011474609375
2015-10-04,20.5,73.5,33.457611083984375
2015-10-04,20.5,74.5,33.00259017944336
2015-10-04,20.5,75.5,33.859100341796875
2015-10-04,20.5,76.5,34.46009063720703
2015-10-04,20.5,77.5,34.61113357543945
2015-10-04,20.5,78.5,34.82752990722656
2015-10-04,20.5,79.5,34.40538787841797
2015-10-04,20.5,80.5,34.76426315307617
2015-10-04,21.5,74.5,34.8546028137207
2015-10-04,21.5,78.5,34.08890914916992
2015-10-04,21.5,79.5,34.39148712158203
2015-10-05,16.5,73.5,30.98737335205078
2015-10-05,17.5,73.5,30.75716209411621
2015-10-05,17.5,74.5,31.23552131652832
2015-10-05,17.5,75.5,31.994403839111328
2015-10-05,18.5,73.5,31.766071319580078
2015-10-05,18.5,74.5,31.573402404785156
2015-10-05,18.5,75.5,33.259124755859375
2015-10-05,18.5,76.5,33.54478073120117
2015-10-05,18.5,77.5,33.325172424316406
2015-10-05,19.5,73.5,33.00971984863281
2015-10-05,19.5,74.5,33.48399353027344
2015-10-05,19.5,75.5,34.24226379394531
2015-10-05,19.5,76.5,34.648353576660156
2015-10-05,19.5,77.5,34.88232421875
2015-10-05,19.5,80.5,33.341392517089844
2015-10-05,20.5,73.5,34.57440948486328
2015-10-05,20.5,74.5,34.51959991455078
2015-10-05,20.5,75.5,35.1040153503418
2015-10-05,20.5,76.5,35.22516632080078
2015-10-05,20.5,77.5,34.89886474609375
2015-10-05,20.5,78.5,34.93367004394531
2015-10-05,20.5,79.5,34.4738655090332
2015-10-05,20.5,80.5,34.172115325927734
2015-10-05,21.5,74.5,36.16708755493164
2015-10-05,21.5,78.5,34.089656829833984
2015-10-05,21.5,79.5,34.16864776611328
2015-10-06,16.5,73.5,31.706144332885742
2015-10-06,17.5,73.5,31.538448333740234
2015-10-06,17.5,74.5,31.939462661743164
2015-10-06,17.5,75.5,32.728675842285156
2015-10-06,18.5,73.5,32.65108108520508
2015-10-06,18.5,74.5,32.66936111450195
2015-10-06,18.5,75.5,33.87596130371094
2015-10-06,18.5,76.5,34.47635269165039
2015-10-06,18.5,77.5,33.98460006713867
2015-10-06,19.5,73.5,33.93898010253906
2015-10-06,19.5,74.5,34.2408447265625
2015-10-06,19.5,75.5,34.7499885559082
2015-10-06,19.5,76.5,35.23561096191406
2015-10-06,19.5,77.5,35.5992317199707
2015-10-06,19.5,80.5,33.780517578125
2015-10-06,20.5,73.5,35.7370491027832
2015-10-06,20.5,74.5,35.16258239746094
2015-10-06,20.5,75.5,35.4456787109375
2015-10-06,20.5,76.5,35.808448791503906
2015-10-06,20.5,77.5,35.46677780151367
2015-10-06,20.5,78.5,35.309207916259766
2015-10-06,20.5,79.5,34.61998748779297
2015-10-06,20.5,80.5,34.14098358154297
2015-10-06,21.5,74.5,36.931976318359375
2015-10-06,21.5,78.5,33.99449157714844
2015-10-06,21.5,79.5,33.89664077758789
2015-10-07,16.5,73.5,32.425662994384766
2015-10-07,17.5,73.5,32.22164535522461
2015-10-07,17.5,74.5,32.622371673583984
2015-10-07,17.5,75.5,33.55939865112305
2015-10-07,18.5,73.5,33.05475997924805
2015-10-07,18.5,74.5,33.042755126953125
2015-10-07,18.5,75.5,34.434871673583984
2015-10-07,18.5,76.5,34.52294921875
2015-10-07,18.5,77.5,34.16677474975586
2015-10-07,19.5,73.5,34.206398010253906
2015-10-07,19.5,74.5,34.55006408691406
2015-10-07,19.5,75.5,35.03427505493164
2015-10-07,19.5,76.5,35.203704833984375
2015-10-07,19.5,77.5,35.53963088989258
2015-10-07,19.5,80.5,33.65346908569336
2015-10-07,20.5,73.5,35.76974105834961
2015-10-07,20.5,74.5,35.540401458740234
2015-10-07,20.5,75.5,35.53605651855469
2015-10-07,20.5,76.5,35.670719146728516
2015-10-07,20.5,77.5,35.35649490356445
2015-10-07,20.5,78.5,35.146690368652344
2015-10-07,20.5,79.5,34.65553283691406
2015-10-07,20.5,80.5,34.38143539428711
2015-10-07,21.5,74.5,37.28190612792969
2015-10-07,21.5,78.5,33.904457092285156
2015-10-07,21.5,79.5,33.8712043762207
2015-10-08,16.5,73.5,32.50909423828125
2015-10-08,17.5,73.5,32.2317008972168
2015-10-08,17.5,74.5,32.78711700439453
2015-10-08,17.5,75.5,33.66691589355469
2015-10-08,18.5,73.5,33.03895568847656
2015-10-08,18.5,74.5,33.16987228393555
2015-10-08,18.5,75.5,34.79823303222656
2015-10-08,18.5,76.5,34.783878326416016
2015-10-08,18.5,77.5,34.342529296875
2015-10-08,19.5,73.5,34.378173828125
2015-10-08,19.5,74.5,34.679168701171875
2015-10-08,19.5,75.5,35.197025299072266
2015-10-08,19.5,76.5,35.41423034667969
2015-10-08,19.5,77.5,35.53227996826172
2015-10-08,19.5,80.5,33.762428283691406
2015-10-08,20.5,73.5,35.8330192565918
2015-10-08,20.5,74.5,35.69760513305664
2015-10-08,20.5,75.5,35.459754943847656
2015-10-08,20.5,76.5,35.47024917602539
2015-10-08,20.5,77.5,35.21276092529297
2015-10-08,20.5,78.5,34.95005798339844
2015-10-08,20.5,79.5,34.36528778076172
2015-10-08,20.5,80.5,34.34209442138672
2015-10-08,21.5,74.5,37.38187026977539
2015-10-08,21.5,78.5,33.49435806274414
2015-10-08,21.5,79.5,33.63591766357422
2015-10-09,16.5,73.5,32.70443344116211
2015-10-09,17.5,73.5,32.400970458984375
2015-10-09,17.5,74.5,32.853309631347656
2015-10-09,17.5,75.5,34.16487121582031
2015-10-09,18.5,73.5,33.20927047729492
2015-10-09,18.5,74.5,33.50978469848633
2015-10-09,18.5,75.5,35.17357635498047
2015-10-09,18.5,76.5,35.541561126708984
2015-10-09,18.5,77.5,35.15228271484375
2015-10-09,19.5,73.5,34.36667251586914
2015-10-09,19.5,74.5,35.050994873046875
2015-10-09,19.5,75.5,35.81864929199219
2015-10-09,19.5,76.5,36.33168029785156
2015-10-09,19.5,77.5,36.24222946166992
2015-10-09,19.5,80.5,34.321144104003906
2015-10-09,20.5,73.5,35.60921859741211
2015-10-09,20.5,74.5,35.58625793457031
2015-10-09,20.5,75.5,36.20402908325195
2015-10-09,20.5,76.5,36.39785385131836
2015-10-09,20.5,77.5,36.051666259765625
2015-10-09,20.5,78.5,36.18067169189453
2015-10-09,20.5,79.5,35.445716857910156
2015-10-09,20.5,80.5,34.92490005493164
2015-10-09,21.5,74.5,37.07521057128906
2015-10-09,21.5,78.5,34.70720291137695
2015-10-09,21.5,79.5,34.380977630615234
2015-10-10,16.5,73.5,31.778461456298828
2015-10-10,17.5,73.5,31.65609359741211
2015-10-10,17.5,74.5,32.096431732177734
2015-10-10,17.5,75.5,33.19659423828125
2015-10-10,18.5,73.5,32.70136642456055
2015-10-10,18.5,74.5,32.83545684814453
2015-10-10,18.5,75.5,34.72018814086914
2015-10-10,18.5,76.5,35.55155563354492
2015-10-10,18.5,77.5,35.37605667114258
2015-10-10,19.5,73.5,33.678955078125
2015-10-10,19.5,74.5,34.59172821044922
2015-10-10,19.5,75.5,35.14706802368164
2015-10-10,19.5,76.5,36.05595397949219
2015-10-10,19.5,77.5,36.28420639038086
2015-10-10,19.5,80.5,35.325439453125
2015-10-10,20.5,73.5,35.360042572021484
2015-10-10,20.5,74.5,34.86555862426758
2015-10-10,20.5,75.5,35.718238830566406
2015-10-10,20.5,76.5,35.905601501464844
2015-10-10,20.5,77.5,35.80335235595703
2015-10-10,20.5,78.5,36.05803298950195
2015-10-10,20.5,79.5,35.56768035888672
2015-10-10,20.5,80.5,35.373291015625
2015-10-10,21.5,74.5,36.650718688964844
2015-10-10,21.5,78.5,34.427894592285156
2015-10-10,21.5,79.5,34.45720672607422
2015-10-11,16.5,73.5,32.055152893066406
2015-10-11,17.5,73.5,31.37407112121582
2015-10-11,17.5,74.5,31.54709243774414
2015-10-11,17.5,75.5,32.27785873413086
2015-10-11,18.5,73.5,32.208805084228516
2015-10-11,18.5,74.5,32.28109359741211
2015-10-11,18.5,75.5,33.4553337097168
2015-10-11,18.5,76.5,33.909725189208984
2015-10-11,18.5,77.5,33.75966262817383
2015-10-11,19.5,73.5,33.71501159667969
2015-10-11,19.5,74.5,34.42649841308594
2015-10-11,19.5,75.5,34.674808502197266
2015-10-11,19.5,76.5,34.86283493041992
2015-10-11,19.5,77.5,35.803890228271484
2015-10-11,19.5,80.5,35.06986999511719
2015-10-11,20.5,73.5,34.84775161743164
2015-10-11,20.5,74.5,34.694217681884766
2015-10-11,20.5,75.5,35.395572662353516
2015-10-11,20.5,76.5,35.561546325683594
2015-10-11,20.5,77.5,35.71867752075195
2015-10-11,20.5,78.5,36.26838684082031
2015-10-11,20.5,79.5,35.865970611572266
2015-10-11,20.5,80.5,35.71090316772461
2015-10-11,21.5,74.5,36.25699234008789
2015-10-11,21.5,78.5,34.81998062133789
2015-10-11,21.5,79.5,34.81837463378906
2015-10-12,16.5,73.5,32.20520782470703
2015-10-12,17.5,73.5,31.770112991333008
2015-10-12,17.5,74.5,32.476009368896484
2015-10-12,17.5,75.5,33.468788146972656
2015-10-12,18.5,73.5,32.546443939208984
2015-10-12,18.5,74.5,32.72061538696289
2015-10-12,18.5,75.5,34.75142288208008
2015-10-12,18.5,76.5,35.00922393798828
2015-10-12,18.5,77.5,35.270606994628906
2015-10-12,19.5,73.5,33.696739196777344
2015-10-12,19.5,74.5,34.58079528808594
2015-10-12,19.5,75.5,35.2536506652832
2015-10-12,19.5,76.5,35.70945358276367
2015-10-12,19.5,77.5,36.162269592285156
2015-10-12,19.5,80.5,34.94208526611328
2015-10-12,20.5,73.5,34.9467658996582
2015-10-12,20.5,74.5,34.90977478027344
2015-10-12,20.5,75.5,35.255863189697266
2015-10-12,20.5,76.5,36.12705612182617
2015-10-12,20.5,77.5,35.33506393432617
2015-10-12,20.5,78.5,35.83633804321289
2015-10-12,20.5,79.5,35.23744201660156
2015-10-12,20.5,80.5,35.546573638916016
2015-10-12,21.5,74.5,36.36179733276367
2015-10-12,21.5,78.5,34.502689361572266
2015-10-12,21.5,79.5,34.44780731201172
2015-10-13,16.5,73.5,33.09212875366211
2015-10-13,17.5,73.5,32.492347717285156
2015-10-13,17.5,74.5,32.9989013671875
2015-10-13,17.5,75.5,34.46649932861328
2015-10-13,18.5,73.5,33.06330108642578
2015-10-13,18.5,74.5,33.220558166503906
2015-10-13,18.5,75.5,35.47968292236328
2015-10-13,18.5,76.5,36.003536224365234
2015-10-13,18.5,77.5,35.67374801635742
2015-10-13,19.5,73.5,34.14799880981445
2015-10-13,19.5,74.5,34.73698806762695
2015-10-13,19.5,75.5,35.691314697265625
2015-10-13,19.5,76.5,36.2864990234375
2015-10-13,19.5,77.5,36.98442459106445
2015-10-13,19.5,80.5,35.63275909423828
2015-10-13,20.5,73.5,35.876609802246094
2015-10-13,20.5,74.5,35.446102142333984
2015-10-13,20.5,75.5,36.1999397277832
2015-10-13,20.5,76.5,36.3901252746582
2015-10-13,20.5,77.5,36.53815460205078
2015-10-13,20.5,78.5,36.87806701660156
2015-10-13,20.5,79.5,36.35749053955078
2015-10-13,20.5,80.5,36.15742492675781
2015-10-13,21.5,74.5,37.3151741027832
2015-10-13,21.5,78.5,35.52009201049805
2015-10-13,21.5,79.5,35.30663299560547
2015-10-14,16.5,73.5,33.4161491394043
2015-10-14,17.5,73.5,33.069297790527344
2015-10-14,17.5,74.5,33.516204833984375
2015-10-14,17.5,75.5,34.64994430541992
2015-10-14,18.5,73.5,33.76006317138672
2015-10-14,18.5,74.5,33.95546340942383
2015-10-14,18.5,75.5,35.76898956298828
2015-10-14,18.5,76.5,36.356815338134766
2015-10-14,18.5,77.5,36.0579719543457
2015-10-14,19.5,73.5,35.00835037231445
2015-10-14,19.5,74.5,35.43118667602539
2015-10-14,19.5,75.5,35.99209976196289
2015-10-14,19.5,76.5,36.74952697753906
2015-10-14,19.5,77.5,36.97831344604492
2015-10-14,19.5,80.5,35.21575164794922
2015-10-14,20.5,73.5,36.59809875488281
2015-10-14,20.5,74.5,36.123836517333984
2015-10-14,20.5,75.5,36.53287124633789
2015-10-14,20.5,76.5,36.72388458251953
2015-10-14,20.5,77.5,36.551605224609375
2015-10-14,20.5,78.5,36.576805114746094
2015-10-14,20.5,79.5,36.07655715942383
2015-10-14,20.5,80.5,35.35651779174805
2015-10-14,21.5,74.5,37.65760803222656
2015-10-14,21.5,78.5,34.77930450439453
2015-10-14,21.5,79.5,34.5589714050293
2015-10-15,16.5,73.5,33.935394287109375
2015-10-15,17.5,73.5,33.49585723876953
2015-10-15,17.5,74.5,34.033111572265625
2015-10-15,17.5,75.5,35.235591888427734
2015-10-15,18.5,73.5,34.245487213134766
2015-10-15,18.5,74.5,34.488956451416016
2015-10-15,18.5,75.5,36.21164321899414
2015-10-15,18.5,76.5,36.23092269897461
2015-10-15,18.5,77.5,35.89752960205078
2015-10-15,19.5,73.5,35.537078857421875
2015-10-15,19.5,74.5,35.74619674682617
2015-10-15,19.5,75.5,36.16423416137695
2015-10-15,19.5,76.5,36.330101013183594
2015-10-15,19.5,77.5,35.906898498535156
2015-10-15,19.5,80.5,33.64381790161133
2015-10-15,20.5,73.5,37.07461929321289
2015-10-15,20.5,74.5,36.584014892578125
2015-10-15,20.5,75.5,36.290916442871094
2015-10-15,20.5,76.5,36.176673889160156
2015-10-15,20.5,77.5,35.10717010498047
2015-10-15,20.5,78.5,35.13025665283203
2015-10-15,20.5,79.5,34.35270309448242
2015-10-15,20.5,80.5,33.976314544677734
2015-10-15,21.5,74.5,38.07795333862305
2015-10-15,21.5,78.5,33.40363311767578
2015-10-15,21.5,79.5,33.14652633666992
2015-10-16,16.5,73.5,33.987648010253906
2015-10-16,17.5,73.5,33.582176208496094
2015-10-16,17.5,74.5,33.93434143066406
2015-10-16,17.5,75.5,34.95089340209961
2015-10-16,18.5,73.5,34.3754997253418
2015-10-16,18.5,74.5,34.24402618408203
2015-10-16,18.5,75.5,35.41859817504883
2015-10-16,18.5,76.5,35.010318756103516
2015-10-16,18.5,77.5,34.546844482421875
2015-10-16,19.5,73.5,35.30815124511719
2015-10-16,19.5,74.5,35.17957305908203
2015-10-16,19.5,75.5,34.98929977416992
2015-10-16,19.5,76.5,35.29404067993164
2015-10-16,19.5,77.5,34.8582878112793
2015-10-16,19.5,80.5,33.3321647644043
2015-10-16,20.5,73.5,36.708065032958984
2015-10-16,20.5,74.5,35.92988586425781
2015-10-16,20.5,75.5,34.91524887084961
2015-10-16,20.5,76.5,34.90393829345703
2015-10-16,20.5,77.5,34.4377326965332
2015-10-16,20.5,78.5,34.54887008666992
2015-10-16,20.5,79.5,34.206031799316406
2015-10-16,20.5,80.5,33.55289840698242
2015-10-16,21.5,74.5,37.148277282714844
2015-10-16,21.5,78.5,33.07111740112305
2015-10-16,21.5,79.5,33.01432800292969
2015-10-17,16.5,73.5,33.63797378540039
2015-10-17,17.5,73.5,33.274078369140625
2015-10-17,17.5,74.5,33.48340606689453
2015-10-17,17.5,75.5,34.05784606933594
2015-10-17,18.5,73.5,34.045108795166016
2015-10-17,18.5,74.5,33.652889251708984
2015-10-17,18.5,75.5,34.51090621948242
2015-10-17,18.5,76.5,34.51879119873047
2015-10-17,18.5,77.5,34.042442321777344
2015-10-17,19.5,73.5,35.26823043823242
2015-10-17,19.5,74.5,35.02935791015625
2015-10-17,19.5,75.5,34.9918212890625
2015-10-17,19.5,76.5,35.13086700439453
2015-10-17,19.5,77.5,35.0891227722168
2015-10-17,19.5,80.5,33.327457427978516
2015-10-17,20.5,73.5,36.647377014160156
2015-10-17,20.5,74.5,35.849185943603516
2015-10-17,20.5,75.5,35.037601470947266
2015-10-17,20.5,76.5,35.307334899902344
2015-10-17,20.5,77.5,34.6790885925293
2015-10-17,20.5,78.5,34.85201644897461
2015-10-17,20.5,79.5,34.13981628417969
2015-10-17,20.5,80.5,33.85470199584961
2015-10-17,21.5,74.5,37.22101593017578
2015-10-17,21.5,78.5,33.59947967529297
2015-10-17,21.5,79.5,33.67258071899414
2015-10-18,16.5,73.5,33.14973449707031
2015-10-18,17.5,73.5,32.65328598022461
2015-10-18,17.5,74.5,32.75901412963867
2015-10-18,17.5,75.5,33.96623992919922
2015-10-18,18.5,73.5,33.34933090209961
2015-10-18,18.5,74.5,33.007694244384766
2015-10-18,18.5,75.5,34.914520263671875
2015-10-18,18.5,76.5,35.32880783081055
2015-10-18,18.5,77.5,34.78839111328125
2015-10-18,19.5,73.5,34.66027069091797
2015-10-18,19.5,74.5,34.485374450683594
2015-10-18,19.5,75.5,34.91253662109375
2015-10-18,19.5,76.5,35.59358596801758
2015-10-18,19.5,77.5,35.53207778930664
2015-10-18,19.5,80.5,33.85673522949219
2015-10-18,20.5,73.5,36.727256774902344
2015-10-18,20.5,74.5,35.82284927368164
2015-10-18,20.5,75.5,35.51460266113281
2015-10-18,20.5,76.5,35.60335159301758
2015-10-18,20.5,77.5,35.1953010559082
2015-10-18,20.5,78.5,35.726383209228516
2015-10-18,20.5,79.5,35.014522552490234
2015-10-18,20.5,80.5,34.6578369140625
2015-10-18,21.5,74.5,37.618045806884766
2015-10-18,21.5,78.5,34.35283279418945
2015-10-18,21.5,79.5,34.33595657348633
2015-10-19,16.5,73.5,34.21221160888672
2015-10-19,17.5,73.5,33.72703552246094
2015-10-19,17.5,74.5,33.99102020263672
2015-10-19,17.5,75.5,34.668575286865234
2015-10-19,18.5,73.5,34.51907730102539
2015-10-19,18.5,74.5,34.351985931396484
2015-10-19,18.5,75.5,35.67757034301758
2015-10-19,18.5,76.5,35.640228271484375
2015-10-19,18.5,77.5,35.16896438598633
2015-10-19,19.5,73.5,35.749671936035156
2015-10-19,19.5,74.5,35.66423416137695
2015-10-19,19.5,75.5,35.646427154541016
2015-10-19,19.5,76.5,36.160099029541016
2015-10-19,19.5,77.5,36.149436950683594
2015-10-19,19.5,80.5,34.22249984741211
2015-10-19,20.5,73.5,37.025001525878906
2015-10-19,20.5,74.5,36.563270568847656
2015-10-19,20.5,75.5,35.9364013671875
2015-10-19,20.5,76.5,35.87250518798828
2015-10-19,20.5,77.5,35.79731369018555
2015-10-19,20.5,78.5,36.144466400146484
2015-10-19,20.5,79.5,35.498138427734375
2015-10-19,20.5,80.5,34.81131362915039
2015-10-19,21.5,74.5,37.722259521484375
2015-10-19,21.5,78.5,34.85298156738281
2015-10-19,21.5,79.5,34.580780029296875
2015-10-20,16.5,73.5,34.863033294677734
2015-10-20,17.5,73.5,34.60601806640625
2015-10-20,17.5,74.5,34.88715744018555
2015-10-20,17.5,75.5,34.99701690673828
2015-10-20,18.5,73.5,34.91741180419922
2015-10-20,18.5,74.5,34.79695129394531
2015-10-20,18.5,75.5,35.67975997924805
2015-10-20,18.5,76.5,35.51206970214844
2015-10-20,18.5,77.5,35.50701904296875
2015-10-20,19.5,73.5,35.593780517578125
2015-10-20,19.5,74.5,35.80602264404297
2015-10-20,19.5,75.5,35.821231842041016
2015-10-20,19.5,76.5,36.319087982177734
2015-10-20,19.5,77.5,36.597084045410156
2015-10-20,19.5,80.5,35.18170928955078
2015-10-20,20.5,73.5,36.595787048339844
2015-10-20,20.5,74.5,36.295555114746094
2015-10-20,20.5,75.5,36.386016845703125
2015-10-20,20.5,76.5,36.504364013671875
2015-10-20,20.5,77.5,36.5127067565918
2015-10-20,20.5,78.5,37.15828323364258
2015-10-20,20.5,79.5,36.51201629638672
2015-10-20,20.5,80.5,35.69623565673828
2015-10-20,21.5,74.5,37.44485092163086
2015-10-20,21.5,78.5,35.78506851196289
2015-10-20,21.5,79.5,35.46607208251953
2015-10-21,16.5,73.5,34.746360778808594
2015-10-21,17.5,73.5,34.29863739013672
2015-10-21,17.5,74.5,34.59632110595703
2015-10-21,17.5,75.5,35.29281234741211
2015-10-21,18.5,73.5,34.95764923095703
2015-10-21,18.5,74.5,34.83012771606445
2015-10-21,18.5,75.5,36.00559997558594
2015-10-21,18.5,76.5,36.06917190551758
2015-10-21,18.5,77.5,35.9583854675293
2015-10-21,19.5,73.5,35.7988395690918
2015-10-21,19.5,74.5,35.7625846862793
2015-10-21,19.5,75.5,35.983192443847656
2015-10-21,19.5,76.5,36.73659133911133
2015-10-21,19.5,77.5,36.76030349731445
2015-10-21,19.5,80.5,34.847232818603516
2015-10-21,20.5,73.5,36.785888671875
2015-10-21,20.5,74.5,36.2277946472168
2015-10-21,20.5,75.5,36.35884094238281
2015-10-21,20.5,76.5,36.3344612121582
2015-10-21,20.5,77.5,36.257057189941406
2015-10-21,20.5,78.5,36.853759765625
2015-10-21,20.5,79.5,36.09662628173828
2015-10-21,20.5,80.5,35.21109390258789
2015-10-21,21.5,74.5,37.2075309753418
2015-10-21,21.5,78.5,35.00782775878906
2015-10-21,21.5,79.5,34.96504592895508
2015-10-22,16.5,73.5,34.72948455810547
2015-10-22,17.5,73.5,34.0792236328125
2015-10-22,17.5,74.5,34.316497802734375
2015-10-22,17.5,75.5,35.29852294921875
2015-10-22,18.5,73.5,34.56148910522461
2015-10-22,18.5,74.5,34.32085037231445
2015-10-22,18.5,75.5,35.60602569580078
2015-10-22,18.5,76.5,35.62350082397461
2015-10-22,18.5,77.5,35.89458465576172
2015-10-22,19.5,73.5,35.25570297241211
2015-10-22,19.5,74.5,35.01454162597656
2015-10-22,19.5,75.5,35.582000732421875
2015-10-22,19.5,76.5,36.05356979370117
2015-10-22,19.5,77.5,36.0860481262207
2015-10-22,19.5,80.5,34.678497314453125
2015-10-22,20.5,73.5,36.1837043762207
2015-10-22,20.5,74.5,35.54352951049805
2015-10-22,20.5,75.5,35.52424240112305
2015-10-22,20.5,76.5,35.9429931640625
2015-10-22,20.5,77.5,35.49087905883789
2015-10-22,20.5,78.5,36.409088134765625
2015-10-22,20.5,79.5,35.449623107910156
2015-10-22,20.5,80.5,34.852294921875
2015-10-22,21.5,74.5,36.60749053955078
2015-10-22,21.5,78.5,33.91216278076172
2015-10-22,21.5,79.5,33.927330017089844
2015-10-23,16.5,73.5,34.364261627197266
2015-10-23,17.5,73.5,33.740257263183594
2015-10-23,17.5,74.5,33.81914520263672
2015-10-23,17.5,75.5,34.97248840332031
2015-10-23,18.5,73.5,34.17887496948242
2015-10-23,18.5,74.5,34.00992202758789
2015-10-23,18.5,75.5,35.7508544921875
2015-10-23,18.5,76.5,35.73860549926758
2015-10-23,18.5,77.5,35.636627197265625
2015-10-23,19.5,73.5,35.210357666015625
2015-10-23,19.5,74.5,35.153560638427734
2015-10-23,19.5,75.5,35.85164260864258
2015-10-23,19.5,76.5,36.41754150390625
2015-10-23,19.5,77.5,36.110328674316406
2015-10-23,19.5,80.5,34.25700378417969
2015-10-23,20.5,73.5,36.524959564208984
2015-10-23,20.5,74.5,36.02635192871094
2015-10-23,20.5,75.5,36.29096984863281
2015-10-23,20.5,76.5,36.151344299316406
2015-10-23,20.5,77.5,35.603939056396484
2015-10-23,20.5,78.5,36.117652893066406
2015-10-23,20.5,79.5,35.437286376953125
2015-10-23,20.5,80.5,34.2602653503418
2015-10-23,21.5,74.5,37.58637237548828
2015-10-23,21.5,78.5,34.663902282714844
2015-10-23,21.5,79.5,34.28334426879883
2015-10-24,16.5,73.5,34.732791900634766
2015-10-24,17.5,73.5,33.83002471923828
2015-10-24,17.5,74.5,33.90007400512695
2015-10-24,17.5,75.5,34.75377655029297
2015-10-24,18.5,73.5,34.16109085083008
2015-10-24,18.5,74.5,34.029937744140625
2015-10-24,18.5,75.5,35.297698974609375
2015-10-24,18.5,76.5,35.55390930175781
2015-10-24,18.5,77.5,35.39015197753906
2015-10-24,19.5,73.5,35.312068939208984
2015-10-24,19.5,74.5,35.040496826171875
2015-10-24,19.5,75.5,35.68782424926758
2015-10-24,19.5,76.5,36.22965621948242
2015-10-24,19.5,77.5,35.77436828613281
2015-10-24,19.5,80.5,33.86341857910156
2015-10-24,20.5,73.5,36.39579772949219
2015-10-24,20.5,74.5,35.83908462524414
2015-10-24,20.5,75.5,36.17934036254883
2015-10-24,20.5,76.5,36.101375579833984
2015-10-24,20.5,77.5,35.4593620300293
2015-10-24,20.5,78.5,35.92259979248047
2015-10-24,20.5,79.5,35.11772155761719
2015-10-24,20.5,80.5,33.79866409301758
2015-10-24,21.5,74.5,37.229896545410156
2015-10-24,21.5,78.5,34.5041618347168
2015-10-24,21.5,79.5,34.293785095214844
2015-10-25,16.5,73.5,34.486083984375
2015-10-25,17.5,73.5,33.28009033203125
2015-10-25,17.5,74.5,33.26405715942383
2015-10-25,17.5,75.5,34.187992095947266
2015-10-25,18.5,73.5,33.29917526245117
2015-10-25,18.5,74.5,33.21580123901367
2015-10-25,18.5,75.5,34.42815399169922
2015-10-25,18.5,76.5,34.43309783935547
2015-10-25,18.5,77.5,34.176612854003906
2015-10-25,19.5,73.5,34.31395721435547
2015-10-25,19.5,74.5,33.92630386352539
2015-10-25,19.5,75.5,34.74720764160156
2015-10-25,19.5,76.5,35.08557891845703
2015-10-25,19.5,77.5,34.58113098144531
2015-10-25,19.5,80.5,32.963096618652344
2015-10-25,20.5,73.5,35.2485466003418
2015-10-25,20.5,74.5,34.741905212402344
2015-10-25,20.5,75.5,35.20438766479492
2015-10-25,20.5,76.5,35.11045837402344
2015-10-25,20.5,77.5,34.593082427978516
2015-10-25,20.5,78.5,35.0770149230957
2015-10-25,20.5,79.5,34.349998474121094
2015-10-25,20.5,80.5,32.95708465576172
2015-10-25,21.5,74.5,36.1735954284668
2015-10-25,21.5,78.5,33.68711853027344
2015-10-25,21.5,79.5,33.583797454833984
2015-10-26,16.5,73.5,33.99989700317383
2015-10-26,17.5,73.5,32.895973205566406
2015-10-26,17.5,74.5,33.12689208984375
2015-10-26,17.5,75.5,33.24125289916992
2015-10-26,18.5,73.5,33.05460739135742
2015-10-26,18.5,74.5,33.022361755371094
2015-10-26,18.5,75.5,33.91856002807617
2015-10-26,18.5,76.5,33.895118713378906
2015-10-26,18.5,77.5,34.09473419189453
2015-10-26,19.5,73.5,33.87074661254883
2015-10-26,19.5,74.5,33.26738357543945
2015-10-26,19.5,75.5,33.56669616699219
2015-10-26,19.5,76.5,34.446224212646484
2015-10-26,19.5,77.5,34.51123046875
2015-10-26,19.5,80.5,33.19432830810547
2015-10-26,20.5,73.5,34.257938385009766
2015-10-26,20.5,74.5,33.33027267456055
2015-10-26,20.5,75.5,33.31773376464844
2015-10-26,20.5,76.5,33.76677703857422
2015-10-26,20.5,77.5,33.69796371459961
2015-10-26,20.5,78.5,35.162933349609375
2015-10-26,20.5,79.5,34.41477584838867
2015-10-26,20.5,80.5,33.31238555908203
2015-10-26,21.5,74.5,34.14524459838867
2015-10-26,21.5,78.5,32.75704574584961
2015-10-26,21.5,79.5,33.475242614746094
2015-10-27,16.5,73.5,33.1381950378418
2015-10-27,17.5,73.5,32.063961029052734
2015-10-27,17.5,74.5,32.0638313293457
2015-10-27,17.5,75.5,32.99681091308594
2015-10-27,18.5,73.5,32.605735778808594
2015-10-27,18.5,74.5,32.0368537902832
2015-10-27,18.5,75.5,33.47566604614258
2015-10-27,18.5,76.5,33.80455780029297
2015-10-27,18.5,77.5,34.3454704284668
2015-10-27,19.5,73.5,33.483375549316406
2015-10-27,19.5,74.5,32.87169647216797
2015-10-27,19.5,75.5,33.274391174316406
2015-10-27,19.5,76.5,33.954864501953125
2015-10-27,19.5,77.5,34.564697265625
2015-10-27,19.5,80.5,33.48391342163086
2015-10-27,20.5,73.5,34.208736419677734
2015-10-27,20.5,74.5,33.203067779541016
2015-10-27,20.5,75.5,33.28950500488281
2015-10-27,20.5,76.5,33.221153259277344
2015-10-27,20.5,77.5,33.7628059387207
2015-10-27,20.5,78.5,35.00226593017578
2015-10-27,20.5,79.5,34.32352828979492
2015-10-27,20.5,80.5,33.53871154785156
2015-10-27,21.5,74.5,34.342987060546875
2015-10-27,21.5,78.5,32.41313934326172
2015-10-27,21.5,79.5,33.12514114379883
2015-10-28,16.5,73.5,33.92280578613281
2015-10-28,17.5,73.5,32.91484069824219
2015-10-28,17.5,74.5,33.05104446411133
2015-10-28,17.5,75.5,33.663211822509766
2015-10-28,18.5,73.5,33.0465087890625
2015-10-28,18.5,74.5,32.8311653137207
2015-10-28,18.5,75.5,34.077430725097656
2015-10-28,18.5,76.5,34.12914276123047
2015-10-28,18.5,77.5,33.94652557373047
2015-10-28,19.5,73.5,33.75429153442383
2015-10-28,19.5,74.5,33.22926330566406
2015-10-28,19.5,75.5,33.71529006958008
2015-10-28,19.5,76.5,34.55744552612305
2015-10-28,19.5,77.5,34.676334381103516
2015-10-28,19.5,80.5,33.17765426635742
2015-10-28,20.5,73.5,34.33986282348633
2015-10-28,20.5,74.5,34.03219223022461
2015-10-28,20.5,75.5,34.261962890625
2015-10-28,20.5,76.5,34.192535400390625
2015-10-28,20.5,77.5,34.16463851928711
2015-10-28,20.5,78.5,34.25995635986328
2015-10-28,20.5,79.5,33.199710845947266
2015-10-28,20.5,80.5,32.98878860473633
2015-10-28,21.5,74.5,35.09982681274414
2015-10-28,21.5,78.5,32.08371353149414
2015-10-28,21.5,79.5,31.209413528442383
2015-10-29,16.5,73.5,33.86003875732422
2015-10-29,17.5,73.5,32.753841400146484
2015-10-29,17.5,74.5,32.66217803955078
2015-10-29,17.5,75.5,33.94227981567383
2015-10-29,18.5,73.5,32.55561065673828
2015-10-29,18.5,74.5,32.373756408691406
2015-10-29,18.5,75.5,33.563480377197266
2015-10-29,18.5,76.5,34.105621337890625
2015-10-29,18.5,77.5,33.955482482910156
2015-10-29,19.5,73.5,32.75264358520508
2015-10-29,19.5,74.5,32.247676849365234
2015-10-29,19.5,75.5,32.70896530151367
2015-10-29,19.5,76.5,33.83631134033203
2015-10-29,19.5,77.5,33.64638900756836
2015-10-29,19.5,80.5,31.191518783569336
2015-10-29,20.5,73.5,32.86210632324219
2015-10-29,20.5,74.5,31.660707473754883
2015-10-29,20.5,75.5,32.36720275878906
2015-10-29,20.5,76.5,31.847637176513672
2015-10-29,20.5,77.5,31.849716186523438
2015-10-29,20.5,78.5,31.725902557373047
2015-10-29,20.5,79.5,30.21900177001953
2015-10-29,20.5,80.5,29.346439361572266
2015-10-29,21.5,74.5,32.5086669921875
2015-10-29,21.5,78.5,27.426084518432617
2015-10-29,21.5,79.5,25.335058212280273
2015-10-30,16.5,73.5,34.10212707519531
2015-10-30,17.5,73.5,33.0260124206543
2015-10-30,17.5,74.5,32.8390998840332
2015-10-30,17.5,75.5,33.77201843261719
2015-10-30,18.5,73.5,33.17142105102539
2015-10-30,18.5,74.5,32.72744369506836
2015-10-30,18.5,75.5,33.69218444824219
2015-10-30,18.5,76.5,33.18034744262695
2015-10-30,18.5,77.5,33.021087646484375
2015-10-30,19.5,73.5,33.36997604370117
2015-10-30,19.5,74.5,32.61578369140625
2015-10-30,19.5,75.5,32.3599853515625
2015-10-30,19.5,76.5,32.7768440246582
2015-10-30,19.5,77.5,31.717729568481445
2015-10-30,19.5,80.5,30.275672912597656
2015-10-30,20.5,73.5,33.31461715698242
2015-10-30,20.5,74.5,31.991849899291992
2015-10-30,20.5,75.5,31.60323715209961
2015-10-30,20.5,76.5,31.036556243896484
2015-10-30,20.5,77.5,30.432964324951172
2015-10-30,20.5,78.5,30.690288543701172
2015-10-30,20.5,79.5,29.53795623779297
2015-10-30,20.5,80.5,29.14442253112793
2015-10-30,21.5,74.5,32.14698028564453
2015-10-30,21.5,78.5,27.30620574951172
2015-10-30,21.5,79.5,26.967058181762695
2015-10-31,16.5,73.5,34.519527435302734
2015-10-31,17.5,73.5,33.50843048095703
2015-10-31,17.5,74.5,33.25567626953125
2015-10-31,17.5,75.5,33.68080139160156
2015-10-31,18.5,73.5,33.384849548339844
2015-10-31,18.5,74.5,32.66699981689453
2015-10-31,18.5,75.5,33.161827087402344
2015-10-31,18.5,76.5,32.86251449584961
2015-10-31,18.5,77.5,33.20742416381836
2015-10-31,19.5,73.5,33.534576416015625
2015-10-31,19.5,74.5,32.15153884887695
2015-10-31,19.5,75.5,31.67403221130371
2015-10-31,19.5,76.5,32.20940017700195
2015-10-31,19.5,77.5,32.215450286865234
2015-10-31,19.5,80.5,30.364273071289062
2015-10-31,20.5,73.5,32.976863861083984
2015-10-31,20.5,74.5,31.6373233795166
2015-10-31,20.5,75.5,31.108110427856445
2015-10-31,20.5,76.5,30.676223754882812
2015-10-31,20.5,77.5,30.665447235107422
2015-10-31,20.5,78.5,31.1765079498291
2015-10-31,20.5,79.5,30.472267150878906
2015-10-31,20.5,80.5,30.07172966003418
2015-10-31,21.5,74.5,31.64620018005371
2015-10-31,21.5,78.5,28.224956512451172
2015-10-31,21.5,79.5,28.05984878540039
2015-11-01,16.5,73.5,34.23042678833008
2015-11-01,17.5,73.5,33.478118896484375
2015-11-01,17.5,74.5,33.184696197509766
2015-11-01,17.5,75.5,33.58647537231445
2015-11-01,18.5,73.5,33.55838394165039
2015-11-01,18.5,74.5,32.81912612915039
2015-11-01,18.5,75.5,33.50204849243164
2015-11-01,18.5,76.5,33.559059143066406
2015-11-01,18.5,77.5,32.974857330322266
2015-11-01,19.5,73.5,34.22569274902344
2015-11-01,19.5,74.5,32.976356506347656
2015-11-01,19.5,75.5,32.41313552856445
2015-11-01,19.5,76.5,32.81993865966797
2015-11-01,19.5,77.5,32.542083740234375
2015-11-01,19.5,80.5,30.831928253173828
2015-11-01,20.5,73.5,34.196170806884766
2015-11-01,20.5,74.5,32.894744873046875
2015-11-01,20.5,75.5,32.11057662963867
2015-11-01,20.5,76.5,31.83420181274414
2015-11-01,20.5,77.5,31.304203033447266
2015-11-01,20.5,78.5,31.48472785949707
2015-11-01,20.5,79.5,30.732471466064453
2015-11-01,20.5,80.5,30.567413330078125
2015-11-01,21.5,74.5,33.70647048950195
2015-11-01,21.5,78.5,29.640697479248047
2015-11-01,21.5,79.5,29.692739486694336
2015-11-02,16.5,73.5,33.91393280029297
2015-11-02,17.5,73.5,33.2033576965332
2015-11-02,17.5,74.5,32.91150665283203
2015-11-02,17.5,75.5,33.309444427490234
2015-11-02,18.5,73.5,33.728126525878906
2015-11-02,18.5,74.5,32.828147888183594
2015-11-02,18.5,75.5,33.54176330566406
2015-11-02,18.5,76.5,33.66538619995117
2015-11-02,18.5,77.5,33.50321578979492
2015-11-02,19.5,73.5,34.45098876953125
2015-11-02,19.5,74.5,33.211524963378906
2015-11-02,19.5,75.5,32.975162506103516
2015-11-02,19.5,76.5,33.3377571105957
2015-11-02,19.5,77.5,33.271480560302734
2015-11-02,19.5,80.5,31.569467544555664
2015-11-02,20.5,73.5,34.924617767333984
2015-11-02,20.5,74.5,33.379638671875
2015-11-02,20.5,75.5,32.931121826171875
2015-11-02,20.5,76.5,32.486576080322266
2015-11-02,20.5,77.5,32.39760208129883
2015-11-02,20.5,78.5,32.65385437011719
2015-11-02,20.5,79.5,31.893407821655273
2015-11-02,20.5,80.5,31.36433219909668
2015-11-02,21.5,74.5,34.22500991821289
2015-11-02,21.5,78.5,30.27212905883789
2015-11-02,21.5,79.5,30.137054443359375
2015-11-03,16.5,73.5,33.69587707519531
2015-11-03,17.5,73.5,32.76007080078125
2015-11-03,17.5,74.5,32.894874572753906
2015-11-03,17.5,75.5,33.888641357421875
2015-11-03,18.5,73.5,32.848655700683594
2015-11-03,18.5,74.5,32.66283416748047
2015-11-03,18.5,75.5,34.01459503173828
2015-11-03,18.5,76.5,33.658164978027344
2015-11-03,18.5,77.5,33.347991943359375
2015-11-03,19.5,73.5,33.46131896972656
2015-11-03,19.5,74.5,32.391483306884766
2015-11-03,19.5,75.5,33.4754753112793
2015-11-03,19.5,76.5,33.45482635498047
2015-11-03,19.5,77.5,33.389766693115234
2015-11-03,19.5,80.5,31.926219940185547
2015-11-03,20.5,73.5,34.5104866027832
2015-11-03,20.5,74.5,33.342769622802734
2015-11-03,20.5,75.5,33.46323013305664
2015-11-03,20.5,76.5,33.21782302856445
2015-11-03,20.5,77.5,32.30816650390625
2015-11-03,20.5,78.5,32.562469482421875
2015-11-03,20.5,79.5,32.069984436035156
2015-11-03,20.5,80.5,32.183475494384766
2015-11-03,21.5,74.5,34.337196350097656
2015-11-03,21.5,78.5,30.903112411499023
2015-11-03,21.5,79.5,30.870681762695312
2015-11-04,16.5,73.5,33.55579376220703
2015-11-04,17.5,73.5,32.233482360839844
2015-11-04,17.5,74.5,32.28678894042969
2015-11-04,17.5,75.5,33.347049713134766
2015-11-04,18.5,73.5,32.950016021728516
2015-11-04,18.5,74.5,32.244911193847656
2015-11-04,18.5,75.5,34.09510803222656
2015-11-04,18.5,76.5,34.50498580932617
2015-11-04,18.5,77.5,33.94545364379883
2015-11-04,19.5,73.5,33.909332275390625
2015-11-04,19.5,74.5,33.11347198486328
2015-11-04,19.5,75.5,34.03952407836914
2015-11-04,19.5,76.5,34.36555099487305
2015-11-04,19.5,77.5,34.010860443115234
2015-11-04,19.5,80.5,32.26765823364258
2015-11-04,20.5,73.5,35.32774353027344
2015-11-04,20.5,74.5,34.05937957763672
2015-11-04,20.5,75.5,34.23829650878906
2015-11-04,20.5,76.5,33.98381423950195
2015-11-04,20.5,77.5,33.34526062011719
2015-11-04,20.5,78.5,33.51667785644531
2015-11-04,20.5,79.5,32.77743148803711
2015-11-04,20.5,80.5,32.17998504638672
2015-11-04,21.5,74.5,35.469207763671875
2015-11-04,21.5,78.5,31.559612274169922
2015-11-04,21.5,79.5,31.349552154541016
2015-11-05,16.5,73.5,33.82829666137695
2015-11-05,17.5,73.5,32.909828186035156
2015-11-05,17.5,74.5,32.555580139160156
2015-11-05,17.5,75.5,33.763267517089844
2015-11-05,18.5,73.5,33.3995246887207
2015-11-05,18.5,74.5,32.73326110839844
2015-11-05,18.5,75.5,34.166744232177734
2015-11-05,18.5,76.5,34.322166442871094
2015-11-05,18.5,77.5,34.10625457763672
2015-11-05,19.5,73.5,33.96425247192383
2015-11-05,19.5,74.5,33.36515426635742
2015-11-05,19.5,75.5,34.152774810791016
2015-11-05,19.5,76.5,34.48906707763672
2015-11-05,19.5,77.5,34.03948974609375
2015-11-05,19.5,80.5,32.65179443359375
2015-11-05,20.5,73.5,35.1436653137207
2015-11-05,20.5,74.5,33.8991813659668
2015-11-05,20.5,75.5,34.527099609375
2015-11-05,20.5,76.5,34.244754791259766
2015-11-05,20.5,77.5,33.645362854003906
2015-11-05,20.5,78.5,33.835147857666016
2015-11-05,20.5,79.5,33.023921966552734
2015-11-05,20.5,80.5,32.755401611328125
2015-11-05,21.5,74.5,35.27854919433594
2015-11-05,21.5,78.5,31.99300765991211
2015-11-05,21.5,79.5,31.831226348876953
2015-11-06,16.5,73.5,33.98807144165039
2015-11-06,17.5,73.5,32.89364242553711
2015-11-06,17.5,74.5,32.594337463378906
2015-11-06,17.5,75.5,33.57731246948242
2015-11-06,18.5,73.5,33.3232307434082
2015-11-06,18.5,74.5,32.639705657958984
2015-11-06,18.5,75.5,34.413211822509766
2015-11-06,18.5,76.5,34.517642974853516
2015-11-06,18.5,77.5,34.17268371582031
2015-11-06,19.5,73.5,34.20747375488281
2015-11-06,19.5,74.5,33.75233840942383
2015-11-06,19.5,75.5,34.18777084350586
2015-11-06,19.5,76.5,34.53981018066406
2015-11-06,19.5,77.5,34.530452728271484
2015-11-06,19.5,80.5,32.77374267578125
2015-11-06,20.5,73.5,35.331886291503906
2015-11-06,20.5,74.5,34.17921447753906
2015-11-06,20.5,75.5,34.54844284057617
2015-11-06,20.5,76.5,34.63429641723633
2015-11-06,20.5,77.5,34.492061614990234
2015-11-06,20.5,78.5,34.7774658203125
2015-11-06,20.5,79.5,33.92435073852539
2015-11-06,20.5,80.5,32.737815856933594
2015-11-06,21.5,74.5,35.398956298828125
2015-11-06,21.5,78.5,32.985782623291016
2015-11-06,21.5,79.5,32.49127197265625
2015-11-07,16.5,73.5,34.71110153198242
2015-11-07,17.5,73.5,33.54807662963867
2015-11-07,17.5,74.5,33.19440841674805
2015-11-07,17.5,75.5,33.64220428466797
2015-11-07,18.5,73.5,33.799659729003906
2015-11-07,18.5,74.5,33.144554138183594
2015-11-07,18.5,75.5,34.070072174072266
2015-11-07,18.5,76.5,34.35462951660156
2015-11-07,18.5,77.5,33.94205856323242
2015-11-07,19.5,73.5,34.708778381347656
2015-11-07,19.5,74.5,33.95200729370117
2015-11-07,19.5,75.5,34.1495361328125
2015-11-07,19.5,76.5,34.675575256347656
2015-11-07,19.5,77.5,34.769351959228516
2015-11-07,19.5,80.5,32.876033782958984
2015-11-07,20.5,73.5,35.51240539550781
2015-11-07,20.5,74.5,34.37267303466797
2015-11-07,20.5,75.5,34.61071014404297
2015-11-07,20.5,76.5,34.47209167480469
2015-11-07,20.5,77.5,34.280086517333984
2015-11-07,20.5,78.5,34.456024169921875
2015-11-07,20.5,79.5,33.606746673583984
2015-11-07,20.5,80.5,32.76692581176758
2015-11-07,21.5,74.5,35.3758659362793
2015-11-07,21.5,78.5,32.493228912353516
2015-11-07,21.5,79.5,32.193031311035156
2015-11-08,16.5,73.5,34.40786361694336
2015-11-08,17.5,73.5,33.448055267333984
2015-11-08,17.5,74.5,33.06245422363281
2015-11-08,17.5,75.5,33.63506317138672
2015-11-08,18.5,73.5,33.617618560791016
2015-11-08,18.5,74.5,33.0963020324707
2015-11-08,18.5,75.5,34.09266662597656
2015-11-08,18.5,76.5,34.38780212402344
2015-11-08,18.5,77.5,34.0734748840332
2015-11-08,19.5,73.5,34.09067153930664
2015-11-08,19.5,74.5,33.5289421081543
2015-11-08,19.5,75.5,33.80956268310547
2015-11-08,19.5,76.5,34.510162353515625
2015-11-08,19.5,77.5,34.4653205871582
2015-11-08,19.5,80.5,32.821495056152344
2015-11-08,20.5,73.5,34.79138946533203
2015-11-08,20.5,74.5,33.707332611083984
2015-11-08,20.5,75.5,34.20035934448242
2015-11-08,20.5,76.5,33.97181701660156
2015-11-08,20.5,77.5,33.677669525146484
2015-11-08,20.5,78.5,34.076202392578125
2015-11-08,20.5,79.5,33.09783172607422
2015-11-08,20.5,80.5,32.64201736450195
2015-11-08,21.5,74.5,34.813358306884766
2015-11-08,21.5,78.5,32.00737762451172
2015-11-08,21.5,79.5,31.87995147705078
2015-11-09,16.5,73.5,33.88483428955078
2015-11-09,17.5,73.5,32.47890853881836
2015-11-09,17.5,74.5,32.325462341308594
2015-11-09,17.5,75.5,32.523582458496094
2015-11-09,18.5,73.5,32.584754943847656
2015-11-09,18.5,74.5,32.17256164550781
2015-11-09,18.5,75.5,32.888004302978516
2015-11-09,18.5,76.5,32.638423919677734
2015-11-09,18.5,77.5,32.18022537231445
2015-11-09,19.5,73.5,33.3690299987793
2015-11-09,19.5,74.5,32.36500930786133
2015-11-09,19.5,75.5,32.754356384277344
2015-11-09,19.5,76.5,32.6381950378418
2015-11-09,19.5,77.5,32.753719329833984
2015-11-09,19.5,80.5,30.95283317565918
2015-11-09,20.5,73.5,34.082115173339844
2015-11-09,20.5,74.5,32.97850799560547
2015-11-09,20.5,75.5,32.89826965332031
2015-11-09,20.5,76.5,32.85197830200195
2015-11-09,20.5,77.5,32.43017578125
2015-11-09,20.5,78.5,32.5341911315918
2015-11-09,20.5,79.5,31.43809700012207
2015-11-09,20.5,80.5,31.37978744506836
2015-11-09,21.5,74.5,34.428279876708984
2015-11-09,21.5,78.5,30.98892593383789
2015-11-09,21.5,79.5,30.603782653808594
2015-11-10,16.5,73.5,32.78993606567383
2015-11-10,17.5,73.5,31.599172592163086
2015-11-10,17.5,74.5,31.32416343688965
2015-11-10,17.5,75.5,31.684982299804688
2015-11-10,18.5,73.5,31.889408111572266
2015-11-10,18.5,74.5,31.47948455810547
2015-11-10,18.5,75.5,32.321327209472656
2015-11-10,18.5,76.5,32.4795036315918
2015-11-10,18.5,77.5,31.570316314697266
2015-11-10,19.5,73.5,32.81806945800781
2015-11-10,19.5,74.5,32.17180633544922
2015-11-10,19.5,75.5,31.911846160888672
2015-11-10,19.5,76.5,32.35512924194336
2015-11-10,19.5,77.5,32.29507064819336
2015-11-10,19.5,80.5,30.618257522583008
2015-11-10,20.5,73.5,33.758697509765625
2015-11-10,20.5,74.5,32.543495178222656
2015-11-10,20.5,75.5,32.28400421142578
2015-11-10,20.5,76.5,32.32362747192383
2015-11-10,20.5,77.5,31.625452041625977
2015-11-10,20.5,78.5,31.88750457763672
2015-11-10,20.5,79.5,31.109851837158203
2015-11-10,20.5,80.5,30.704450607299805
2015-11-10,21.5,74.5,34.0807991027832
2015-11-10,21.5,78.5,30.56337547302246
2015-11-10,21.5,79.5,30.343061447143555
2015-11-11,16.5,73.5,33.33738327026367
2015-11-11,17.5,73.5,32.667198181152344
2015-11-11,17.5,74.5,32.39085388183594
2015-11-11,17.5,75.5,32.792484283447266
2015-11-11,18.5,73.5,33.19415283203125
2015-11-11,18.5,74.5,32.49006652832031
2015-11-11,18.5,75.5,33.06637954711914
2015-11-11,18.5,76.5,33.521446228027344
2015-11-11,18.5,77.5,33.15851974487305
2015-11-11,19.5,73.5,33.82796096801758
2015-11-11,19.5,74.5,32.952640533447266
2015-11-11,19.5,75.5,32.739192962646484
2015-11-11,19.5,76.5,33.19379806518555
2015-11-11,19.5,77.5,32.85490798950195
2015-11-11,19.5,80.5,31.533897399902344
2015-11-11,20.5,73.5,34.610382080078125
2015-11-11,20.5,74.5,33.446044921875
2015-11-11,20.5,75.5,32.95704650878906
2015-11-11,20.5,76.5,32.78524398803711
2015-11-11,20.5,77.5,32.12254333496094
2015-11-11,20.5,78.5,32.16813278198242
2015-11-11,20.5,79.5,31.689546585083008
2015-11-11,20.5,80.5,31.62229347229004
2015-11-11,21.5,74.5,34.144535064697266
2015-11-11,21.5,78.5,30.65865707397461
2015-11-11,21.5,79.5,30.813961029052734
2015-11-12,16.5,73.5,34.70144271850586
2015-11-12,17.5,73.5,33.825260162353516
2015-11-12,17.5,74.5,33.52906799316406
2015-11-12,17.5,75.5,33.820743560791016
2015-11-12,18.5,73.5,33.82616424560547
2015-11-12,18.5,74.5,33.275733947753906
2015-11-12,18.5,75.5,33.56577682495117
2015-11-12,18.5,76.5,34.16536331176758
2015-11-12,18.5,77.5,33.69751739501953
2015-11-12,19.5,73.5,34.478519439697266
2015-11-12,19.5,74.5,33.49254608154297
2015-11-12,19.5,75.5,33.1987419128418
2015-11-12,19.5,76.5,33.65965270996094
2015-11-12,19.5,77.5,33.17740249633789
2015-11-12,19.5,80.5,31.843399047851562
2015-11-12,20.5,73.5,34.9418830871582
2015-11-12,20.5,74.5,33.61809539794922
2015-11-12,20.5,75.5,33.30644226074219
2015-11-12,20.5,76.5,33.0909309387207
2015-11-12,20.5,77.5,32.3477783203125
2015-11-12,20.5,78.5,32.85068893432617
2015-11-12,20.5,79.5,31.905118942260742
2015-11-12,20.5,80.5,31.558414459228516
2015-11-12,21.5,74.5,34.490203857421875
2015-11-12,21.5,78.5,30.781309127807617
2015-11-12,21.5,79.5,31.003511428833008
2015-11-13,16.5,73.5,34.45775604248047
2015-11-13,17.5,73.5,33.47700881958008
2015-11-13,17.5,74.5,33.01136779785156
2015-11-13,17.5,75.5,33.70035171508789
2015-11-13,18.5,73.5,34.01076889038086
2015-11-13,18.5,74.5,33.08207321166992
2015-11-13,18.5,75.5,33.86332702636719
2015-11-13,18.5,76.5,33.907535552978516
2015-11-13,18.5,77.5,33.62944030761719
2015-11-13,19.5,73.5,34.64518737792969
2015-11-13,19.5,74.5,33.660404205322266
2015-11-13,19.5,75.5,33.595916748046875
2015-11-13,19.5,76.5,33.946739196777344
2015-11-13,19.5,77.5,33.81655502319336
2015-11-13,19.5,80.5,32.492000579833984
2015-11-13,20.5,73.5,35.47550582885742
2015-11-13,20.5,74.5,34.00424575805664
2015-11-13,20.5,75.5,33.89124298095703
2015-11-13,20.5,76.5,33.61532211303711
2015-11-13,20.5,77.5,33.16843032836914
2015-11-13,20.5,78.5,33.549495697021484
2015-11-13,20.5,79.5,32.56166076660156
2015-11-13,20.5,80.5,32.17380905151367
2015-11-13,21.5,74.5,35.00407409667969
2015-11-13,21.5,78.5,31.614120483398438
2015-11-13,21.5,79.5,31.44860076904297
2015-11-14,16.5,73.5,34.35648727416992
2015-11-14,17.5,73.5,33.099857330322266
2015-11-14,17.5,74.5,32.65195846557617
2015-11-14,17.5,75.5,33.218360900878906
2015-11-14,18.5,73.5,33.26762390136719
2015-11-14,18.5,74.5,32.652008056640625
2015-11-14,18.5,75.5,33.63140106201172
2015-11-14,18.5,76.5,33.62477493286133
2015-11-14,18.5,77.5,33.337825775146484
2015-11-14,19.5,73.5,33.97174835205078
2015-11-14,19.5,74.5,33.11214065551758
2015-11-14,19.5,75.5,33.373023986816406
2015-11-14,19.5,76.5,33.82604217529297
2015-11-14,19.5,77.5,33.58798599243164
2015-11-14,19.5,80.5,31.87099266052246
2015-11-14,20.5,73.5,34.58512878417969
2015-11-14,20.5,74.5,33.36789321899414
2015-11-14,20.5,75.5,33.71240234375
2015-11-14,20.5,76.5,33.4921875
2015-11-14,20.5,77.5,32.85619354248047
2015-11-14,20.5,78.5,33.21676254272461
2015-11-14,20.5,79.5,32.092411041259766
2015-11-14,20.5,80.5,31.627376556396484
2015-11-14,21.5,74.5,34.969181060791016
2015-11-14,21.5,78.5,31.2661190032959
2015-11-14,21.5,79.5,31.043638229370117
2015-11-15,16.5,73.5,34.3599739074707
2015-11-15,17.5,73.5,33.175113677978516
2015-11-15,17.5,74.5,32.663330078125
2015-11-15,17.5,75.5,33.50326156616211
2015-11-15,18.5,73.5,33.203372955322266
2015-11-15,18.5,74.5,32.63220977783203
2015-11-15,18.5,75.5,33.67391586303711
2015-11-15,18.5,76.5,33.93373107910156
2015-11-15,18.5,77.5,33.44580078125
2015-11-15,19.5,73.5,33.77011489868164
2015-11-15,19.5,74.5,32.83893585205078
2015-11-15,19.5,75.5,33.42893600463867
2015-11-15,19.5,76.5,33.752723693847656
2015-11-15,19.5,77.5,33.65813064575195
2015-11-15,19.5,80.5,32.32716369628906
2015-11-15,20.5,73.5,34.53570556640625
2015-11-15,20.5,74.5,33.3925666809082
2015-11-15,20.5,75.5,33.976158142089844
2015-11-15,20.5,76.5,33.70555114746094
2015-11-15,20.5,77.5,33.097476959228516
2015-11-15,20.5,78.5,33.44281768798828
2015-11-15,20.5,79.5,32.7890739440918
2015-11-15,20.5,80.5,32.51438903808594
2015-11-15,21.5,74.5,35.25264358520508
2015-11-15,21.5,78.5,31.870643615722656
2015-11-15,21.5,79.5,31.662736892700195
2015-11-16,16.5,73.5,33.67750930786133
2015-11-16,17.5,73.5,32.75572204589844
2015-11-16,17.5,74.5,32.480411529541016
2015-11-16,17.5,75.5,32.24952697753906
2015-11-16,18.5,73.5,33.092506408691406
2015-11-16,18.5,74.5,32.388206481933594
2015-11-16,18.5,75.5,32.97175598144531
2015-11-16,18.5,76.5,32.410606384277344
2015-11-16,18.5,77.5,31.47942543029785
2015-11-16,19.5,73.5,33.33843994140625
2015-11-16,19.5,74.5,32.65380859375
2015-11-16,19.5,75.5,33.11212921142578
2015-11-16,19.5,76.5,33.50199508666992
2015-11-16,19.5,77.5,33.373355865478516
2015-11-16,19.5,80.5,30.165634155273438
2015-11-16,20.5,73.5,33.965476989746094
2015-11-16,20.5,74.5,33.11958694458008
2015-11-16,20.5,75.5,33.5694694519043
2015-11-16,20.5,76.5,33.432044982910156
2015-11-16,20.5,77.5,32.94114303588867
2015-11-16,20.5,78.5,33.1806755065918
2015-11-16,20.5,79.5,32.00994110107422
2015-11-16,20.5,80.5,31.488428115844727
2015-11-16,21.5,74.5,34.31414794921875
2015-11-16,21.5,78.5,31.82217788696289
2015-11-16,21.5,79.5,31.72675323486328
2015-11-17,16.5,73.5,33.988731384277344
2015-11-17,17.5,73.5,32.672733306884766
2015-11-17,17.5,74.5,32.25972366333008
2015-11-17,17.5,75.5,33.137325286865234
2015-11-17,18.5,73.5,32.88983917236328
2015-11-17,18.5,74.5,32.33534240722656
2015-11-17,18.5,75.5,33.259796142578125
2015-11-17,18.5,76.5,33.10009765625
2015-11-17,18.5,77.5,31.957149505615234
2015-11-17,19.5,73.5,33.317352294921875
2015-11-17,19.5,74.5,32.427825927734375
2015-11-17,19.5,75.5,33.06536865234375
2015-11-17,19.5,76.5,33.23727035522461
2015-11-17,19.5,77.5,32.84765625
2015-11-17,19.5,80.5,28.89852523803711
2015-11-17,20.5,73.5,33.863677978515625
2015-11-17,20.5,74.5,32.73678970336914
2015-11-17,20.5,75.5,33.20278549194336
2015-11-17,20.5,76.5,33.131553649902344
2015-11-17,20.5,77.5,32.3922233581543
2015-11-17,20.5,78.5,32.634986877441406
2015-11-17,20.5,79.5,31.74751091003418
2015-11-17,20.5,80.5,30.0205020904541
2015-11-17,21.5,74.5,34.07207107543945
2015-11-17,21.5,78.5,31.203359603881836
2015-11-17,21.5,79.5,31.08433723449707
2015-11-18,16.5,73.5,33.437660217285156
2015-11-18,17.5,73.5,32.38742446899414
2015-11-18,17.5,74.5,31.902137756347656
2015-11-18,17.5,75.5,32.516109466552734
2015-11-18,18.5,73.5,32.88771057128906
2015-11-18,18.5,74.5,31.877662658691406
2015-11-18,18.5,75.5,32.522254943847656
2015-11-18,18.5,76.5,32.55806350708008
2015-11-18,18.5,77.5,31.979116439819336
2015-11-18,19.5,73.5,33.32442092895508
2015-11-18,19.5,74.5,32.069007873535156
2015-11-18,19.5,75.5,32.17863464355469
2015-11-18,19.5,76.5,32.307228088378906
2015-11-18,19.5,77.5,32.24907684326172
2015-11-18,19.5,80.5,29.938522338867188
2015-11-18,20.5,73.5,33.969913482666016
2015-11-18,20.5,74.5,32.83637619018555
2015-11-18,20.5,75.5,32.21094512939453
2015-11-18,20.5,76.5,31.986162185668945
2015-11-18,20.5,77.5,31.48146629333496
2015-11-18,20.5,78.5,31.668149948120117
2015-11-18,20.5,79.5,30.681407928466797
2015-11-18,20.5,80.5,30.315214157104492
2015-11-18,21.5,74.5,33.54160690307617
2015-11-18,21.5,78.5,29.84395980834961
2015-11-18,21.5,79.5,29.63563346862793
2015-11-19,16.5,73.5,33.20115661621094
2015-11-19,17.5,73.5,32.05162811279297
2015-11-19,17.5,74.5,31.655057907104492
2015-11-19,17.5,75.5,32.1522102355957
2015-11-19,18.5,73.5,32.114986419677734
2015-11-19,18.5,74.5,31.22214126586914
2015-11-19,18.5,75.5,32.09443283081055
2015-11-19,18.5,76.5,32.23096466064453
2015-11-19,18.5,77.5,31.986385345458984
2015-11-19,19.5,73.5,32.45304870605469
2015-11-19,19.5,74.5,31.360637664794922
2015-11-19,19.5,75.5,31.186697006225586
2015-11-19,19.5,76.5,31.804380416870117
2015-11-19,19.5,77.5,31.911954879760742
2015-11-19,19.5,80.5,30.32082176208496
2015-11-19,20.5,73.5,33.069190979003906
2015-11-19,20.5,74.5,31.58884048461914
2015-11-19,20.5,75.5,31.185632705688477
2015-11-19,20.5,76.5,31.088600158691406
2015-11-19,20.5,77.5,30.86013412475586
2015-11-19,20.5,78.5,31.439491271972656
2015-11-19,20.5,79.5,30.69794464111328
2015-11-19,20.5,80.5,30.631803512573242
2015-11-19,21.5,74.5,32.49468231201172
2015-11-19,21.5,78.5,29.549264907836914
2015-11-19,21.5,79.5,29.750974655151367
2015-11-20,16.5,73.5,32.046775817871094
2015-11-20,17.5,73.5,30.828041076660156
2015-11-20,17.5,74.5,30.43394660949707
2015-11-20,17.5,75.5,30.49362564086914
2015-11-20,18.5,73.5,31.8990421295166
2015-11-20,18.5,74.5,30.58651351928711
2015-11-20,18.5,75.5,30.864498138427734
2015-11-20,18.5,76.5,30.711261749267578
2015-11-20,18.5,77.5,30.441125869750977
2015-11-20,19.5,73.5,32.89948272705078
2015-11-20,19.5,74.5,31.792749404907227
2015-11-20,19.5,75.5,31.485435485839844
2015-11-20,19.5,76.5,31.52377700805664
2015-11-20,19.5,77.5,31.806766510009766
2015-11-20,19.5,80.5,30.2851505279541
2015-11-20,20.5,73.5,33.70992660522461
2015-11-20,20.5,74.5,32.40000534057617
2015-11-20,20.5,75.5,31.6563720703125
2015-11-20,20.5,76.5,31.618452072143555
2015-11-20,20.5,77.5,31.303367614746094
2015-11-20,20.5,78.5,31.745407104492188
2015-11-20,20.5,79.5,30.942928314208984
2015-11-20,20.5,80.5,30.718042373657227
2015-11-20,21.5,74.5,32.877864837646484
2015-11-20,21.5,78.5,29.882474899291992
2015-11-20,21.5,79.5,29.937307357788086
2015-11-21,16.5,73.5,31.725154876708984
2015-11-21,17.5,73.5,30.378772735595703
2015-11-21,17.5,74.5,30.049530029296875
2015-11-21,17.5,75.5,30.33125877380371
2015-11-21,18.5,73.5,31.326757431030273
2015-11-21,18.5,74.5,30.099361419677734
2015-11-21,18.5,75.5,30.48103904724121
2015-11-21,18.5,76.5,31.100608825683594
2015-11-21,18.5,77.5,31.177387237548828
2015-11-21,19.5,73.5,32.66883850097656
2015-11-21,19.5,74.5,31.485652923583984
2015-11-21,19.5,75.5,31.334941864013672
2015-11-21,19.5,76.5,31.722957611083984
2015-11-21,19.5,77.5,31.995512008666992
2015-11-21,19.5,80.5,31.003793716430664
2015-11-21,20.5,73.5,33.64453887939453
2015-11-21,20.5,74.5,32.42937088012695
2015-11-21,20.5,75.5,31.868093490600586
2015-11-21,20.5,76.5,32.12413024902344
2015-11-21,20.5,77.5,31.58879280090332
2015-11-21,20.5,78.5,32.17072296142578
2015-11-21,20.5,79.5,31.36132049560547
2015-11-21,20.5,80.5,31.032304763793945
2015-11-21,21.5,74.5,33.194766998291016
2015-11-21,21.5,78.5,30.6118106842041
2015-11-21,21.5,79.5,30.5540714263916
2015-11-22,16.5,73.5,32.76803207397461
2015-11-22,17.5,73.5,31.489395141601562
2015-11-22,17.5,74.5,31.07333755493164
2015-11-22,17.5,75.5,31.460041046142578
2015-11-22,18.5,73.5,31.277816772460938
2015-11-22,18.5,74.5,30.609033584594727
2015-11-22,18.5,75.5,31.7501163482666
2015-11-22,18.5,76.5,31.996604919433594
2015-11-22,18.5,77.5,32.15830993652344
2015-11-22,19.5,73.5,31.98350715637207
2015-11-22,19.5,74.5,31.444578170776367
2015-11-22,19.5,75.5,31.67017936706543
2015-11-22,19.5,76.5,32.11812973022461
2015-11-22,19.5,77.5,32.672515869140625
2015-11-22,19.5,80.5,31.235979080200195
2015-11-22,20.5,73.5,32.75252151489258
2015-11-22,20.5,74.5,31.594772338867188
2015-11-22,20.5,75.5,32.03905487060547
2015-11-22,20.5,76.5,32.18396759033203
2015-11-22,20.5,77.5,32.01980972290039
2015-11-22,20.5,78.5,32.571197509765625
2015-11-22,20.5,79.5,31.661531448364258
2015-11-22,20.5,80.5,31.137767791748047
2015-11-22,21.5,74.5,32.2543830871582
2015-11-22,21.5,78.5,30.46734046936035
2015-11-22,21.5,79.5,30.341129302978516
2015-11-23,16.5,73.5,32.33495330810547
2015-11-23,17.5,73.5,31.20185089111328
2015-11-23,17.5,74.5,30.56454086303711
2015-11-23,17.5,75.5,31.1392822265625
2015-11-23,18.5,73.5,31.03038787841797
2015-11-23,18.5,74.5,30.07151222229004
2015-11-23,18.5,75.5,31.117115020751953
2015-11-23,18.5,76.5,31.90577507019043
2015-11-23,18.5,77.5,32.444068908691406
2015-11-23,19.5,73.5,31.477691650390625
2015-11-23,19.5,74.5,30.41054916381836
2015-11-23,19.5,75.5,30.714080810546875
2015-11-23,19.5,76.5,31.764923095703125
2015-11-23,19.5,77.5,32.2807502746582
2015-11-23,19.5,80.5,31.44387435913086
2015-11-23,20.5,73.5,31.998685836791992
2015-11-23,20.5,74.5,30.562917709350586
2015-11-23,20.5,75.5,30.958993911743164
2015-11-23,20.5,76.5,31.31577491760254
2015-11-23,20.5,77.5,31.740478515625
2015-11-23,20.5,78.5,32.17761993408203
2015-11-23,20.5,79.5,31.583984375
2015-11-23,20.5,80.5,31.094030380249023
2015-11-23,21.5,74.5,31.333581924438477
2015-11-23,21.5,78.5,30.358692169189453
2015-11-23,21.5,79.5,30.55047035217285
2015-11-24,16.5,73.5,30.873516082763672
2015-11-24,17.5,73.5,29.738086700439453
2015-11-24,17.5,74.5,29.325271606445312
2015-11-24,17.5,75.5,30.743873596191406
2015-11-24,18.5,73.5,30.15516471862793
2015-11-24,18.5,74.5,29.542999267578125
2015-11-24,18.5,75.5,31.154420852661133
2015-11-24,18.5,76.5,32.532127380371094
2015-11-24,18.5,77.5,32.71227264404297
2015-11-24,19.5,73.5,31.03545379638672
2015-11-24,19.5,74.5,30.24146842956543
2015-11-24,19.5,75.5,30.93460464477539
2015-11-24,19.5,76.5,32.004913330078125
2015-11-24,19.5,77.5,32.511531829833984
2015-11-24,19.5,80.5,31.322620391845703
2015-11-24,20.5,73.5,32.55033493041992
2015-11-24,20.5,74.5,31.32206153869629
2015-11-24,20.5,75.5,31.321813583374023
2015-11-24,20.5,76.5,31.619831085205078
2015-11-24,20.5,77.5,31.643619537353516
2015-11-24,20.5,78.5,32.19135665893555
2015-11-24,20.5,79.5,31.50235939025879
2015-11-24,20.5,80.5,31.2855281829834
2015-11-24,21.5,74.5,32.300376892089844
2015-11-24,21.5,78.5,30.37333106994629
2015-11-24,21.5,79.5,30.214157104492188
2015-11-25,16.5,73.5,32.971038818359375
2015-11-25,17.5,73.5,31.683795928955078
2015-11-25,17.5,74.5,31.310190200805664
2015-11-25,17.5,75.5,32.084022521972656
2015-11-25,18.5,73.5,31.793012619018555
2015-11-25,18.5,74.5,31.14693832397461
2015-11-25,18.5,75.5,32.21767807006836
2015-11-25,18.5,76.5,32.626338958740234
2015-11-25,18.5,77.5,32.3720588684082
2015-11-25,19.5,73.5,32.81779098510742
2015-11-25,19.5,74.5,31.71379280090332
2015-11-25,19.5,75.5,32.06147003173828
2015-11-25,19.5,76.5,32.668941497802734
2015-11-25,19.5,77.5,32.76175308227539
2015-11-25,19.5,80.5,30.931581497192383
2015-11-25,20.5,73.5,33.682979583740234
2015-11-25,20.5,74.5,32.40822219848633
2015-11-25,20.5,75.5,32.204280853271484
2015-11-25,20.5,76.5,32.400047302246094
2015-11-25,20.5,77.5,32.330665588378906
2015-11-25,20.5,78.5,32.404685974121094
2015-11-25,20.5,79.5,31.643543243408203
2015-11-25,20.5,80.5,31.171659469604492
2015-11-25,21.5,74.5,33.388816833496094
2015-11-25,21.5,78.5,30.72015380859375
2015-11-25,21.5,79.5,30.576730728149414
2015-11-26,16.5,73.5,33.22227096557617
2015-11-26,17.5,73.5,31.923049926757812
2015-11-26,17.5,74.5,31.629741668701172
2015-11-26,17.5,75.5,32.489723205566406
2015-11-26,18.5,73.5,31.924074172973633
2015-11-26,18.5,74.5,31.597888946533203
2015-11-26,18.5,75.5,32.96332550048828
2015-11-26,18.5,76.5,33.351280212402344
2015-11-26,18.5,77.5,32.958229064941406
2015-11-26,19.5,73.5,32.73505401611328
2015-11-26,19.5,74.5,32.32954025268555
2015-11-26,19.5,75.5,32.91395568847656
2015-11-26,19.5,76.5,33.42566680908203
2015-11-26,19.5,77.5,33.41120910644531
2015-11-26,19.5,80.5,31.697542190551758
2015-11-26,20.5,73.5,33.709320068359375
2015-11-26,20.5,74.5,32.805084228515625
2015-11-26,20.5,75.5,33.265018463134766
2015-11-26,20.5,76.5,33.471920013427734
2015-11-26,20.5,77.5,33.027259826660156
2015-11-26,20.5,78.5,33.11804962158203
2015-11-26,20.5,79.5,32.17331314086914
2015-11-26,20.5,80.5,31.5814151763916
2015-11-26,21.5,74.5,34.04629135131836
2015-11-26,21.5,78.5,31.35094451904297
2015-11-26,21.5,79.5,30.975353240966797
2015-11-27,16.5,73.5,33.55796813964844
2015-11-27,17.5,73.5,32.03937911987305
2015-11-27,17.5,74.5,31.837406158447266
2015-11-27,17.5,75.5,33.506309509277344
2015-11-27,18.5,73.5,31.605854034423828
2015-11-27,18.5,74.5,31.444826126098633
2015-11-27,18.5,75.5,33.564083099365234
2015-11-27,18.5,76.5,34.08729553222656
2015-11-27,18.5,77.5,34.06892395019531
2015-11-27,19.5,73.5,31.338998794555664
2015-11-27,19.5,74.5,31.87136459350586
2015-11-27,19.5,75.5,33.337684631347656
2015-11-27,19.5,76.5,34.095542907714844
2015-11-27,19.5,77.5,33.95531463623047
2015-11-27,19.5,80.5,32.346214294433594
2015-11-27,20.5,73.5,31.963396072387695
2015-11-27,20.5,74.5,31.802648544311523
2015-11-27,20.5,75.5,32.43425750732422
2015-11-27,20.5,76.5,33.17644500732422
2015-11-27,20.5,77.5,33.028011322021484
2015-11-27,20.5,78.5,33.44721984863281
2015-11-27,20.5,79.5,32.62860870361328
2015-11-27,20.5,80.5,32.121299743652344
2015-11-27,21.5,74.5,31.534320831298828
2015-11-27,21.5,78.5,31.07217025756836
2015-11-27,21.5,79.5,31.285816192626953
2015-11-28,16.5,73.5,33.25475311279297
2015-11-28,17.5,73.5,32.01946258544922
2015-11-28,17.5,74.5,31.79973602294922
2015-11-28,17.5,75.5,33.01602554321289
2015-11-28,18.5,73.5,31.53270149230957
2015-11-28,18.5,74.5,31.498695373535156
2015-11-28,18.5,75.5,33.42512130737305
2015-11-28,18.5,76.5,33.79594421386719
2015-11-28,18.5,77.5,33.50395965576172
2015-11-28,19.5,73.5,31.436004638671875
2015-11-28,19.5,74.5,31.677047729492188
2015-11-28,19.5,75.5,32.86207580566406
2015-11-28,19.5,76.5,33.66004943847656
2015-11-28,19.5,77.5,33.65769958496094
2015-11-28,19.5,80.5,31.883224487304688
2015-11-28,20.5,73.5,31.32736587524414
2015-11-28,20.5,74.5,30.79328155517578
2015-11-28,20.5,75.5,32.146087646484375
2015-11-28,20.5,76.5,32.17641830444336
2015-11-28,20.5,77.5,32.56733322143555
2015-11-28,20.5,78.5,32.966026306152344
2015-11-28,20.5,79.5,31.88142204284668
2015-11-28,20.5,80.5,31.563873291015625
2015-11-28,21.5,74.5,30.083194732666016
2015-11-28,21.5,78.5,30.009920120239258
2015-11-28,21.5,79.5,30.24009895324707
2015-11-29,16.5,73.5,33.94658660888672
2015-11-29,17.5,73.5,32.66547775268555
2015-11-29,17.5,74.5,32.46181869506836
2015-11-29,17.5,75.5,33.21498107910156
2015-11-29,18.5,73.5,32.34772491455078
2015-11-29,18.5,74.5,32.141990661621094
2015-11-29,18.5,75.5,33.19248962402344
2015-11-29,18.5,76.5,33.44702911376953
2015-11-29,18.5,77.5,33.02129364013672
2015-11-29,19.5,73.5,32.72676086425781
2015-11-29,19.5,74.5,32.28721237182617
2015-11-29,19.5,75.5,33.06047058105469
2015-11-29,19.5,76.5,33.52801513671875
2015-11-29,19.5,77.5,33.112388610839844
2015-11-29,19.5,80.5,31.347110748291016
2015-11-29,20.5,73.5,32.46117401123047
2015-11-29,20.5,74.5,31.993337631225586
2015-11-29,20.5,75.5,33.12577438354492
2015-11-29,20.5,76.5,33.29034423828125
2015-11-29,20.5,77.5,32.810855865478516
2015-11-29,20.5,78.5,32.73442077636719
2015-11-29,20.5,79.5,31.580245971679688
2015-11-29,20.5,80.5,31.406627655029297
2015-11-29,21.5,74.5,32.25228500366211
2015-11-29,21.5,78.5,30.853742599487305
2015-11-29,21.5,79.5,30.865482330322266
2015-11-30,16.5,73.5,33.054508209228516
2015-11-30,17.5,73.5,32.039974212646484
2015-11-30,17.5,74.5,31.81962776184082
2015-11-30,17.5,75.5,32.397979736328125
2015-11-30,18.5,73.5,32.74073028564453
2015-11-30,18.5,74.5,32.05496597290039
2015-11-30,18.5,75.5,32.282936096191406
2015-11-30,18.5,76.5,32.49839782714844
2015-11-30,18.5,77.5,31.873737335205078
2015-11-30,19.5,73.5,33.85150909423828
2015-11-30,19.5,74.5,32.742557525634766
2015-11-30,19.5,75.5,32.91178894042969
2015-11-30,19.5,76.5,32.804664611816406
2015-11-30,19.5,77.5,32.24995803833008
2015-11-30,19.5,80.5,30.257081985473633
2015-11-30,20.5,73.5,34.762367248535156
2015-11-30,20.5,74.5,33.576393127441406
2015-11-30,20.5,75.5,33.341766357421875
2015-11-30,20.5,76.5,33.08549499511719
2015-11-30,20.5,77.5,32.814720153808594
2015-11-30,20.5,78.5,32.675987243652344
2015-11-30,20.5,79.5,31.043262481689453
2015-11-30,20.5,80.5,30.972393035888672
2015-11-30,21.5,74.5,33.98862838745117
2015-11-30,21.5,78.5,31.28135108947754
2015-11-30,21.5,79.5,31.12700653076172
2015-12-01,16.5,73.5,33.56258010864258
2015-12-01,17.5,73.5,32.263973236083984
2015-12-01,17.5,74.5,32.20962905883789
2015-12-01,17.5,75.5,32.550079345703125
2015-12-01,18.5,73.5,32.55638885498047
2015-12-01,18.5,74.5,31.91218376159668
2015-12-01,18.5,75.5,32.507259368896484
2015-12-01,18.5,76.5,33.06235885620117
2015-12-01,18.5,77.5,32.221920013427734
2015-12-01,19.5,73.5,33.20697021484375
2015-12-01,19.5,74.5,32.31167221069336
2015-12-01,19.5,75.5,32.84765625
2015-12-01,19.5,76.5,33.03907775878906
2015-12-01,19.5,77.5,32.71461868286133
2015-12-01,19.5,80.5,31.52730941772461
2015-12-01,20.5,73.5,33.35708999633789
2015-12-01,20.5,74.5,32.620933532714844
2015-12-01,20.5,75.5,33.2495002746582
2015-12-01,20.5,76.5,33.07881164550781
2015-12-01,20.5,77.5,32.6839599609375
2015-12-01,20.5,78.5,32.82416915893555
2015-12-01,20.5,79.5,31.86783790588379
2015-12-01,20.5,80.5,31.746471405029297
2015-12-01,21.5,74.5,33.7119026184082
2015-12-01,21.5,78.5,31.335735321044922
2015-12-01,21.5,79.5,31.60460090637207
2015-12-02,16.5,73.5,33.947452545166016
2015-12-02,17.5,73.5,32.244144439697266
2015-12-02,17.5,74.5,32.24657440185547
2015-12-02,17.5,75.5,32.38968276977539
2015-12-02,18.5,73.5,32.378021240234375
2015-12-02,18.5,74.5,31.731948852539062
2015-12-02,18.5,75.5,32.37486267089844
2015-12-02,18.5,76.5,32.45167922973633
2015-12-02,18.5,77.5,31.794361114501953
2015-12-02,19.5,73.5,32.90848922729492
2015-12-02,19.5,74.5,31.917695999145508
2015-12-02,19.5,75.5,32.9073371887207
2015-12-02,19.5,76.5,33.065704345703125
2015-12-02,19.5,77.5,33.02381134033203
2015-12-02,19.5,80.5,30.44464874267578
2015-12-02,20.5,73.5,32.893558502197266
2015-12-02,20.5,74.5,32.20073318481445
2015-12-02,20.5,75.5,32.903297424316406
2015-12-02,20.5,76.5,32.87095642089844
2015-12-02,20.5,77.5,32.462982177734375
2015-12-02,20.5,78.5,33.02825927734375
2015-12-02,20.5,79.5,31.489904403686523
2015-12-02,20.5,80.5,31.024932861328125
2015-12-02,21.5,74.5,32.643699645996094
2015-12-02,21.5,78.5,31.093420028686523
2015-12-02,21.5,79.5,31.23088836669922
2015-12-03,16.5,73.5,33.60186767578125
2015-12-03,17.5,73.5,32.060611724853516
2015-12-03,17.5,74.5,31.639751434326172
2015-12-03,17.5,75.5,32.54954147338867
2015-12-03,18.5,73.5,31.914669036865234
2015-12-03,18.5,74.5,31.41521644592285
2015-12-03,18.5,75.5,32.24513626098633
2015-12-03,18.5,76.5,32.725975036621094
2015-12-03,18.5,77.5,32.523956298828125
2015-12-03,19.5,73.5,32.38923645019531
2015-12-03,19.5,74.5,31.179180145263672
2015-12-03,19.5,75.5,31.71774673461914
2015-12-03,19.5,76.5,32.50872802734375
2015-12-03,19.5,77.5,32.85643768310547
2015-12-03,19.5,80.5,31.984004974365234
2015-12-03,20.5,73.5,32.35520553588867
2015-12-03,20.5,74.5,31.084083557128906
2015-12-03,20.5,75.5,31.613046646118164
2015-12-03,20.5,76.5,31.468345642089844
2015-12-03,20.5,77.5,31.782278060913086
2015-12-03,20.5,78.5,32.432884216308594
2015-12-03,20.5,79.5,31.500934600830078
2015-12-03,20.5,80.5,30.952781677246094
2015-12-03,21.5,74.5,31.076818466186523
2015-12-03,21.5,78.5,29.769474029541016
2015-12-03,21.5,79.5,29.826475143432617
2015-12-04,16.5,73.5,34.089385986328125
2015-12-04,17.5,73.5,32.39960479736328
2015-12-04,17.5,74.5,32.29525375366211
2015-12-04,17.5,75.5,32.628456115722656
2015-12-04,18.5,73.5,32.153324127197266
2015-12-04,18.5,74.5,31.840303421020508
2015-12-04,18.5,75.5,32.444091796875
2015-12-04,18.5,76.5,32.81501770019531
2015-12-04,18.5,77.5,32.33443832397461
2015-12-04,19.5,73.5,32.722412109375
2015-12-04,19.5,74.5,31.409116744995117
2015-12-04,19.5,75.5,32.204376220703125
2015-12-04,19.5,76.5,32.34119415283203
2015-12-04,19.5,77.5,32.17242431640625
2015-12-04,19.5,80.5,30.817943572998047
2015-12-04,20.5,73.5,32.67443084716797
2015-12-04,20.5,74.5,31.519678115844727
2015-12-04,20.5,75.5,31.56964683532715
2015-12-04,20.5,76.5,31.446685791015625
2015-12-04,20.5,77.5,30.938182830810547
2015-12-04,20.5,78.5,31.199260711669922
2015-12-04,20.5,79.5,29.965608596801758
2015-12-04,20.5,80.5,29.849857330322266
2015-12-04,21.5,74.5,31.695106506347656
2015-12-04,21.5,78.5,28.2135066986084
2015-12-04,21.5,79.5,28.428325653076172
2015-12-05,16.5,73.5,34.02004623413086
2015-12-05,17.5,73.5,32.284427642822266
2015-12-05,17.5,74.5,32.05233383178711
2015-12-05,17.5,75.5,32.224525451660156
2015-12-05,18.5,73.5,32.174495697021484
2015-12-05,18.5,74.5,31.647541046142578
2015-12-05,18.5,75.5,32.277530670166016
2015-12-05,18.5,76.5,32.42816162109375
2015-12-05,18.5,77.5,32.13239669799805
2015-12-05,19.5,73.5,32.86553192138672
2015-12-05,19.5,74.5,31.64632225036621
2015-12-05,19.5,75.5,32.00486755371094
2015-12-05,19.5,76.5,32.32662582397461
2015-12-05,19.5,77.5,32.283203125
2015-12-05,19.5,80.5,30.65597915649414
2015-12-05,20.5,73.5,32.937042236328125
2015-12-05,20.5,74.5,31.659812927246094
2015-12-05,20.5,75.5,31.783470153808594
2015-12-05,20.5,76.5,31.8387393951416
2015-12-05,20.5,77.5,31.37891387939453
2015-12-05,20.5,78.5,31.327884674072266
2015-12-05,20.5,79.5,30.590681076049805
2015-12-05,20.5,80.5,30.394981384277344
2015-12-05,21.5,74.5,32.270023345947266
2015-12-05,21.5,78.5,29.271442413330078
2015-12-05,21.5,79.5,29.438671112060547
2015-12-06,16.5,73.5,33.567081451416016
2015-12-06,17.5,73.5,32.102195739746094
2015-12-06,17.5,74.5,31.833740234375
2015-12-06,17.5,75.5,32.079803466796875
2015-12-06,18.5,73.5,32.48963165283203
2015-12-06,18.5,74.5,31.516626358032227
2015-12-06,18.5,75.5,31.99351692199707
2015-12-06,18.5,76.5,32.31360626220703
2015-12-06,18.5,77.5,31.726659774780273
2015-12-06,19.5,73.5,33.08041763305664
2015-12-06,19.5,74.5,32.07888412475586
2015-12-06,19.5,75.5,31.899002075195312
2015-12-06,19.5,76.5,32.1705322265625
2015-12-06,19.5,77.5,32.25538635253906
2015-12-06,19.5,80.5,30.43304443359375
2015-12-06,20.5,73.5,33.574710845947266
2015-12-06,20.5,74.5,32.29125213623047
2015-12-06,20.5,75.5,32.06169891357422
2015-12-06,20.5,76.5,32.096839904785156
2015-12-06,20.5,77.5,31.58873176574707
2015-12-06,20.5,78.5,31.673999786376953
2015-12-06,20.5,79.5,30.69515037536621
2015-12-06,20.5,80.5,30.390417098999023
2015-12-06,21.5,74.5,32.89856719970703
2015-12-06,21.5,78.5,29.788175582885742
2015-12-06,21.5,79.5,29.475067138671875
2015-12-07,16.5,73.5,33.126277923583984
2015-12-07,17.5,73.5,31.72237777709961
2015-12-07,17.5,74.5,31.3746337890625
2015-12-07,17.5,75.5,31.461488723754883
2015-12-07,18.5,73.5,32.145042419433594
2015-12-07,18.5,74.5,31.023723602294922
2015-12-07,18.5,75.5,31.93779182434082
2015-12-07,18.5,76.5,32.059471130371094
2015-12-07,18.5,77.5,31.828487396240234
2015-12-07,19.5,73.5,33.213714599609375
2015-12-07,19.5,74.5,32.227867126464844
2015-12-07,19.5,75.5,32.00001525878906
2015-12-07,19.5,76.5,32.59572219848633
2015-12-07,19.5,77.5,32.55605697631836
2015-12-07,19.5,80.5,30.595203399658203
2015-12-07,20.5,73.5,33.66926574707031
2015-12-07,20.5,74.5,32.851097106933594
2015-12-07,20.5,75.5,32.35944747924805
2015-12-07,20.5,76.5,32.42304229736328
2015-12-07,20.5,77.5,32.120967864990234
2015-12-07,20.5,78.5,32.19699478149414
2015-12-07,20.5,79.5,30.88356590270996
2015-12-07,20.5,80.5,30.11021614074707
2015-12-07,21.5,74.5,32.79500961303711
2015-12-07,21.5,78.5,30.010190963745117
2015-12-07,21.5,79.5,29.60491371154785
2015-12-08,16.5,73.5,33.76417541503906
2015-12-08,17.5,73.5,32.11964797973633
2015-12-08,17.5,74.5,31.636917114257812
2015-12-08,17.5,75.5,32.1323127746582
2015-12-08,18.5,73.5,32.45338821411133
2015-12-08,18.5,74.5,31.387922286987305
2015-12-08,18.5,75.5,32.34746170043945
2015-12-08,18.5,76.5,32.13037109375
2015-12-08,18.5,77.5,32.05564880371094
2015-12-08,19.5,73.5,33.43758773803711
2015-12-08,19.5,74.5,32.23358917236328
2015-12-08,19.5,75.5,31.892192840576172
2015-12-08,19.5,76.5,32.30784225463867
2015-12-08,19.5,77.5,32.276363372802734
2015-12-08,19.5,80.5,30.207496643066406
2015-12-08,20.5,73.5,33.739383697509766
2015-12-08,20.5,74.5,32.687896728515625
2015-12-08,20.5,75.5,32.14925765991211
2015-12-08,20.5,76.5,32.0897102355957
2015-12-08,20.5,77.5,31.609874725341797
2015-12-08,20.5,78.5,31.86493492126465
2015-12-08,20.5,79.5,30.774335861206055
2015-12-08,20.5,80.5,30.17693328857422
2015-12-08,21.5,74.5,32.731201171875
2015-12-08,21.5,78.5,30.047950744628906
2015-12-08,21.5,79.5,29.859466552734375
2015-12-09,16.5,73.5,34.087711334228516
2015-12-09,17.5,73.5,32.45486831665039
2015-12-09,17.5,74.5,32.10490036010742
2015-12-09,17.5,75.5,32.59280014038086
2015-12-09,18.5,73.5,32.48063659667969
2015-12-09,18.5,74.5,31.769119262695312
2015-12-09,18.5,75.5,32.63325500488281
2015-12-09,18.5,76.5,32.26709747314453
2015-12-09,18.5,77.5,32.2874755859375
2015-12-09,19.5,73.5,33.47391891479492
2015-12-09,19.5,74.5,32.3724250793457
2015-12-09,19.5,75.5,32.317745208740234
2015-12-09,19.5,76.5,32.790748596191406
2015-12-09,19.5,77.5,32.4926643371582
2015-12-09,19.5,80.5,30.702526092529297
2015-12-09,20.5,73.5,33.31989669799805
2015-12-09,20.5,74.5,32.584407806396484
2015-12-09,20.5,75.5,32.27902603149414
2015-12-09,20.5,76.5,32.1502571105957
2015-12-09,20.5,77.5,31.821449279785156
2015-12-09,20.5,78.5,32.09098434448242
2015-12-09,20.5,79.5,30.92548179626465
2015-12-09,20.5,80.5,30.636817932128906
2015-12-09,21.5,74.5,32.728458404541016
2015-12-09,21.5,78.5,30.105785369873047
2015-12-09,21.5,79.5,30.08283042907715
2015-12-10,16.5,73.5,34.22824478149414
2015-12-10,17.5,73.5,32.110069274902344
2015-12-10,17.5,74.5,31.888036727905273
2015-12-10,17.5,75.5,33.26218032836914
2015-12-10,18.5,73.5,31.77112579345703
2015-12-10,18.5,74.5,31.610607147216797
2015-12-10,18.5,75.5,33.281646728515625
2015-12-10,18.5,76.5,33.602630615234375
2015-12-10,18.5,77.5,32.98926544189453
2015-12-10,19.5,73.5,32.0658073425293
2015-12-10,19.5,74.5,31.914358139038086
2015-12-10,19.5,75.5,32.92024612426758
2015-12-10,19.5,76.5,33.33473205566406
2015-12-10,19.5,77.5,32.96083450317383
2015-12-10,19.5,80.5,30.87677001953125
2015-12-10,20.5,73.5,32.07002258300781
2015-12-10,20.5,74.5,31.543846130371094
2015-12-10,20.5,75.5,33.01459503173828
2015-12-10,20.5,76.5,32.84184646606445
2015-12-10,20.5,77.5,32.274105072021484
2015-12-10,20.5,78.5,32.433589935302734
2015-12-10,20.5,79.5,31.29764175415039
2015-12-10,20.5,80.5,30.926544189453125
2015-12-10,21.5,74.5,32.082637786865234
2015-12-10,21.5,78.5,30.489147186279297
2015-12-10,21.5,79.5,30.267946243286133
2015-12-11,16.5,73.5,32.69648361206055
2015-12-11,17.5,73.5,31.14838981628418
2015-12-11,17.5,74.5,31.151752471923828
2015-12-11,17.5,75.5,32.42756652832031
2015-12-11,18.5,73.5,31.260831832885742
2015-12-11,18.5,74.5,31.285720825195312
2015-12-11,18.5,75.5,32.346961975097656
2015-12-11,18.5,76.5,32.94453811645508
2015-12-11,18.5,77.5,32.8882942199707
2015-12-11,19.5,73.5,31.561004638671875
2015-12-11,19.5,74.5,31.07693099975586
2015-12-11,19.5,75.5,31.770118713378906
2015-12-11,19.5,76.5,32.75410461425781
2015-12-11,19.5,77.5,32.97368240356445
2015-12-11,19.5,80.5,31.6473388671875
2015-12-11,20.5,73.5,30.98790168762207
2015-12-11,20.5,74.5,30.793914794921875
2015-12-11,20.5,75.5,31.681467056274414
2015-12-11,20.5,76.5,31.527801513671875
2015-12-11,20.5,77.5,31.83819007873535
2015-12-11,20.5,78.5,32.25285339355469
2015-12-11,20.5,79.5,31.578630447387695
2015-12-11,20.5,80.5,30.98531723022461
2015-12-11,21.5,74.5,30.42987823486328
2015-12-11,21.5,78.5,29.812164306640625
2015-12-11,21.5,79.5,29.843355178833008
2015-12-12,16.5,73.5,34.43801498413086
2015-12-12,17.5,73.5,32.53816223144531
2015-12-12,17.5,74.5,32.6197395324707
2015-12-12,17.5,75.5,34.26478576660156
2015-12-12,18.5,73.5,31.753652572631836
2015-12-12,18.5,74.5,32.15459060668945
2015-12-12,18.5,75.5,33.71257781982422
2015-12-12,18.5,76.5,34.06959533691406
2015-12-12,18.5,77.5,33.90056228637695
2015-12-12,19.5,73.5,32.07014846801758
2015-12-12,19.5,74.5,31.59010124206543
2015-12-12,19.5,75.5,32.73973846435547
2015-12-12,19.5,76.5,33.233787536621094
2015-12-12,19.5,77.5,32.89484786987305
2015-12-12,19.5,80.5,31.751724243164062
2015-12-12,20.5,73.5,31.121570587158203
2015-12-12,20.5,74.5,30.73810577392578
2015-12-12,20.5,75.5,31.308252334594727
2015-12-12,20.5,76.5,31.563674926757812
2015-12-12,20.5,77.5,31.481170654296875
2015-12-12,20.5,78.5,32.02337646484375
2015-12-12,20.5,79.5,30.72536849975586
2015-12-12,20.5,80.5,30.177318572998047
2015-12-12,21.5,74.5,29.5349178314209
2015-12-12,21.5,78.5,28.35026741027832
2015-12-12,21.5,79.5,28.578678131103516
2015-12-13,16.5,73.5,34.33200454711914
2015-12-13,17.5,73.5,32.470245361328125
2015-12-13,17.5,74.5,32.11280059814453
2015-12-13,17.5,75.5,34.30290985107422
2015-12-13,18.5,73.5,31.550155639648438
2015-12-13,18.5,74.5,31.750473022460938
2015-12-13,18.5,75.5,33.87339782714844
2015-12-13,18.5,76.5,34.69642639160156
2015-12-13,18.5,77.5,34.557247161865234
2015-12-13,19.5,73.5,31.201562881469727
2015-12-13,19.5,74.5,31.522754669189453
2015-12-13,19.5,75.5,32.6469612121582
2015-12-13,19.5,76.5,33.76177215576172
2015-12-13,19.5,77.5,34.219852447509766
2015-12-13,19.5,80.5,32.267112731933594
2015-12-13,20.5,73.5,31.24640464782715
2015-12-13,20.5,74.5,30.241518020629883
2015-12-13,20.5,75.5,31.932144165039062
2015-12-13,20.5,76.5,31.63048553466797
2015-12-13,20.5,77.5,32.37681198120117
2015-12-13,20.5,78.5,33.32707595825195
2015-12-13,20.5,79.5,31.8518123626709
2015-12-13,20.5,80.5,31.32333755493164
2015-12-13,21.5,74.5,29.62337303161621
2015-12-13,21.5,78.5,29.159879684448242
2015-12-13,21.5,79.5,29.03676986694336
2015-12-14,16.5,73.5,34.57844161987305
2015-12-14,17.5,73.5,32.763397216796875
2015-12-14,17.5,74.5,32.338356018066406
2015-12-14,17.5,75.5,34.322044372558594
2015-12-14,18.5,73.5,31.975616455078125
2015-12-14,18.5,74.5,32.06209945678711
2015-12-14,18.5,75.5,34.441917419433594
2015-12-14,18.5,76.5,34.59547424316406
2015-12-14,18.5,77.5,34.431663513183594
2015-12-14,19.5,73.5,31.59779930114746
2015-12-14,19.5,74.5,31.536401748657227
2015-12-14,19.5,75.5,32.39667510986328
2015-12-14,19.5,76.5,33.44997787475586
2015-12-14,19.5,77.5,33.43430709838867
2015-12-14,19.5,80.5,31.339519500732422
2015-12-14,20.5,73.5,31.2507381439209
2015-12-14,20.5,74.5,30.080768585205078
2015-12-14,20.5,75.5,31.4107723236084
2015-12-14,20.5,76.5,30.772933959960938
2015-12-14,20.5,77.5,31.030452728271484
2015-12-14,20.5,78.5,30.821794509887695
2015-12-14,20.5,79.5,30.031089782714844
2015-12-14,20.5,80.5,29.87569236755371
2015-12-14,21.5,74.5,29.05243492126465
2015-12-14,21.5,78.5,27.22799301147461
2015-12-14,21.5,79.5,26.961429595947266
2015-12-15,16.5,73.5,34.811309814453125
2015-12-15,17.5,73.5,33.12531661987305
2015-12-15,17.5,74.5,32.719154357910156
2015-12-15,17.5,75.5,34.74634552001953
2015-12-15,18.5,73.5,31.951581954956055
2015-12-15,18.5,74.5,32.16434860229492
2015-12-15,18.5,75.5,33.842979431152344
2015-12-15,18.5,76.5,33.81874084472656
2015-12-15,18.5,77.5,33.982147216796875
2015-12-15,19.5,73.5,31.447418212890625
2015-12-15,19.5,74.5,30.79790687561035
2015-12-15,19.5,75.5,31.393293380737305
2015-12-15,19.5,76.5,32.148170471191406
2015-12-15,19.5,77.5,32.23335647583008
2015-12-15,19.5,80.5,30.911800384521484
2015-12-15,20.5,73.5,30.542146682739258
2015-12-15,20.5,74.5,29.502822875976562
2015-12-15,20.5,75.5,29.902828216552734
2015-12-15,20.5,76.5,29.172910690307617
2015-12-15,20.5,77.5,29.890817642211914
2015-12-15,20.5,78.5,30.29327964782715
2015-12-15,20.5,79.5,29.842845916748047
2015-12-15,20.5,80.5,28.507516860961914
2015-12-15,21.5,74.5,28.53546142578125
2015-12-15,21.5,78.5,26.162242889404297
2015-12-15,21.5,79.5,25.843351364135742
2015-12-16,16.5,73.5,33.89188003540039
2015-12-16,17.5,73.5,32.217010498046875
2015-12-16,17.5,74.5,31.962060928344727
2015-12-16,17.5,75.5,34.164451599121094
2015-12-16,18.5,73.5,31.446224212646484
2015-12-16,18.5,74.5,31.646242141723633
2015-12-16,18.5,75.5,34.15032958984375
2015-12-16,18.5,76.5,34.612274169921875
2015-12-16,18.5,77.5,34.74522018432617
2015-12-16,19.5,73.5,31.333419799804688
2015-12-16,19.5,74.5,31.466629028320312
2015-12-16,19.5,75.5,32.64925765991211
2015-12-16,19.5,76.5,33.84717559814453
2015-12-16,19.5,77.5,33.53310775756836
2015-12-16,19.5,80.5,31.848594665527344
2015-12-16,20.5,73.5,31.538686752319336
2015-12-16,20.5,74.5,30.34815216064453
2015-12-16,20.5,75.5,32.018802642822266
2015-12-16,20.5,76.5,31.633922576904297
2015-12-16,20.5,77.5,31.719173431396484
2015-12-16,20.5,78.5,32.28435516357422
2015-12-16,20.5,79.5,30.690622329711914
2015-12-16,20.5,80.5,29.879928588867188
2015-12-16,21.5,74.5,30.23354148864746
2015-12-16,21.5,78.5,28.108156204223633
2015-12-16,21.5,79.5,27.686418533325195
2015-12-17,16.5,73.5,33.56865692138672
2015-12-17,17.5,73.5,31.636245727539062
2015-12-17,17.5,74.5,31.338645935058594
2015-12-17,17.5,75.5,33.75455856323242
2015-12-17,18.5,73.5,30.94024085998535
2015-12-17,18.5,74.5,31.067007064819336
2015-12-17,18.5,75.5,33.68138885498047
2015-12-17,18.5,76.5,33.8508415222168
2015-12-17,18.5,77.5,33.67242431640625
2015-12-17,19.5,73.5,30.984272003173828
2015-12-17,19.5,74.5,31.056209564208984
2015-12-17,19.5,75.5,32.12862014770508
2015-12-17,19.5,76.5,32.96919631958008
2015-12-17,19.5,77.5,33.15091323852539
2015-12-17,19.5,80.5,31.32726287841797
2015-12-17,20.5,73.5,30.810705184936523
2015-12-17,20.5,74.5,29.885417938232422
2015-12-17,20.5,75.5,31.26125717163086
2015-12-17,20.5,76.5,30.873687744140625
2015-12-17,20.5,77.5,31.28607749938965
2015-12-17,20.5,78.5,31.69973373413086
2015-12-17,20.5,79.5,30.35040283203125
2015-12-17,20.5,80.5,30.220067977905273
2015-12-17,21.5,74.5,29.699087142944336
2015-12-17,21.5,78.5,28.01812744140625
2015-12-17,21.5,79.5,27.21837043762207
2015-12-18,16.5,73.5,33.381813049316406
2015-12-18,17.5,73.5,31.80132293701172
2015-12-18,17.5,74.5,31.512218475341797
2015-12-18,17.5,75.5,33.3282470703125
2015-12-18,18.5,73.5,30.570539474487305
2015-12-18,18.5,74.5,30.736635208129883
2015-12-18,18.5,75.5,33.016021728515625
2015-12-18,18.5,76.5,33.15302276611328
2015-12-18,18.5,77.5,32.42597198486328
2015-12-18,19.5,73.5,30.47085952758789
2015-12-18,19.5,74.5,30.280960083007812
2015-12-18,19.5,75.5,30.401424407958984
2015-12-18,19.5,76.5,31.446685791015625
2015-12-18,19.5,77.5,31.454090118408203
2015-12-18,19.5,80.5,29.646425247192383
2015-12-18,20.5,73.5,30.393503189086914
2015-12-18,20.5,74.5,29.289506912231445
2015-12-18,20.5,75.5,29.103567123413086
2015-12-18,20.5,76.5,28.653549194335938
2015-12-18,20.5,77.5,28.80060386657715
2015-12-18,20.5,78.5,28.605567932128906
2015-12-18,20.5,79.5,28.00439453125
2015-12-18,20.5,80.5,28.092912673950195
2015-12-18,21.5,74.5,28.593461990356445
2015-12-18,21.5,78.5,25.45801544189453
2015-12-18,21.5,79.5,25.017118453979492
2015-12-19,16.5,73.5,33.81687545776367
2015-12-19,17.5,73.5,32.381656646728516
2015-12-19,17.5,74.5,32.326656341552734
2015-12-19,17.5,75.5,33.25325012207031
2015-12-19,18.5,73.5,31.94239044189453
2015-12-19,18.5,74.5,31.583084106445312
2015-12-19,18.5,75.5,32.74623489379883
2015-12-19,18.5,76.5,32.49516296386719
2015-12-19,18.5,77.5,32.169883728027344
2015-12-19,19.5,73.5,32.036380767822266
2015-12-19,19.5,74.5,31.64783477783203
2015-12-19,19.5,75.5,31.38844108581543
2015-12-19,19.5,76.5,31.553028106689453
2015-12-19,19.5,77.5,31.09921646118164
2015-12-19,19.5,80.5,28.99920654296875
2015-12-19,20.5,73.5,31.75733184814453
2015-12-19,20.5,74.5,30.658422470092773
2015-12-19,20.5,75.5,30.676959991455078
2015-12-19,20.5,76.5,30.18273162841797
2015-12-19,20.5,77.5,29.276039123535156
2015-12-19,20.5,78.5,29.626495361328125
2015-12-19,20.5,79.5,28.296566009521484
2015-12-19,20.5,80.5,28.056549072265625
2015-12-19,21.5,74.5,29.952518463134766
2015-12-19,21.5,78.5,26.216041564941406
2015-12-19,21.5,79.5,25.852703094482422
2015-12-20,16.5,73.5,33.51594924926758
2015-12-20,17.5,73.5,31.69058609008789
2015-12-20,17.5,74.5,31.455533981323242
2015-12-20,17.5,75.5,33.61924743652344
2015-12-20,18.5,73.5,30.997671127319336
2015-12-20,18.5,74.5,31.148351669311523
2015-12-20,18.5,75.5,33.30274963378906
2015-12-20,18.5,76.5,33.55590057373047
2015-12-20,18.5,77.5,33.376312255859375
2015-12-20,19.5,73.5,30.9696102142334
2015-12-20,19.5,74.5,30.934795379638672
2015-12-20,19.5,75.5,31.9864444732666
2015-12-20,19.5,76.5,32.77255630493164
2015-12-20,19.5,77.5,32.34065628051758
2015-12-20,19.5,80.5,30.06472396850586
2015-12-20,20.5,73.5,30.699262619018555
2015-12-20,20.5,74.5,30.202646255493164
2015-12-20,20.5,75.5,31.589008331298828
2015-12-20,20.5,76.5,31.33447265625
2015-12-20,20.5,77.5,31.123699188232422
2015-12-20,20.5,78.5,31.231569290161133
2015-12-20,20.5,79.5,30.28844451904297
2015-12-20,20.5,80.5,29.383419036865234
2015-12-20,21.5,74.5,30.357131958007812
2015-12-20,21.5,78.5,28.670686721801758
2015-12-20,21.5,79.5,28.29588508605957
2015-12-21,16.5,73.5,33.28624725341797
2015-12-21,17.5,73.5,31.495586395263672
2015-12-21,17.5,74.5,31.19760513305664
2015-12-21,17.5,75.5,33.209449768066406
2015-12-21,18.5,73.5,30.724197387695312
2015-12-21,18.5,74.5,30.75847625732422
2015-12-21,18.5,75.5,32.891971588134766
2015-12-21,18.5,76.5,33.18739318847656
2015-12-21,18.5,77.5,32.963863372802734
2015-12-21,19.5,73.5,30.605758666992188
2015-12-21,19.5,74.5,30.437732696533203
2015-12-21,19.5,75.5,30.866615295410156
2015-12-21,19.5,76.5,32.15559005737305
2015-12-21,19.5,77.5,32.41297149658203
2015-12-21,19.5,80.5,30.580612182617188
2015-12-21,20.5,73.5,30.428159713745117
2015-12-21,20.5,74.5,29.47441291809082
2015-12-21,20.5,75.5,30.164928436279297
2015-12-21,20.5,76.5,29.887462615966797
2015-12-21,20.5,77.5,30.342132568359375
2015-12-21,20.5,78.5,30.857696533203125
2015-12-21,20.5,79.5,29.727783203125
2015-12-21,20.5,80.5,29.3234920501709
2015-12-21,21.5,74.5,28.763233184814453
2015-12-21,21.5,78.5,27.350189208984375
2015-12-21,21.5,79.5,27.588497161865234
2015-12-22,16.5,73.5,32.791839599609375
2015-12-22,17.5,73.5,30.66168212890625
2015-12-22,17.5,74.5,30.3793888092041
2015-12-22,17.5,75.5,32.76121139526367
2015-12-22,18.5,73.5,29.597415924072266
2015-12-22,18.5,74.5,29.71347427368164
2015-12-22,18.5,75.5,32.343448638916016
2015-12-22,18.5,76.5,33.122886657714844
2015-12-22,18.5,77.5,33.63119125366211
2015-12-22,19.5,73.5,29.38678550720215
2015-12-22,19.5,74.5,29.37004280090332
2015-12-22,19.5,75.5,30.08110237121582
2015-12-22,19.5,76.5,31.89791488647461
2015-12-22,19.5,77.5,32.561561584472656
2015-12-22,19.5,80.5,30.939308166503906
2015-12-22,20.5,73.5,29.20198631286621
2015-12-22,20.5,74.5,28.192779541015625
2015-12-22,20.5,75.5,29.614580154418945
2015-12-22,20.5,76.5,29.461776733398438
2015-12-22,20.5,77.5,30.40546989440918
2015-12-22,20.5,78.5,31.2235050201416
2015-12-22,20.5,79.5,30.600095748901367
2015-12-22,20.5,80.5,30.075597763061523
2015-12-22,21.5,74.5,27.775978088378906
2015-12-22,21.5,78.5,27.498897552490234
2015-12-22,21.5,79.5,27.898746490478516
2015-12-23,16.5,73.5,32.90126037597656
2015-12-23,17.5,73.5,30.698562622070312
2015-12-23,17.5,74.5,30.601064682006836
2015-12-23,17.5,75.5,32.94343566894531
2015-12-23,18.5,73.5,29.196317672729492
2015-12-23,18.5,74.5,29.608978271484375
2015-12-23,18.5,75.5,32.13616180419922
2015-12-23,18.5,76.5,32.102657318115234
2015-12-23,18.5,77.5,32.66273498535156
2015-12-23,19.5,73.5,29.008827209472656
2015-12-23,19.5,74.5,28.749174118041992
2015-12-23,19.5,75.5,29.268444061279297
2015-12-23,19.5,76.5,30.53305435180664
2015-12-23,19.5,77.5,31.286901473999023
2015-12-23,19.5,80.5,29.93872833251953
2015-12-23,20.5,73.5,28.41922378540039
2015-12-23,20.5,74.5,27.566457748413086
2015-12-23,20.5,75.5,28.223384857177734
2015-12-23,20.5,76.5,27.697010040283203
2015-12-23,20.5,77.5,28.782461166381836
2015-12-23,20.5,78.5,29.885414123535156
2015-12-23,20.5,79.5,29.257083892822266
2015-12-23,20.5,80.5,28.739774703979492
2015-12-23,21.5,74.5,26.91383934020996
2015-12-23,21.5,78.5,25.877851486206055
2015-12-23,21.5,79.5,26.067272186279297
2015-12-24,16.5,73.5,31.849952697753906
2015-12-24,17.5,73.5,29.867691040039062
2015-12-24,17.5,74.5,29.66190528869629
2015-12-24,17.5,75.5,31.34160804748535
2015-12-24,18.5,73.5,29.200042724609375
2015-12-24,18.5,74.5,28.78533935546875
2015-12-24,18.5,75.5,29.951515197753906
2015-12-24,18.5,76.5,30.184118270874023
2015-12-24,18.5,77.5,30.673019409179688
2015-12-24,19.5,73.5,29.067949295043945
2015-12-24,19.5,74.5,28.36400032043457
2015-12-24,19.5,75.5,27.828153610229492
2015-12-24,19.5,76.5,28.47739028930664
2015-12-24,19.5,77.5,28.420473098754883
2015-12-24,19.5,80.5,28.2650089263916
2015-12-24,20.5,73.5,28.409666061401367
2015-12-24,20.5,74.5,27.43227767944336
2015-12-24,20.5,75.5,26.57367515563965
2015-12-24,20.5,76.5,26.266538619995117
2015-12-24,20.5,77.5,26.519500732421875
2015-12-24,20.5,78.5,27.202861785888672
2015-12-24,20.5,79.5,26.602115631103516
2015-12-24,20.5,80.5,26.813251495361328
2015-12-24,21.5,74.5,26.242874145507812
2015-12-24,21.5,78.5,23.87319564819336
2015-12-24,21.5,79.5,24.10361099243164
2015-12-25,16.5,73.5,32.48081970214844
2015-12-25,17.5,73.5,30.656116485595703
2015-12-25,17.5,74.5,30.073177337646484
2015-12-25,17.5,75.5,29.953006744384766
2015-12-25,18.5,73.5,29.43407440185547
2015-12-25,18.5,74.5,29.078702926635742
2015-12-25,18.5,75.5,28.042469024658203
2015-12-25,18.5,76.5,28.31500244140625
2015-12-25,18.5,77.5,28.14374351501465
2015-12-25,19.5,73.5,29.26589584350586
2015-12-25,19.5,74.5,27.79435157775879
2015-12-25,19.5,75.5,26.2031307220459
2015-12-25,19.5,76.5,26.604267120361328
2015-12-25,19.5,77.5,26.2562313079834
2015-12-25,19.5,80.5,25.801490783691406
2015-12-25,20.5,73.5,27.72513771057129
2015-12-25,20.5,74.5,26.543720245361328
2015-12-25,20.5,75.5,24.937395095825195
2015-12-25,20.5,76.5,24.69588279724121
2015-12-25,20.5,77.5,24.60832977294922
2015-12-25,20.5,78.5,24.59192657470703
2015-12-25,20.5,79.5,23.90178680419922
2015-12-25,20.5,80.5,24.698780059814453
2015-12-25,21.5,74.5,25.333797454833984
2015-12-25,21.5,78.5,21.79538345336914
2015-12-25,21.5,79.5,21.974159240722656
2015-12-26,16.5,73.5,31.46959114074707
2015-12-26,17.5,73.5,29.940462112426758
2015-12-26,17.5,74.5,29.553707122802734
2015-12-26,17.5,75.5,29.79601287841797
2015-12-26,18.5,73.5,29.46109390258789
2015-12-26,18.5,74.5,28.749967575073242
2015-12-26,18.5,75.5,28.520402908325195
2015-12-26,18.5,76.5,29.495044708251953
2015-12-26,18.5,77.5,29.113378524780273
2015-12-26,19.5,73.5,29.739578247070312
2015-12-26,19.5,74.5,28.578794479370117
2015-12-26,19.5,75.5,27.656394958496094
2015-12-26,19.5,76.5,27.77199935913086
2015-12-26,19.5,77.5,28.08860969543457
2015-12-26,19.5,80.5,27.517013549804688
2015-12-26,20.5,73.5,28.752748489379883
2015-12-26,20.5,74.5,27.831703186035156
2015-12-26,20.5,75.5,26.378854751586914
2015-12-26,20.5,76.5,26.766647338867188
2015-12-26,20.5,77.5,26.463409423828125
2015-12-26,20.5,78.5,26.73883628845215
2015-12-26,20.5,79.5,26.403345108032227
2015-12-26,20.5,80.5,26.076860427856445
2015-12-26,21.5,74.5,27.122520446777344
2015-12-26,21.5,78.5,24.556537628173828
2015-12-26,21.5,79.5,24.616552352905273
2015-12-27,16.5,73.5,32.040618896484375
2015-12-27,17.5,73.5,30.899003982543945
2015-12-27,17.5,74.5,30.479963302612305
2015-12-27,17.5,75.5,30.53639030456543
2015-12-27,18.5,73.5,30.873905181884766
2015-12-27,18.5,74.5,30.26340103149414
2015-12-27,18.5,75.5,30.029218673706055
2015-12-27,18.5,76.5,30.577205657958984
2015-12-27,18.5,77.5,30.03066062927246
2015-12-27,19.5,73.5,31.588504791259766
2015-12-27,19.5,74.5,30.348270416259766
2015-12-27,19.5,75.5,29.830902099609375
2015-12-27,19.5,76.5,30.267385482788086
2015-12-27,19.5,77.5,30.09446907043457
2015-12-27,19.5,80.5,28.580141067504883
2015-12-27,20.5,73.5,31.515132904052734
2015-12-27,20.5,74.5,30.587745666503906
2015-12-27,20.5,75.5,29.642641067504883
2015-12-27,20.5,76.5,29.722585678100586
2015-12-27,20.5,77.5,29.70585823059082
2015-12-27,20.5,78.5,29.369876861572266
2015-12-27,20.5,79.5,28.83591079711914
2015-12-27,20.5,80.5,28.457805633544922
2015-12-27,21.5,74.5,30.02323341369629
2015-12-27,21.5,78.5,27.72083854675293
2015-12-27,21.5,79.5,27.929672241210938
2015-12-28,16.5,73.5,33.4797248840332
2015-12-28,17.5,73.5,32.422325134277344
2015-12-28,17.5,74.5,32.18558120727539
2015-12-28,17.5,75.5,32.504432678222656
2015-12-28,18.5,73.5,32.21879577636719
2015-12-28,18.5,74.5,32.20246505737305
2015-12-28,18.5,75.5,32.70227813720703
2015-12-28,18.5,76.5,33.369140625
2015-12-28,18.5,77.5,32.414608001708984
2015-12-28,19.5,73.5,32.96105194091797
2015-12-28,19.5,74.5,32.260433197021484
2015-12-28,19.5,75.5,32.5124626159668
2015-12-28,19.5,76.5,33.149940490722656
2015-12-28,19.5,77.5,32.74060821533203
2015-12-28,19.5,80.5,30.668704986572266
2015-12-28,20.5,73.5,33.459407806396484
2015-12-28,20.5,74.5,32.555397033691406
2015-12-28,20.5,75.5,32.310707092285156
2015-12-28,20.5,76.5,32.36760711669922
2015-12-28,20.5,77.5,32.140785217285156
2015-12-28,20.5,78.5,31.585416793823242
2015-12-28,20.5,79.5,30.58425521850586
2015-12-28,20.5,80.5,30.25938606262207
2015-12-28,21.5,74.5,32.637027740478516
2015-12-28,21.5,78.5,29.389022827148438
2015-12-28,21.5,79.5,29.638137817382812
2015-12-29,16.5,73.5,34.448097229003906
2015-12-29,17.5,73.5,33.25
2015-12-29,17.5,74.5,32.95537185668945
2015-12-29,17.5,75.5,33.86442565917969
2015-12-29,18.5,73.5,33.602783203125
2015-12-29,18.5,74.5,32.93811798095703
2015-12-29,18.5,75.5,33.634254455566406
2015-12-29,18.5,76.5,34.163761138916016
2015-12-29,18.5,77.5,33.5516357421875
2015-12-29,19.5,73.5,34.57098388671875
2015-12-29,19.5,74.5,33.69688415527344
2015-12-29,19.5,75.5,33.61381149291992
2015-12-29,19.5,76.5,34.16488265991211
2015-12-29,19.5,77.5,33.8709716796875
2015-12-29,19.5,80.5,31.7622013092041
2015-12-29,20.5,73.5,35.169952392578125
2015-12-29,20.5,74.5,34.26803970336914
2015-12-29,20.5,75.5,33.651065826416016
2015-12-29,20.5,76.5,33.68513870239258
2015-12-29,20.5,77.5,33.57352066040039
2015-12-29,20.5,78.5,32.859947204589844
2015-12-29,20.5,79.5,31.70681381225586
2015-12-29,20.5,80.5,31.04351234436035
2015-12-29,21.5,74.5,33.89909362792969
2015-12-29,21.5,78.5,31.012065887451172
2015-12-29,21.5,79.5,30.777454376220703
2015-12-30,16.5,73.5,34.64579772949219
2015-12-30,17.5,73.5,33.29187774658203
2015-12-30,17.5,74.5,33.0272216796875
2015-12-30,17.5,75.5,34.21466827392578
2015-12-30,18.5,73.5,32.96525192260742
2015-12-30,18.5,74.5,32.8588981628418
2015-12-30,18.5,75.5,33.922359466552734
2015-12-30,18.5,76.5,34.475830078125
2015-12-30,18.5,77.5,34.096771240234375
2015-12-30,19.5,73.5,33.664913177490234
2015-12-30,19.5,74.5,32.62066650390625
2015-12-30,19.5,75.5,33.65130615234375
2015-12-30,19.5,76.5,34.17424392700195
2015-12-30,19.5,77.5,33.9307975769043
2015-12-30,19.5,80.5,32.155426025390625
2015-12-30,20.5,73.5,34.15998840332031
2015-12-30,20.5,74.5,33.50489807128906
2015-12-30,20.5,75.5,33.66928482055664
2015-12-30,20.5,76.5,33.723121643066406
2015-12-30,20.5,77.5,33.51664733886719
2015-12-30,20.5,78.5,32.9596061706543
2015-12-30,20.5,79.5,32.042362213134766
2015-12-30,20.5,80.5,31.61948585510254
2015-12-30,21.5,74.5,34.4532585144043
2015-12-30,21.5,78.5,30.987266540527344
2015-12-30,21.5,79.5,30.791263580322266
2015-12-31,16.5,73.5,34.48632049560547
2015-12-31,17.5,73.5,33.33338165283203
2015-12-31,17.5,74.5,33.277957916259766
2015-12-31,17.5,75.5,34.16913986206055
2015-12-31,18.5,73.5,33.28272247314453
2015-12-31,18.5,74.5,33.12799072265625
2015-12-31,18.5,75.5,33.817359924316406
2015-12-31,18.5,76.5,34.632362365722656
2015-12-31,18.5,77.5,34.223777770996094
2015-12-31,19.5,73.5,33.96995544433594
2015-12-31,19.5,74.5,33.384857177734375
2015-12-31,19.5,75.5,34.39529037475586
2015-12-31,19.5,76.5,34.647220611572266
2015-12-31,19.5,77.5,34.411094665527344
2015-12-31,19.5,80.5,32.59334945678711
2015-12-31,20.5,73.5,34.33038330078125
2015-12-31,20.5,74.5,33.9832649230957
2015-12-31,20.5,75.5,34.25411605834961
2015-12-31,20.5,76.5,34.51185989379883
2015-12-31,20.5,77.5,34.53237533569336
2015-12-31,20.5,78.5,34.28217697143555
2015-12-31,20.5,79.5,32.9997673034668
2015-12-31,20.5,80.5,32.950775146484375
2015-12-31,21.5,74.5,34.36138153076172
2015-12-31,21.5,78.5,32.38860321044922
2015-12-31,21.5,79.5,32.10205078125
